task,cell,variant,fold_id,outer_split_seed,inner_cv_seed_requested,inner_cv_seed_used,inner_cv_seed_search_attempts,solver,chemical_offset_frozen,chemical_offset_coefficient,stage2_model_spec,stage2_scaling_order,stage2_scaler_fit_matrix,stage2_scaler_fit_rows,stage2_scaler_apply_rows,stage2_scaler_n_genes,stage2_scaler_zero_sd_genes,intercept_penalized,calibration_intercept_fixed_for_beta,calibration_intercept_frozen,use_sample_weight,stage2_likelihood,null_intercept,bio_intercept,beta_l2_norm,alpha_star_outer,alpha_min_loss,alpha_boundary_hit,beta_saturated_no_bio_signal,saturation_start_alpha,n_outer_train,n_outer_test,auprc_stage1_raw,auprc_chem,auprc_bio,delta_auprc,auroc_stage1_raw,auroc_chem,auroc_bio,delta_auroc,log_loss_stage1_raw,log_loss_chem,log_loss_bio,delta_log_loss,final_success,final_retry_used,final_n_iterations,final_n_function_evaluations,final_gradient_inf_norm,final_objective,final_elapsed_seconds,repeat_id,outer_fold_id,outer_seed_requested,outer_split_signature
NR-AR,MCF7,standardized,0,2042,42,42,1,lbfgs,True,1.0,frozen_offset_fixed_calibration_intercept_ridge_biology_v3,raw_then_fit_gene_mean_sd_on_training_matrix,raw_outer_training,1005,254,978,0,False,True,True,False,unweighted_publication_primary,-1.8894495120608756,-1.8894495120608756,3.1435715003737105e-09,100000000.0,3.162277660168379,True,True,100.0,1005,254,0.4292996650227042,0.4292996650227042,0.4292996650227042,0.0,0.7613636363636364,0.7613636363636364,0.7613636363636364,0.0,0.35763289279176713,0.15734898841937542,0.15734898854840007,1.2902465207353941e-10,True,False,1,3,8.898315036198756e-10,0.1977167870943822,0.023468925966881216,0,0,2042,60157bed0c1acf31820f05b9c2deeb01eecffe4321fcff8b559ff9e44a1915f0
NR-AR,MCF7,standardized,1,2042,42,42,1,lbfgs,True,1.0,frozen_offset_fixed_calibration_intercept_ridge_biology_v3,raw_then_fit_gene_mean_sd_on_training_matrix,raw_outer_training,877,382,978,0,False,True,True,False,unweighted_publication_primary,-1.9698666382490362,-1.9698666382490362,3.1461860797928117e-09,100000000.0,10.0,True,True,3162.277660168379,877,382,0.44862523495121803,0.44862523495121803,0.44862523495121803,0.0,0.6931818181818182,0.6931818181818182,0.6931818181818182,0.0,0.3386598366757283,0.1816805742291852,0.18168057411895927,-1.1022593948695203e-10,True,False,1,3,1.142099598921975e-09,0.19289876404431858,0.019986382918432355,0,1,2042,60157bed0c1acf31820f05b9c2deeb01eecffe4321fcff8b559ff9e44a1915f0
NR-AR,MCF7,standardized,2,2042,42,42,1,lbfgs,True,1.0,frozen_offset_fixed_calibration_intercept_ridge_biology_v3,raw_then_fit_gene_mean_sd_on_training_matrix,raw_outer_training,991,268,978,0,False,True,True,False,unweighted_publication_primary,-2.022497529032635,-2.022497529032635,2.3364187907858434e-09,100000000.0,10.0,True,True,31.622776601683796,991,268,0.7064458941092506,0.7064458941092506,0.7064458941092506,0.0,0.8229598893499308,0.8229598893499308,0.8229598893499308,0.0,0.3988778646429977,0.22803206700740064,0.22803206652663435,-4.807662878913987e-10,True,False,1,3,8.219219853333737e-10,0.17925818822646947,0.03184434596914798,0,2,2042,60157bed0c1acf31820f05b9c2deeb01eecffe4321fcff8b559ff9e44a1915f0
NR-AR,MCF7,standardized,3,2042,42,42,1,lbfgs,True,1.0,frozen_offset_fixed_calibration_intercept_ridge_biology_v3,raw_then_fit_gene_mean_sd_on_training_matrix,raw_outer_training,1027,232,978,0,False,True,True,False,unweighted_publication_primary,-1.8556473833830605,-1.8556473833830605,2.4419425092557696e-09,100000000.0,100000000.0,True,False,,1027,232,0.32476438561874216,0.32476438561874216,0.32476438561874216,0.0,0.8036036036036036,0.8036036036036036,0.8036036036036036,0.0,0.38285693974035795,0.15588177968310515,0.15588177928531316,-3.9779199378919827e-10,True,False,1,3,6.061140946783672e-10,0.19736213650435067,0.038969976012595,0,3,2042,60157bed0c1acf31820f05b9c2deeb01eecffe4321fcff8b559ff9e44a1915f0
NR-AR,MCF7,standardized,4,2042,42,42,1,lbfgs,True,1.0,frozen_offset_fixed_calibration_intercept_ridge_biology_v3,raw_then_fit_gene_mean_sd_on_training_matrix,raw_outer_training,1136,123,978,0,False,True,True,False,unweighted_publication_primary,-2.0044401615742116,-2.0044401615742116,2.853257620552632e-09,100000000.0,3.162277660168379,True,True,1000.0,1136,123,0.4503886109095748,0.4503886109095748,0.4503886109095748,0.0,0.6574675324675324,0.6574675324675324,0.6574675324675324,0.0,0.38915427025431404,0.2705762042197247,0.27057620443453945,2.1481472156636983e-10,True,False,1,3,8.630764714023798e-10,0.1808030958361188,0.04503447096794844,0,4,2042,60157bed0c1acf31820f05b9c2deeb01eecffe4321fcff8b559ff9e44a1915f0
NR-AR,MCF7,standardized,0,3042,42,42,1,lbfgs,True,1.0,frozen_offset_fixed_calibration_intercept_ridge_biology_v3,raw_then_fit_gene_mean_sd_on_training_matrix,raw_outer_training,1019,240,978,0,False,True,True,False,unweighted_publication_primary,-2.05729688840992,-2.05729688840992,3.217809871020663e-09,100000000.0,3.162277660168379,True,True,316.2277660168379,1019,240,0.7251841244227799,0.7251841244227799,0.7251841244227799,0.0,0.8126511627906977,0.8126511627906977,0.8126511627906977,0.0,0.3808333594683207,0.23570112072207833,0.23570112094795634,2.2587801074003266e-10,True,False,1,3,8.690502172059578e-10,0.1790119580531818,0.021814772044308484,1,0,3042,54ab3dfaa24c942fc71293f7708090957f7df16c18549c7a129593651561f116
NR-AR,MCF7,standardized,1,3042,42,42,1,lbfgs,True,1.0,frozen_offset_fixed_calibration_intercept_ridge_biology_v3,raw_then_fit_gene_mean_sd_on_training_matrix,raw_outer_training,1017,242,978,0,False,True,True,False,unweighted_publication_primary,-1.8193280907570366,-1.8193280907570366,3.160945152727095e-09,100000000.0,3.162277660168379,True,True,316.2277660168379,1017,242,0.4610069537019665,0.4610069537019665,0.4610069537019665,0.0,0.6981837606837606,0.6981837606837606,0.6981837606837606,0.0,0.3726251410207526,0.13378483460838872,0.1337848347772183,1.6882958919772761e-10,True,False,1,3,1.0643406295196556e-09,0.20331788552601834,0.05131732299923897,1,1,3042,54ab3dfaa24c942fc71293f7708090957f7df16c18549c7a129593651561f116
NR-AR,MCF7,standardized,2,3042,42,42,1,lbfgs,True,1.0,frozen_offset_fixed_calibration_intercept_ridge_biology_v3,raw_then_fit_gene_mean_sd_on_training_matrix,raw_outer_training,992,267,978,0,False,True,True,False,unweighted_publication_primary,-1.9133211721698133,-1.9133211721698133,2.39771815485801e-09,100000000.0,1.0,True,True,316.2277660168379,992,267,0.15929548540504107,0.15929548540504107,0.15929548540504107,0.0,0.6303921568627451,0.6303921568627451,0.6303921568627451,0.0,0.35649236198879786,0.17715838550689542,0.1771583850737817,-4.33113711562072e-10,True,False,1,3,4.94544767984384e-10,0.19283533940126132,0.03308638499584049,1,2,3042,54ab3dfaa24c942fc71293f7708090957f7df16c18549c7a129593651561f116
NR-AR,MCF7,standardized,3,3042,42,42,1,lbfgs,True,1.0,frozen_offset_fixed_calibration_intercept_ridge_biology_v3,raw_then_fit_gene_mean_sd_on_training_matrix,raw_outer_training,877,382,978,0,False,True,True,False,unweighted_publication_primary,-2.1096482417910813,-2.1096482417910813,2.086804420584779e-09,100000000.0,100000000.0,True,False,,877,382,0.5522319869904004,0.5522319869904004,0.5522319869904004,0.0,0.8192237561865069,0.8192237561865069,0.8192237561865069,0.0,0.3616038756772016,0.22867027457373676,0.22867027427373332,-3.00003438757912e-10,True,False,1,3,2.6016511427834343e-10,0.1734492636660222,0.03015580796636641,1,3,3042,54ab3dfaa24c942fc71293f7708090957f7df16c18549c7a129593651561f116
NR-AR,MCF7,standardized,4,3042,42,42,1,lbfgs,True,1.0,frozen_offset_fixed_calibration_intercept_ridge_biology_v3,raw_then_fit_gene_mean_sd_on_training_matrix,raw_outer_training,1131,128,978,0,False,True,True,False,unweighted_publication_primary,-1.8874817459643183,-1.8874817459643183,2.877716369318399e-09,100000000.0,3.162277660168379,True,True,100.0,1131,128,0.15022966414288486,0.15022966414288486,0.15022966414288486,0.0,0.4576612903225806,0.4576612903225806,0.4576612903225806,0.0,0.3820580766053513,0.14555643572569354,0.14555643586563075,1.3993720071603377e-10,True,False,1,3,8.490184180698357e-10,0.1945615491939433,0.031659384025260806,1,4,3042,54ab3dfaa24c942fc71293f7708090957f7df16c18549c7a129593651561f116
NR-AR,MCF7,standardized,0,4042,42,42,1,lbfgs,True,1.0,frozen_offset_fixed_calibration_intercept_ridge_biology_v3,raw_then_fit_gene_mean_sd_on_training_matrix,raw_outer_training,1013,246,978,0,False,True,True,False,unweighted_publication_primary,-2.0663579707032267,-2.0663579707032267,2.8327289564834334e-09,100000000.0,3.162277660168379,True,True,100.0,1013,246,0.6780834894054775,0.6780834894054775,0.6780834894054775,0.0,0.8461018095721292,0.8461018095721292,0.8461018095721292,0.0,0.40603716517452954,0.25482215929968455,0.2548221592414573,-5.822725634985204e-11,True,False,1,3,6.480064870112434e-10,0.17410327861377378,0.03355491696856916,2,0,4042,ffec446099f9143da8b0b1452e4b71b774243f4e26685293fe86eb7f902e243a
NR-AR,MCF7,standardized,1,4042,42,42,1,lbfgs,True,1.0,frozen_offset_fixed_calibration_intercept_ridge_biology_v3,raw_then_fit_gene_mean_sd_on_training_matrix,raw_outer_training,1017,242,978,0,False,True,True,False,unweighted_publication_primary,-1.8936929592646752,-1.8936929592646752,3.224245039951421e-09,100000000.0,10.0,True,True,31.622776601683796,1017,242,0.44369903653415144,0.44369903653415144,0.44369903653415144,0.0,0.7131340275445079,0.7131340275445079,0.7131340275445079,0.0,0.38433571203536343,0.17349642632818882,0.1734964265817861,2.5359728206275634e-10,True,False,1,3,1.0775294129183877e-09,0.1933814316226772,0.024089514976367354,2,1,4042,ffec446099f9143da8b0b1452e4b71b774243f4e26685293fe86eb7f902e243a
NR-AR,MCF7,standardized,2,4042,42,42,1,lbfgs,True,1.0,frozen_offset_fixed_calibration_intercept_ridge_biology_v3,raw_then_fit_gene_mean_sd_on_training_matrix,raw_outer_training,880,379,978,0,False,True,True,False,unweighted_publication_primary,-1.9263816291376905,-1.9263816291376905,2.359985447389746e-09,100000000.0,100000000.0,True,False,,880,379,0.41413225672191656,0.41413225672191656,0.41413225672191656,0.0,0.6838254855014632,0.6838254855014632,0.6838254855014632,0.0,0.34798923973034734,0.17801878258330606,0.17801878224729645,-3.3600960902546717e-10,True,False,1,3,4.668995433332324e-10,0.19443162806184952,0.02398930792696774,2,2,4042,ffec446099f9143da8b0b1452e4b71b774243f4e26685293fe86eb7f902e243a
NR-AR,MCF7,standardized,3,4042,42,42,1,lbfgs,True,1.0,frozen_offset_fixed_calibration_intercept_ridge_biology_v3,raw_then_fit_gene_mean_sd_on_training_matrix,raw_outer_training,997,262,978,0,False,True,True,False,unweighted_publication_primary,-1.9396036236694418,-1.9396036236694418,2.5538509452812954e-09,100000000.0,1.0,True,True,100.0,997,262,0.555787218429505,0.555787218429505,0.555787218429505,0.0,0.7862348178137653,0.7862348178137653,0.7862348178137653,0.0,0.3427075962753977,0.16876297498867512,0.16876297457945347,-4.092216565609874e-10,True,False,1,3,5.468614207304601e-10,0.1949251239259408,0.02038178197108209,2,3,4042,ffec446099f9143da8b0b1452e4b71b774243f4e26685293fe86eb7f902e243a
NR-AR,MCF7,standardized,4,4042,42,42,1,lbfgs,True,1.0,frozen_offset_fixed_calibration_intercept_ridge_biology_v3,raw_then_fit_gene_mean_sd_on_training_matrix,raw_outer_training,1129,130,978,0,False,True,True,False,unweighted_publication_primary,-1.9202841931525114,-1.9202841931525114,2.8484099340030128e-09,100000000.0,3.162277660168379,True,True,316.2277660168379,1129,130,0.15296046003232935,0.15296046003232935,0.15296046003232935,0.0,0.5470430107526882,0.5470430107526882,0.5470430107526882,0.0,0.37863975643966197,0.1793726007403237,0.1793726008846963,1.443725972105625e-10,True,False,1,3,7.695251172390449e-10,0.19066486693454457,0.04779004701413214,2,4,4042,ffec446099f9143da8b0b1452e4b71b774243f4e26685293fe86eb7f902e243a
NR-AR,MCF7,standardized,0,5042,42,42,1,lbfgs,True,1.0,frozen_offset_fixed_calibration_intercept_ridge_biology_v3,raw_then_fit_gene_mean_sd_on_training_matrix,raw_outer_training,1026,233,978,0,False,True,True,False,unweighted_publication_primary,-2.0636780961606505,-2.0636780961606505,2.495285198107002e-09,100000000.0,3.162277660168379,True,True,100.0,1026,233,0.639499973105884,0.639499973105884,0.639499973105884,0.0,0.7928628389154705,0.7928628389154705,0.7928628389154705,0.0,0.3826217718810001,0.24941041899058197,0.24941041851664433,-4.739376391338368e-10,True,False,1,3,6.24088242889842e-10,0.17633388421461402,0.03814046399202198,3,0,5042,77c166cb8dbeb65d0ca07f343ba170cb44e4b8961b4726d39e849eae097de7e8
NR-AR,MCF7,standardized,1,5042,42,42,1,lbfgs,True,1.0,frozen_offset_fixed_calibration_intercept_ridge_biology_v3,raw_then_fit_gene_mean_sd_on_training_matrix,raw_outer_training,837,422,978,0,False,True,True,False,unweighted_publication_primary,-1.8504344745474322,-1.8504344745474322,3.0494084827786614e-09,100000000.0,3.162277660168379,True,True,100.0,837,422,0.19475035101442578,0.19475035101442578,0.19475035101442578,0.0,0.6945126945126946,0.6945126945126946,0.6945126945126946,0.0,0.3234890508077564,0.14570577020841374,0.14570576995183773,-2.5657601043782563e-10,True,False,1,3,6.628466369534847e-10,0.21195182649665256,0.020240881014615297,3,1,5042,77c166cb8dbeb65d0ca07f343ba170cb44e4b8961b4726d39e849eae097de7e8
NR-AR,MCF7,standardized,2,5042,42,42,1,lbfgs,True,1.0,frozen_offset_fixed_calibration_intercept_ridge_biology_v3,raw_then_fit_gene_mean_sd_on_training_matrix,raw_outer_training,1037,222,978,0,False,True,True,False,unweighted_publication_primary,-2.0654124766823374,-2.0654124766823374,3.1363111216630598e-09,100000000.0,3.162277660168379,True,True,316.2277660168379,1037,222,0.7111914122543539,0.7111914122543539,0.7111914122543539,0.0,0.8061868686868686,0.8061868686868686,0.8061868686868686,0.0,0.3801351101432098,0.24459145702739615,0.2445914572949594,2.6756324933430164e-10,True,False,1,3,9.93377380353877e-10,0.17815416264473177,0.048202277976088226,3,2,5042,77c166cb8dbeb65d0ca07f343ba170cb44e4b8961b4726d39e849eae097de7e8
NR-AR,MCF7,standardized,3,5042,42,42,1,lbfgs,True,1.0,frozen_offset_fixed_calibration_intercept_ridge_biology_v3,raw_then_fit_gene_mean_sd_on_training_matrix,raw_outer_training,1003,256,978,0,False,True,True,False,unweighted_publication_primary,-1.9039709651254455,-1.9039709651254455,2.9511557759545316e-09,100000000.0,10.0,True,True,316.2277660168379,1003,256,0.34660205621587276,0.34660205621587276,0.34660205621587276,0.0,0.6951590594744121,0.6951590594744121,0.6951590594744121,0.0,0.3961516864377018,0.1926097377810651,0.1926097377483359,-3.272920823249592e-11,True,False,1,3,8.221977092215393e-10,0.1887451791538935,0.024249196983873844,3,3,5042,77c166cb8dbeb65d0ca07f343ba170cb44e4b8961b4726d39e849eae097de7e8
NR-AR,MCF7,standardized,4,5042,42,42,1,lbfgs,True,1.0,frozen_offset_fixed_calibration_intercept_ridge_biology_v3,raw_then_fit_gene_mean_sd_on_training_matrix,raw_outer_training,1133,126,978,0,False,True,True,False,unweighted_publication_primary,-1.8673952848670843,-1.8673952848670843,2.3364445484890397e-09,100000000.0,3.162277660168379,True,True,100.0,1133,126,0.3542419190515884,0.3542419190515884,0.3542419190515884,0.0,0.6352459016393442,0.6352459016393442,0.6352459016393442,0.0,0.4152919594889969,0.1444299955889924,0.14442999496036496,-6.286274278899384e-10,True,False,1,3,4.778131089573645e-10,0.1946899689244901,0.05378715298138559,3,4,5042,77c166cb8dbeb65d0ca07f343ba170cb44e4b8961b4726d39e849eae097de7e8
NR-AR,MCF7,standardized,0,6042,42,42,1,lbfgs,True,1.0,frozen_offset_fixed_calibration_intercept_ridge_biology_v3,raw_then_fit_gene_mean_sd_on_training_matrix,raw_outer_training,1034,225,978,0,False,True,True,False,unweighted_publication_primary,-1.9330336280857359,-1.9330336280857359,3.325402936611702e-09,100000000.0,1.0,True,True,1000.0,1034,225,0.2618005606521455,0.2618005606521455,0.2618005606521455,0.0,0.735123367198839,0.735123367198839,0.735123367198839,0.0,0.3840531350965526,0.19927556483562733,0.19927556539050847,5.548811410349686e-10,True,False,1,3,1.182020169243625e-09,0.18735394709703376,0.03270040906500071,4,0,6042,91487b4d5c26e392605f25fcea5cf5d553252d916c5d71a303595ad5c9702bce
NR-AR,MCF7,standardized,1,6042,42,42,1,lbfgs,True,1.0,frozen_offset_fixed_calibration_intercept_ridge_biology_v3,raw_then_fit_gene_mean_sd_on_training_matrix,raw_outer_training,874,385,978,0,False,True,True,False,unweighted_publication_primary,-2.086050418110638,-2.086050418110638,2.3325890040599176e-09,100000000.0,100000000.0,True,False,,874,385,0.6764486035209413,0.6764486035209413,0.6764486035209413,0.0,0.8175800234623765,0.8175800234623765,0.8175800234623765,0.0,0.3558352058331675,0.2103990572219174,0.21039905690329613,-3.1862126825821235e-10,True,False,1,3,9.116111997220511e-10,0.1810329441870681,0.020995658007450402,4,1,6042,91487b4d5c26e392605f25fcea5cf5d553252d916c5d71a303595ad5c9702bce
NR-AR,MCF7,standardized,2,6042,42,42,1,lbfgs,True,1.0,frozen_offset_fixed_calibration_intercept_ridge_biology_v3,raw_then_fit_gene_mean_sd_on_training_matrix,raw_outer_training,986,273,978,0,False,True,True,False,unweighted_publication_primary,-1.8552185593303963,-1.8552185593303963,3.0374293249972535e-09,100000000.0,31.622776601683796,True,True,100.0,986,273,0.3251054322918734,0.3251054322918734,0.3251054322918734,0.0,0.7177522349936143,0.7177522349936143,0.7177522349936143,0.0,0.3706873941950992,0.15701121952644306,0.1570112195019125,-2.4530572018122143e-11,True,False,1,3,8.532387088533433e-10,0.19877718960948235,0.016529143089428544,4,2,6042,91487b4d5c26e392605f25fcea5cf5d553252d916c5d71a303595ad5c9702bce
NR-AR,MCF7,standardized,3,6042,42,42,1,lbfgs,True,1.0,frozen_offset_fixed_calibration_intercept_ridge_biology_v3,raw_then_fit_gene_mean_sd_on_training_matrix,raw_outer_training,1018,241,978,0,False,True,True,False,unweighted_publication_primary,-2.0072597642243593,-2.0072597642243593,2.277369187922008e-09,100000000.0,10.0,True,True,31.622776601683796,1018,241,0.5276788885494835,0.5276788885494835,0.5276788885494835,0.0,0.7055306427503737,0.7055306427503737,0.7055306427503737,0.0,0.36317468107646145,0.21708174834092514,0.21708174786201134,-4.789137975080848e-10,True,False,1,3,9.446080306840798e-10,0.18307287749114415,0.037210247945040464,4,3,6042,91487b4d5c26e392605f25fcea5cf5d553252d916c5d71a303595ad5c9702bce
NR-AR,MCF7,standardized,4,6042,42,42,1,lbfgs,True,1.0,frozen_offset_fixed_calibration_intercept_ridge_biology_v3,raw_then_fit_gene_mean_sd_on_training_matrix,raw_outer_training,1124,135,978,0,False,True,True,False,unweighted_publication_primary,-1.8884240759774489,-1.8884240759774489,2.8889768074756252e-09,100000000.0,100.0,True,True,316.2277660168379,1124,135,0.43791208791208797,0.43791208791208797,0.43791208791208797,0.0,0.6861538461538462,0.6861538461538462,0.6861538461538462,0.0,0.38269332568459996,0.14570249764267815,0.14570249778751101,1.4483286792099648e-10,True,False,1,3,7.994733451643921e-10,0.19484562053316398,0.04018097696825862,4,4,6042,91487b4d5c26e392605f25fcea5cf5d553252d916c5d71a303595ad5c9702bce
NR-AR,MCF7,standardized,0,7042,42,42,1,lbfgs,True,1.0,frozen_offset_fixed_calibration_intercept_ridge_biology_v3,raw_then_fit_gene_mean_sd_on_training_matrix,raw_outer_training,893,366,978,0,False,True,True,False,unweighted_publication_primary,-2.033995945565254,-2.033995945565254,3.158024718301251e-09,100000000.0,10.0,True,True,100.0,893,366,0.5297897739771557,0.5297897739771557,0.5297897739771557,0.0,0.7440045248868778,0.7440045248868778,0.7440045248868778,0.0,0.3392404264424775,0.19831063001744195,0.1983106298404024,-1.7703954968695257e-10,True,False,1,3,1.3008134014391715e-09,0.18615999758721127,0.05253805802203715,5,0,7042,3640d2b50f5c13c783bde32eb1662aa0251be32099520085cb381066901a4e8a
NR-AR,MCF7,standardized,1,7042,42,42,1,lbfgs,True,1.0,frozen_offset_fixed_calibration_intercept_ridge_biology_v3,raw_then_fit_gene_mean_sd_on_training_matrix,raw_outer_training,967,292,978,0,False,True,True,False,unweighted_publication_primary,-1.9237583942417598,-1.9237583942417598,3.1645121330754687e-09,100000000.0,1.0,True,True,316.2277660168379,967,292,0.18220605596776263,0.18220605596776263,0.18220605596776263,0.0,0.6324728260869565,0.6324728260869565,0.6324728260869565,0.0,0.3818988213972433,0.201187599745432,0.20118759976665412,2.1222135160314792e-11,True,False,1,3,7.637589319667293e-10,0.1859629734282557,0.023792166961356997,5,1,7042,3640d2b50f5c13c783bde32eb1662aa0251be32099520085cb381066901a4e8a
NR-AR,MCF7,standardized,2,7042,42,42,1,lbfgs,True,1.0,frozen_offset_fixed_calibration_intercept_ridge_biology_v3,raw_then_fit_gene_mean_sd_on_training_matrix,raw_outer_training,1038,221,978,0,False,True,True,False,unweighted_publication_primary,-1.866334250341313,-1.866334250341313,3.123980549073816e-09,100000000.0,10.0,True,True,316.2277660168379,1038,221,0.49642583721302574,0.49642583721302574,0.49642583721302574,0.0,0.6957345971563982,0.6957345971563982,0.6957345971563982,0.0,0.3863942551938439,0.15747922182031354,0.15747922200538314,1.8506959853503702e-10,True,False,1,3,9.145950594091623e-10,0.19651755215604616,0.018486873945221305,5,2,7042,3640d2b50f5c13c783bde32eb1662aa0251be32099520085cb381066901a4e8a
NR-AR,MCF7,standardized,3,7042,42,42,1,lbfgs,True,1.0,frozen_offset_fixed_calibration_intercept_ridge_biology_v3,raw_then_fit_gene_mean_sd_on_training_matrix,raw_outer_training,1017,242,978,0,False,True,True,False,unweighted_publication_primary,-1.9511435331359441,-1.9511435331359441,2.135718560746261e-09,100000000.0,3.162277660168379,True,True,31.622776601683796,1017,242,0.7517828660592947,0.7517828660592947,0.7517828660592947,0.0,0.9151785714285715,0.9151785714285715,0.9151785714285715,0.0,0.3561836443451483,0.17050824011486682,0.17050824017644375,6.157693799302422e-11,True,False,1,3,5.144018266900474e-10,0.1939945200670672,0.030271076946519315,5,3,7042,3640d2b50f5c13c783bde32eb1662aa0251be32099520085cb381066901a4e8a
NR-AR,MCF7,standardized,4,7042,42,42,1,lbfgs,True,1.0,frozen_offset_fixed_calibration_intercept_ridge_biology_v3,raw_then_fit_gene_mean_sd_on_training_matrix,raw_outer_training,1121,138,978,0,False,True,True,False,unweighted_publication_primary,-1.968456049308178,-1.968456049308178,2.6424086000948563e-09,100000000.0,3.162277660168379,True,True,316.2277660168379,1121,138,0.4966904809646745,0.4966904809646745,0.4966904809646745,0.0,0.7916666666666666,0.7916666666666666,0.7916666666666666,0.0,0.4096292834007023,0.23272186204604375,0.23272186182401017,-2.220335859615119e-10,True,False,1,3,6.246300256543269e-10,0.18417154639591632,0.03906790807377547,5,4,7042,3640d2b50f5c13c783bde32eb1662aa0251be32099520085cb381066901a4e8a
NR-AR,MCF7,standardized,0,8042,42,42,1,lbfgs,True,1.0,frozen_offset_fixed_calibration_intercept_ridge_biology_v3,raw_then_fit_gene_mean_sd_on_training_matrix,raw_outer_training,884,375,978,0,False,True,True,False,unweighted_publication_primary,-1.9128445024199687,-1.9128445024199687,3.1883356739896924e-09,100000000.0,1.0,True,True,100.0,884,375,0.2137882558192298,0.2137882558192298,0.2137882558192298,0.0,0.5396825396825397,0.5396825396825397,0.5396825396825397,0.0,0.35606460606251844,0.18319431902897831,0.18319431894651703,-8.24612877980968e-11,True,False,1,3,8.733695676388376e-10,0.19219142945057818,0.03225287306122482,6,0,8042,eec804f97f27712e3f340f457c394a19c1b509549c86c5c2e24adb76c48b3e8d
NR-AR,MCF7,standardized,1,8042,42,42,1,lbfgs,True,1.0,frozen_offset_fixed_calibration_intercept_ridge_biology_v3,raw_then_fit_gene_mean_sd_on_training_matrix,raw_outer_training,1007,252,978,0,False,True,True,False,unweighted_publication_primary,-1.9378933964004967,-1.9378933964004967,3.1235387765669884e-09,100000000.0,10.0,True,True,31.622776601683796,1007,252,0.711436305882973,0.711436305882973,0.711436305882973,0.0,0.8727445394112061,0.8727445394112061,0.8727445394112061,0.0,0.3653742528072825,0.17440283224153322,0.17440283229008138,4.854816548771623e-11,True,False,1,3,7.593354695023535e-10,0.1932548837183622,0.033649737015366554,6,1,8042,eec804f97f27712e3f340f457c394a19c1b509549c86c5c2e24adb76c48b3e8d
NR-AR,MCF7,standardized,2,8042,42,42,1,lbfgs,True,1.0,frozen_offset_fixed_calibration_intercept_ridge_biology_v3,raw_then_fit_gene_mean_sd_on_training_matrix,raw_outer_training,982,277,978,0,False,True,True,False,unweighted_publication_primary,-1.9963600570123567,-1.9963600570123567,2.545745319744058e-09,100000000.0,100000000.0,True,False,,982,277,0.7514328580564489,0.7514328580564489,0.7514328580564489,0.0,0.8675579322638146,0.8675579322638146,0.8675579322638146,0.0,0.3379391605522643,0.17678448078321485,0.176784480295366,-4.878488446546925e-10,True,False,1,3,8.73215076635514e-10,0.19315006912788402,0.024378685979172587,6,2,8042,eec804f97f27712e3f340f457c394a19c1b509549c86c5c2e24adb76c48b3e8d
NR-AR,MCF7,standardized,3,8042,42,42,1,lbfgs,True,1.0,frozen_offset_fixed_calibration_intercept_ridge_biology_v3,raw_then_fit_gene_mean_sd_on_training_matrix,raw_outer_training,1027,232,978,0,False,True,True,False,unweighted_publication_primary,-1.8965850851272332,-1.8965850851272332,2.6495847501876336e-09,100000000.0,100000000.0,True,False,,1027,232,0.29218040220498953,0.29218040220498953,0.29218040220498953,0.0,0.6810677906568318,0.6810677906568318,0.6810677906568318,0.0,0.40519826348216,0.19493023165803014,0.1949302314007692,-2.572609347772925e-10,True,False,1,3,7.743604577004071e-10,0.18833538871583733,0.025539283058606088,6,3,8042,eec804f97f27712e3f340f457c394a19c1b509549c86c5c2e24adb76c48b3e8d
NR-AR,MCF7,standardized,4,8042,42,42,1,lbfgs,True,1.0,frozen_offset_fixed_calibration_intercept_ridge_biology_v3,raw_then_fit_gene_mean_sd_on_training_matrix,raw_outer_training,1136,123,978,0,False,True,True,False,unweighted_publication_primary,-1.986089747934525,-1.986089747934525,2.4466821609002577e-09,100000000.0,3.162277660168379,True,True,316.2277660168379,1136,123,0.43707408270210824,0.43707408270210824,0.43707408270210824,0.0,0.7451298701298701,0.7451298701298701,0.7451298701298701,0.0,0.41122912018606617,0.261891428567895,0.26189142828453166,-2.8336333279810333e-10,True,False,1,3,5.154464111935785e-10,0.1816881192639444,0.02671322098467499,6,4,8042,eec804f97f27712e3f340f457c394a19c1b509549c86c5c2e24adb76c48b3e8d
NR-AR,MCF7,standardized,0,9042,42,42,1,lbfgs,True,1.0,frozen_offset_fixed_calibration_intercept_ridge_biology_v3,raw_then_fit_gene_mean_sd_on_training_matrix,raw_outer_training,1023,236,978,0,False,True,True,False,unweighted_publication_primary,-1.9231682288163623,-1.9231682288163623,2.2948758414583462e-09,100000000.0,3.162277660168379,True,True,10.0,1023,236,0.5908467371466872,0.5908467371466872,0.5908467371466872,0.0,0.8314028314028314,0.8314028314028314,0.8314028314028314,0.0,0.36577331948318353,0.17122225495244078,0.17122225449470993,-4.577308532205393e-10,True,False,1,3,6.34685368497423e-10,0.1937101627666983,0.02864644897636026,7,0,9042,bb79e499cd4a2f5132f4d516ebaf832f8760ee2d58eb75f925aa373c5332898e
NR-AR,MCF7,standardized,1,9042,42,42,1,lbfgs,True,1.0,frozen_offset_fixed_calibration_intercept_ridge_biology_v3,raw_then_fit_gene_mean_sd_on_training_matrix,raw_outer_training,1014,245,978,0,False,True,True,False,unweighted_publication_primary,-1.9423378452065814,-1.9423378452065814,3.0267062272965547e-09,100000000.0,10.0,True,True,316.2277660168379,1014,245,0.7520241889157926,0.7520241889157926,0.7520241889157926,0.0,0.8751835535976505,0.8751835535976505,0.8751835535976505,0.0,0.36051851473048574,0.16899357287666095,0.16899357286752997,-9.130973754878369e-12,True,False,1,3,9.180590732071892e-10,0.1944297491388762,0.02835243591107428,7,1,9042,bb79e499cd4a2f5132f4d516ebaf832f8760ee2d58eb75f925aa373c5332898e
NR-AR,MCF7,standardized,2,9042,42,42,1,lbfgs,True,1.0,frozen_offset_fixed_calibration_intercept_ridge_biology_v3,raw_then_fit_gene_mean_sd_on_training_matrix,raw_outer_training,1027,232,978,0,False,True,True,False,unweighted_publication_primary,-2.044644743932813,-2.044644743932813,3.181748277723672e-09,100000000.0,100000000.0,True,False,,1027,232,0.4426414343842847,0.4426414343842847,0.4426414343842847,0.0,0.6799819453847891,0.6799819453847891,0.6799819453847891,0.0,0.3914763660631624,0.2567782497225371,0.25677824988742926,1.6489215548531888e-10,True,False,1,3,7.349373346227442e-10,0.17460387173502703,0.03318925597704947,7,2,9042,bb79e499cd4a2f5132f4d516ebaf832f8760ee2d58eb75f925aa373c5332898e
NR-AR,MCF7,standardized,3,9042,42,42,1,lbfgs,True,1.0,frozen_offset_fixed_calibration_intercept_ridge_biology_v3,raw_then_fit_gene_mean_sd_on_training_matrix,raw_outer_training,847,412,978,0,False,True,True,False,unweighted_publication_primary,-1.9411780436357655,-1.9411780436357655,2.4133525851901245e-09,100000000.0,10.0,True,True,31.622776601683796,847,412,0.3878391461525233,0.3878391461525233,0.3878391461525233,0.0,0.7059707903780069,0.7059707903780069,0.7059707903780069,0.0,0.35743645933134455,0.18892075716702733,0.18892075677042316,-3.966041661751518e-10,True,False,1,3,4.5111596229385764e-10,0.18975232832557237,0.04567119409330189,7,3,9042,bb79e499cd4a2f5132f4d516ebaf832f8760ee2d58eb75f925aa373c5332898e
NR-AR,MCF7,standardized,4,9042,42,42,1,lbfgs,True,1.0,frozen_offset_fixed_calibration_intercept_ridge_biology_v3,raw_then_fit_gene_mean_sd_on_training_matrix,raw_outer_training,1125,134,978,0,False,True,True,False,unweighted_publication_primary,-1.8906489856268742,-1.8906489856268742,2.7936329732842216e-09,100000000.0,1.0,True,True,316.2277660168379,1125,134,0.15978203083466241,0.15978203083466241,0.15978203083466241,0.0,0.6868217054263566,0.6868217054263566,0.6868217054263566,0.0,0.381037221540568,0.15066204774328726,0.15066204764973568,-9.355158314683365e-11,True,False,1,3,6.692412986633589e-10,0.1942029945630764,0.037864738958887756,7,4,9042,bb79e499cd4a2f5132f4d516ebaf832f8760ee2d58eb75f925aa373c5332898e
NR-AR,MCF7,standardized,0,10042,42,42,1,lbfgs,True,1.0,frozen_offset_fixed_calibration_intercept_ridge_biology_v3,raw_then_fit_gene_mean_sd_on_training_matrix,raw_outer_training,1046,213,978,0,False,True,True,False,unweighted_publication_primary,-2.0073985814726676,-2.0073985814726676,3.0169456965373747e-09,100000000.0,100000000.0,True,False,,1046,213,0.5480943509747139,0.5480943509747139,0.5480943509747139,0.0,0.774074074074074,0.774074074074074,0.774074074074074,0.0,0.38283864497341386,0.2318586857813529,0.23185868587165195,9.029904601831618e-11,True,False,1,3,1.1685261890048704e-09,0.18097474224612517,0.06010514497756958,8,0,10042,a20123de983f3307cda46cf3097a05ea99905677ba5c779a3ca53662e840ac9a
NR-AR,MCF7,standardized,1,10042,42,42,1,lbfgs,True,1.0,frozen_offset_fixed_calibration_intercept_ridge_biology_v3,raw_then_fit_gene_mean_sd_on_training_matrix,raw_outer_training,1032,227,978,0,False,True,True,False,unweighted_publication_primary,-2.051466148872403,-2.051466148872403,2.04434759802984e-09,100000000.0,31.622776601683796,True,True,1000.0,1032,227,0.7739341201589679,0.7739341201589679,0.7739341201589679,0.0,0.8600164203612479,0.8600164203612479,0.8600164203612479,0.0,0.3602090806813656,0.21828741195902823,0.21828741269990776,7.408795243968314e-10,True,False,1,3,7.729386887478373e-10,0.1835146259456798,0.061412300914525986,8,1,10042,a20123de983f3307cda46cf3097a05ea99905677ba5c779a3ca53662e840ac9a
NR-AR,MCF7,standardized,2,10042,42,42,1,lbfgs,True,1.0,frozen_offset_fixed_calibration_intercept_ridge_biology_v3,raw_then_fit_gene_mean_sd_on_training_matrix,raw_outer_training,990,269,978,0,False,True,True,False,unweighted_publication_primary,-1.9049182989519,-1.9049182989519,3.065681926634726e-09,100000000.0,10.0,True,True,100.0,990,269,0.43014147389975954,0.43014147389975954,0.43014147389975954,0.0,0.7784417884019478,0.7784417884019478,0.7784417884019478,0.0,0.4037472671725357,0.19543978486839692,0.19543978489933148,3.093456046876497e-11,True,False,1,3,9.467687363262645e-10,0.18792254809142678,0.027741595986299217,8,2,10042,a20123de983f3307cda46cf3097a05ea99905677ba5c779a3ca53662e840ac9a
NR-AR,MCF7,standardized,3,10042,42,42,1,lbfgs,True,1.0,frozen_offset_fixed_calibration_intercept_ridge_biology_v3,raw_then_fit_gene_mean_sd_on_training_matrix,raw_outer_training,838,421,978,0,False,True,True,False,unweighted_publication_primary,-1.8184621703571329,-1.8184621703571329,3.558535985482531e-09,100000000.0,1.0,True,True,316.2277660168379,838,421,0.07733138673936038,0.07733138673936038,0.07733138673936038,0.0,0.5440505440505441,0.5440505440505441,0.5440505440505441,0.0,0.33813513115133936,0.15000945811127167,0.1500094581095016,-1.7700840793111183e-12,True,False,1,3,1.4357737151970973e-09,0.2100292614976466,0.030913369031623006,8,3,10042,a20123de983f3307cda46cf3097a05ea99905677ba5c779a3ca53662e840ac9a
NR-AR,MCF7,standardized,4,10042,42,42,1,lbfgs,True,1.0,frozen_offset_fixed_calibration_intercept_ridge_biology_v3,raw_then_fit_gene_mean_sd_on_training_matrix,raw_outer_training,1130,129,978,0,False,True,True,False,unweighted_publication_primary,-1.9470004293051841,-1.9470004293051841,2.9094203645629657e-09,100000000.0,3.162277660168379,True,True,100.0,1130,129,0.41044421320645147,0.41044421320645147,0.41044421320645147,0.0,0.6776859504132232,0.6776859504132232,0.6776859504132232,0.0,0.383874942530783,0.2013260825014589,0.20132608273042693,2.2896803897332063e-10,True,False,1,3,6.27532849794242e-10,0.18812704299769525,0.04337894998025149,8,4,10042,a20123de983f3307cda46cf3097a05ea99905677ba5c779a3ca53662e840ac9a
NR-AR,MCF7,standardized,0,11042,42,42,1,lbfgs,True,1.0,frozen_offset_fixed_calibration_intercept_ridge_biology_v3,raw_then_fit_gene_mean_sd_on_training_matrix,raw_outer_training,896,363,978,0,False,True,True,False,unweighted_publication_primary,-2.019373487152659,-2.019373487152659,2.6264229841455204e-09,100000000.0,10.0,True,True,100.0,896,363,0.4854565763938569,0.4854565763938569,0.4854565763938569,0.0,0.7307692307692307,0.7307692307692307,0.7307692307692307,0.0,0.3438519897062998,0.1997053572913713,0.1997053568922002,-3.9917108507481203e-10,True,False,1,3,9.214393137391141e-10,0.1855449295641086,0.03593485103920102,9,0,11042,703b7e97b4d81c7021d7e2faba61c5f2bc5d78e1cf4846d6c27615578afd80dc
NR-AR,MCF7,standardized,1,11042,42,42,1,lbfgs,True,1.0,frozen_offset_fixed_calibration_intercept_ridge_biology_v3,raw_then_fit_gene_mean_sd_on_training_matrix,raw_outer_training,958,301,978,0,False,True,True,False,unweighted_publication_primary,-1.9302342227572935,-1.9302342227572935,3.056640642381133e-09,100000000.0,100.0,True,True,316.2277660168379,958,301,0.4481403048374272,0.4481403048374272,0.4481403048374272,0.0,0.7469204927211646,0.7469204927211646,0.7469204927211646,0.0,0.3767868595631866,0.1897012875203161,0.18970128751029025,-1.002584126830186e-11,True,False,1,3,7.74652113722657e-10,0.18941947704722167,0.039151126984506845,9,1,11042,703b7e97b4d81c7021d7e2faba61c5f2bc5d78e1cf4846d6c27615578afd80dc
NR-AR,MCF7,standardized,2,11042,42,42,1,lbfgs,True,1.0,frozen_offset_fixed_calibration_intercept_ridge_biology_v3,raw_then_fit_gene_mean_sd_on_training_matrix,raw_outer_training,1021,238,978,0,False,True,True,False,unweighted_publication_primary,-1.9600654487414118,-1.9600654487414118,2.673501503811333e-09,100000000.0,1.0,True,True,316.2277660168379,1021,238,0.23041800304069304,0.23041800304069304,0.23041800304069304,0.0,0.5970104633781763,0.5970104633781763,0.5970104633781763,0.0,0.3912218265256325,0.22029254004493726,0.22029253984579636,-1.9914089821604364e-10,True,False,1,3,9.842777530522095e-10,0.18230328574244423,0.043496222933754325,9,2,11042,703b7e97b4d81c7021d7e2faba61c5f2bc5d78e1cf4846d6c27615578afd80dc
NR-AR,MCF7,standardized,3,11042,42,42,1,lbfgs,True,1.0,frozen_offset_fixed_calibration_intercept_ridge_biology_v3,raw_then_fit_gene_mean_sd_on_training_matrix,raw_outer_training,1027,232,978,0,False,True,True,False,unweighted_publication_primary,-1.9839395934315884,-1.9839395934315884,2.6843748551192374e-09,100000000.0,10.0,True,True,31.622776601683796,1027,232,0.6881188084269867,0.6881188084269867,0.6881188084269867,0.0,0.9013766644098398,0.9013766644098398,0.9013766644098398,0.0,0.38309556977336723,0.2039681770413766,0.20396817669356088,-3.478157206693311e-10,True,False,1,3,4.884852205892798e-10,0.18625500300422798,0.05373845901340246,9,3,11042,703b7e97b4d81c7021d7e2faba61c5f2bc5d78e1cf4846d6c27615578afd80dc
NR-AR,MCF7,standardized,4,11042,42,42,1,lbfgs,True,1.0,frozen_offset_fixed_calibration_intercept_ridge_biology_v3,raw_then_fit_gene_mean_sd_on_training_matrix,raw_outer_training,1134,125,978,0,False,True,True,False,unweighted_publication_primary,-1.860253828694164,-1.860253828694164,2.7615904851072516e-09,100000000.0,100.0,True,True,316.2277660168379,1134,125,1.0,1.0,1.0,0.0,1.0,1.0,1.0,0.0,0.34859825177741094,0.08136727670779328,0.08136727661847497,-8.931831663172574e-11,True,False,1,3,7.170749289492351e-10,0.2016353389174906,0.03462017606943846,9,4,11042,703b7e97b4d81c7021d7e2faba61c5f2bc5d78e1cf4846d6c27615578afd80dc
NR-AR,MCF7,standardized,0,12042,42,42,1,lbfgs,True,1.0,frozen_offset_fixed_calibration_intercept_ridge_biology_v3,raw_then_fit_gene_mean_sd_on_training_matrix,raw_outer_training,871,388,978,0,False,True,True,False,unweighted_publication_primary,-1.986328552630728,-1.986328552630728,2.8450937189252452e-09,100000000.0,1.0,True,True,100.0,871,388,0.4843023430241265,0.4843023430241265,0.4843023430241265,0.0,0.7218444538886528,0.7218444538886528,0.7218444538886528,0.0,0.3629717682387771,0.20065610142561008,0.2006561011559103,-2.696997902784659e-10,True,False,1,3,7.236275849364926e-10,0.18456538535704164,0.03890467796009034,10,0,12042,efe24bba8ad45cd76131550c89d5299c6eed9583ed777a270e11628683051ce7
NR-AR,MCF7,standardized,1,12042,42,42,1,lbfgs,True,1.0,frozen_offset_fixed_calibration_intercept_ridge_biology_v3,raw_then_fit_gene_mean_sd_on_training_matrix,raw_outer_training,1029,230,978,0,False,True,True,False,unweighted_publication_primary,-1.8986449231928797,-1.8986449231928797,3.0105907486368724e-09,100000000.0,3.162277660168379,True,True,316.2277660168379,1029,230,0.2427125850340136,0.2427125850340136,0.2427125850340136,0.0,0.5873806558738066,0.5873806558738066,0.5873806558738066,0.0,0.37920256373916106,0.17878520324855401,0.17878520321961375,-2.8940266849630802e-11,True,False,1,3,8.414168251036358e-10,0.19194980798617595,0.023924757027998567,10,1,12042,efe24bba8ad45cd76131550c89d5299c6eed9583ed777a270e11628683051ce7
NR-AR,MCF7,standardized,2,12042,42,42,1,lbfgs,True,1.0,frozen_offset_fixed_calibration_intercept_ridge_biology_v3,raw_then_fit_gene_mean_sd_on_training_matrix,raw_outer_training,980,279,978,0,False,True,True,False,unweighted_publication_primary,-2.00380675480139,-2.00380675480139,3.1863945171293376e-09,100000000.0,3.162277660168379,True,True,316.2277660168379,980,279,0.7016479672034655,0.7016479672034655,0.7016479672034655,0.0,0.8537703804347826,0.8537703804347826,0.8537703804347826,0.0,0.35299642913392876,0.19369862571811997,0.19369862579622213,7.810216362535982e-11,True,False,1,3,8.232775927999314e-10,0.1883966525689982,0.02370715292636305,10,2,12042,efe24bba8ad45cd76131550c89d5299c6eed9583ed777a270e11628683051ce7
NR-AR,MCF7,standardized,3,12042,42,42,1,lbfgs,True,1.0,frozen_offset_fixed_calibration_intercept_ridge_biology_v3,raw_then_fit_gene_mean_sd_on_training_matrix,raw_outer_training,1016,243,978,0,False,True,True,False,unweighted_publication_primary,-1.899569957935697,-1.899569957935697,2.9838842309255327e-09,100000000.0,10.0,True,True,100.0,1016,243,0.5140115635937517,0.5140115635937517,0.5140115635937517,0.0,0.8388888888888889,0.8388888888888889,0.8388888888888889,0.0,0.3776607836285855,0.16482551168466492,0.16482551169875645,1.4091533495630415e-11,True,False,1,3,8.206240964536704e-10,0.19545390744995994,0.042597781983204186,10,3,12042,efe24bba8ad45cd76131550c89d5299c6eed9583ed777a270e11628683051ce7
NR-AR,MCF7,standardized,4,12042,42,42,1,lbfgs,True,1.0,frozen_offset_fixed_calibration_intercept_ridge_biology_v3,raw_then_fit_gene_mean_sd_on_training_matrix,raw_outer_training,1140,119,978,0,False,True,True,False,unweighted_publication_primary,-1.9538739732413244,-1.9538739732413244,2.2581076072784774e-09,100000000.0,31.622776601683796,True,True,100.0,1140,119,0.1356786040121617,0.1356786040121617,0.1356786040121617,0.0,0.6913265306122448,0.6913265306122448,0.6913265306122448,0.0,0.38224920569612747,0.21917277823098122,0.2191727786025864,3.716051910629403e-10,True,False,1,3,1.019828176768156e-09,0.18638162609249817,0.048738760058768094,10,4,12042,efe24bba8ad45cd76131550c89d5299c6eed9583ed777a270e11628683051ce7
NR-AR,MCF7,standardized,0,13042,42,42,1,lbfgs,True,1.0,frozen_offset_fixed_calibration_intercept_ridge_biology_v3,raw_then_fit_gene_mean_sd_on_training_matrix,raw_outer_training,1056,203,978,0,False,True,True,False,unweighted_publication_primary,-2.0494988281033777,-2.0494988281033777,2.2630239377624132e-09,100000000.0,31.622776601683796,True,True,100.0,1056,203,0.6332604106184382,0.6332604106184382,0.6332604106184382,0.0,0.8116169544740973,0.8116169544740973,0.8116169544740973,0.0,0.36288149101621014,0.23886726902466437,0.2388672684107275,-6.139368735613715e-10,True,False,1,3,4.552400800078571e-10,0.18033545113812538,0.025333561934530735,11,0,13042,9a76942cde6a45ea973806e22a6ebdb3c800215950b55f07362247084547a3e0
NR-AR,MCF7,standardized,1,13042,42,42,1,lbfgs,True,1.0,frozen_offset_fixed_calibration_intercept_ridge_biology_v3,raw_then_fit_gene_mean_sd_on_training_matrix,raw_outer_training,983,276,978,0,False,True,True,False,unweighted_publication_primary,-1.8470634977030982,-1.8470634977030982,2.940075163917435e-09,100000000.0,10.0,True,True,100.0,983,276,0.355495661976505,0.355495661976505,0.355495661976505,0.0,0.7651515151515151,0.7651515151515151,0.7651515151515151,0.0,0.37424999751597127,0.15595304547214156,0.15595304531551418,-1.5662737773425306e-10,True,False,1,3,8.543629978832734e-10,0.199260307569163,0.03302232699934393,11,1,13042,9a76942cde6a45ea973806e22a6ebdb3c800215950b55f07362247084547a3e0
NR-AR,MCF7,standardized,2,13042,42,42,1,lbfgs,True,1.0,frozen_offset_fixed_calibration_intercept_ridge_biology_v3,raw_then_fit_gene_mean_sd_on_training_matrix,raw_outer_training,1007,252,978,0,False,True,True,False,unweighted_publication_primary,-1.929299942487633,-1.929299942487633,3.2158485794060857e-09,100000000.0,3.162277660168379,True,True,316.2277660168379,1007,252,0.3362589186043393,0.3362589186043393,0.3362589186043393,0.0,0.6759493670886076,0.6759493670886076,0.6759493670886076,0.0,0.37994202304829744,0.1909598807774302,0.19095988096572292,1.8829271475340192e-10,True,False,1,3,7.591576551418955e-10,0.18911933611537332,0.03311678895261139,11,2,13042,9a76942cde6a45ea973806e22a6ebdb3c800215950b55f07362247084547a3e0
NR-AR,MCF7,standardized,3,13042,42,42,1,lbfgs,True,1.0,frozen_offset_fixed_calibration_intercept_ridge_biology_v3,raw_then_fit_gene_mean_sd_on_training_matrix,raw_outer_training,856,403,978,0,False,True,True,False,unweighted_publication_primary,-1.9770306914250777,-1.9770306914250777,3.0835983755114055e-09,100000000.0,3.162277660168379,True,True,100.0,856,403,0.5335574983826308,0.5335574983826308,0.5335574983826308,0.0,0.7738216690471332,0.7738216690471332,0.7738216690471332,0.0,0.3493647563422428,0.18578912455648508,0.18578912437989245,-1.765926294083897e-10,True,False,1,3,1.2986998559894047e-09,0.1912557038086941,0.018267482053488493,11,3,13042,9a76942cde6a45ea973806e22a6ebdb3c800215950b55f07362247084547a3e0
NR-AR,MCF7,standardized,4,13042,42,42,1,lbfgs,True,1.0,frozen_offset_fixed_calibration_intercept_ridge_biology_v3,raw_then_fit_gene_mean_sd_on_training_matrix,raw_outer_training,1134,125,978,0,False,True,True,False,unweighted_publication_primary,-1.9367905254123352,-1.9367905254123352,2.498153487619627e-09,100000000.0,1.0,True,True,100.0,1134,125,0.42711764705882355,0.42711764705882355,0.42711764705882355,0.0,0.6848290598290597,0.6848290598290597,0.6848290598290597,0.0,0.4023802940784846,0.2034023133492921,0.20340231313233026,-2.1696183738484365e-10,True,False,1,3,5.284977186784112e-10,0.18794762455926092,0.040723711950704455,11,4,13042,9a76942cde6a45ea973806e22a6ebdb3c800215950b55f07362247084547a3e0
NR-AR,MCF7,standardized,0,14042,42,42,1,lbfgs,True,1.0,frozen_offset_fixed_calibration_intercept_ridge_biology_v3,raw_then_fit_gene_mean_sd_on_training_matrix,raw_outer_training,1032,227,978,0,False,True,True,False,unweighted_publication_primary,-1.928925762593377,-1.928925762593377,2.9763786782094546e-09,100000000.0,31.622776601683796,True,True,100.0,1032,227,0.7502689268098198,0.7502689268098198,0.7502689268098198,0.0,0.8411949685534592,0.8411949685534592,0.8411949685534592,0.0,0.3474112303896518,0.1554803291355458,0.15548032908780576,-4.774003414809158e-11,True,False,1,3,7.035730327335787e-10,0.196968499049861,0.02263656898867339,12,0,14042,379da32fa6d70eeb943e7e17fefc4a9d9dfa235e9f7b3b44dff1010e768a2144
NR-AR,MCF7,standardized,1,14042,42,42,1,lbfgs,True,1.0,frozen_offset_fixed_calibration_intercept_ridge_biology_v3,raw_then_fit_gene_mean_sd_on_training_matrix,raw_outer_training,984,275,978,0,False,True,True,False,unweighted_publication_primary,-1.897734517739217,-1.897734517739217,2.9434807137253778e-09,100000000.0,3.162277660168379,True,True,316.2277660168379,984,275,0.22963035936001844,0.22963035936001844,0.22963035936001844,0.0,0.6192014092777453,0.6192014092777453,0.6192014092777453,0.0,0.3646282202391967,0.1746155449886026,0.17461554477719501,-2.114075858816733e-10,True,False,1,3,7.850525727539845e-10,0.19372039209451486,0.03983297001104802,12,1,14042,379da32fa6d70eeb943e7e17fefc4a9d9dfa235e9f7b3b44dff1010e768a2144
NR-AR,MCF7,standardized,2,14042,42,42,1,lbfgs,True,1.0,frozen_offset_fixed_calibration_intercept_ridge_biology_v3,raw_then_fit_gene_mean_sd_on_training_matrix,raw_outer_training,855,404,978,0,False,True,True,False,unweighted_publication_primary,-2.049995207932987,-2.049995207932987,2.3416800274989822e-09,100000000.0,100000000.0,True,False,,855,404,0.24682722097520943,0.24682722097520943,0.24682722097520943,0.0,0.6831264367816091,0.6831264367816091,0.6831264367816091,0.0,0.38015419543500006,0.23499297881064385,0.23499297843289393,-3.7774991468175756e-10,True,False,1,3,5.91963224966241e-10,0.16841011481883142,0.04584387596696615,12,2,14042,379da32fa6d70eeb943e7e17fefc4a9d9dfa235e9f7b3b44dff1010e768a2144
NR-AR,MCF7,standardized,3,14042,42,42,1,lbfgs,True,1.0,frozen_offset_fixed_calibration_intercept_ridge_biology_v3,raw_then_fit_gene_mean_sd_on_training_matrix,raw_outer_training,1025,234,978,0,False,True,True,False,unweighted_publication_primary,-2.0023632691742503,-2.0023632691742503,2.5178620646028208e-09,100000000.0,3.162277660168379,True,True,100.0,1025,234,0.6783880656140353,0.6783880656140353,0.6783880656140353,0.0,0.864279588336192,0.864279588336192,0.864279588336192,0.0,0.3895846004785267,0.21539349236619187,0.2153934919933948,-3.7279707099102666e-10,True,False,1,3,5.024772438411151e-10,0.18367106473147818,0.03595333395060152,12,3,14042,379da32fa6d70eeb943e7e17fefc4a9d9dfa235e9f7b3b44dff1010e768a2144
NR-AR,MCF7,standardized,4,14042,42,42,1,lbfgs,True,1.0,frozen_offset_fixed_calibration_intercept_ridge_biology_v3,raw_then_fit_gene_mean_sd_on_training_matrix,raw_outer_training,1140,119,978,0,False,True,True,False,unweighted_publication_primary,-1.8835864091609371,-1.8835864091609371,2.8980728886671874e-09,100000000.0,10.0,True,True,316.2277660168379,1140,119,0.7101449275362319,0.7101449275362319,0.7101449275362319,0.0,0.9425287356321839,0.9425287356321839,0.9425287356321839,0.0,0.33541734481225843,0.09390529672624406,0.09390529696144201,2.3519794445370223e-10,True,False,1,3,6.565713352369622e-10,0.1995815202355805,0.03183896001428366,12,4,14042,379da32fa6d70eeb943e7e17fefc4a9d9dfa235e9f7b3b44dff1010e768a2144
NR-AR,MCF7,standardized,0,15042,42,42,1,lbfgs,True,1.0,frozen_offset_fixed_calibration_intercept_ridge_biology_v3,raw_then_fit_gene_mean_sd_on_training_matrix,raw_outer_training,1004,255,978,0,False,True,True,False,unweighted_publication_primary,-2.0464594586224427,-2.0464594586224427,2.59367959819734e-09,100000000.0,3.162277660168379,True,True,100.0,1004,255,0.5126799546388638,0.5126799546388638,0.5126799546388638,0.0,0.7436868686868688,0.7436868686868688,0.7436868686868688,0.0,0.40327126691511495,0.25581945014262797,0.2558194497214406,-4.211873627646412e-10,True,False,1,3,6.78707437473669e-10,0.17297722680697236,0.026975654996931553,13,0,15042,edfc0c0734f7af8b6d5ee70c4fc503184dcd18661f28c2aadb6ebba6f2b3c0fe
NR-AR,MCF7,standardized,1,15042,42,42,1,lbfgs,True,1.0,frozen_offset_fixed_calibration_intercept_ridge_biology_v3,raw_then_fit_gene_mean_sd_on_training_matrix,raw_outer_training,1016,243,978,0,False,True,True,False,unweighted_publication_primary,-1.8435637055575471,-1.8435637055575471,3.306132571014978e-09,100000000.0,100.0,True,True,316.2277660168379,1016,243,0.20501127371356379,0.20501127371356379,0.20501127371356379,0.0,0.7106537530266344,0.7106537530266344,0.7106537530266344,0.0,0.34553885024381104,0.12890208918234808,0.1289020894507127,2.683646083134761e-10,True,False,1,3,8.312029970564128e-10,0.20434939363867977,0.05312850791960955,13,1,15042,edfc0c0734f7af8b6d5ee70c4fc503184dcd18661f28c2aadb6ebba6f2b3c0fe
NR-AR,MCF7,standardized,2,15042,42,42,1,lbfgs,True,1.0,frozen_offset_fixed_calibration_intercept_ridge_biology_v3,raw_then_fit_gene_mean_sd_on_training_matrix,raw_outer_training,894,365,978,0,False,True,True,False,unweighted_publication_primary,-1.9488080466650919,-1.9488080466650919,2.1765622771278023e-09,100000000.0,31.622776601683796,True,True,100.0,894,365,0.34138837121402965,0.34138837121402965,0.34138837121402965,0.0,0.7076596872515241,0.7076596872515241,0.7076596872515241,0.0,0.3653543440650427,0.1945574733186198,0.1945574730523759,-2.6624391580298834e-10,True,False,1,3,5.324534702033645e-10,0.1874064242570318,0.018202802049927413,13,2,15042,edfc0c0734f7af8b6d5ee70c4fc503184dcd18661f28c2aadb6ebba6f2b3c0fe
NR-AR,MCF7,standardized,3,15042,42,42,1,lbfgs,True,1.0,frozen_offset_fixed_calibration_intercept_ridge_biology_v3,raw_then_fit_gene_mean_sd_on_training_matrix,raw_outer_training,979,280,978,0,False,True,True,False,unweighted_publication_primary,-1.997238596451828,-1.997238596451828,2.91421315195806e-09,100000000.0,1.0,True,True,1000.0,979,280,0.7197727610359727,0.7197727610359727,0.7197727610359727,0.0,0.8382161458333333,0.8382161458333333,0.8382161458333333,0.0,0.3622291164836292,0.19287585583508587,0.19287585568656834,-1.4851753160627368e-10,True,False,1,3,7.532613630067964e-10,0.1886011553967059,0.04099354101344943,13,3,15042,edfc0c0734f7af8b6d5ee70c4fc503184dcd18661f28c2aadb6ebba6f2b3c0fe
NR-AR,MCF7,standardized,4,15042,42,42,1,lbfgs,True,1.0,frozen_offset_fixed_calibration_intercept_ridge_biology_v3,raw_then_fit_gene_mean_sd_on_training_matrix,raw_outer_training,1143,116,978,0,False,True,True,False,unweighted_publication_primary,-1.9186841167724804,-1.9186841167724804,2.7613095855556515e-09,100000000.0,3.162277660168379,True,True,316.2277660168379,1143,116,0.20467114584761642,0.20467114584761642,0.20467114584761642,0.0,0.6342342342342342,0.6342342342342342,0.6342342342342342,0.0,0.3639333059728186,0.15965458003226668,0.15965458001478583,-1.748085010078171e-11,True,False,1,3,6.326483905976996e-10,0.19253039890079124,0.03604553290642798,13,4,15042,edfc0c0734f7af8b6d5ee70c4fc503184dcd18661f28c2aadb6ebba6f2b3c0fe
NR-AR,MCF7,standardized,0,16042,42,42,1,lbfgs,True,1.0,frozen_offset_fixed_calibration_intercept_ridge_biology_v3,raw_then_fit_gene_mean_sd_on_training_matrix,raw_outer_training,1055,204,978,0,False,True,True,False,unweighted_publication_primary,-1.9998349361781067,-1.9998349361781067,2.916990626256897e-09,100000000.0,10.0,True,True,100.0,1055,204,0.7006776526806162,0.7006776526806162,0.7006776526806162,0.0,0.7817923186344239,0.7817923186344239,0.7817923186344239,0.0,0.3804333405423273,0.2166141382884963,0.2166141383660516,7.755529551900509e-11,True,False,1,3,6.7713289142457e-10,0.18432792668984727,0.01903621293604374,14,0,16042,a41f9315b133befd61f1b9e72f885e3abb9609d20138148729150a9e141240e5
NR-AR,MCF7,standardized,1,16042,42,42,1,lbfgs,True,1.0,frozen_offset_fixed_calibration_intercept_ridge_biology_v3,raw_then_fit_gene_mean_sd_on_training_matrix,raw_outer_training,990,269,978,0,False,True,True,False,unweighted_publication_primary,-1.8452239380719422,-1.8452239380719422,3.1989977403862103e-09,100000000.0,10.0,True,True,316.2277660168379,990,269,0.2042475061334625,0.2042475061334625,0.2042475061334625,0.0,0.6854700854700855,0.6854700854700855,0.6854700854700855,0.0,0.34712927293876394,0.13723937246910545,0.13723937254956492,8.04594724179708e-11,True,False,1,3,8.611484476894748e-10,0.20405274863283393,0.029910110984928906,14,1,16042,a41f9315b133befd61f1b9e72f885e3abb9609d20138148729150a9e141240e5
NR-AR,MCF7,standardized,2,16042,42,42,1,lbfgs,True,1.0,frozen_offset_fixed_calibration_intercept_ridge_biology_v3,raw_then_fit_gene_mean_sd_on_training_matrix,raw_outer_training,852,407,978,0,False,True,True,False,unweighted_publication_primary,-1.9351736929344223,-1.9351736929344223,3.2620975200298706e-09,100000000.0,10.0,True,True,1000.0,852,407,0.2960966132210819,0.2960966132210819,0.2960966132210819,0.0,0.6902173913043479,0.6902173913043479,0.6902173913043479,0.0,0.3690891002362805,0.1958375800110746,0.1958375799088461,-1.0222850344021595e-10,True,False,1,3,1.0304489449219911e-09,0.18644742332084252,0.031078291009180248,14,2,16042,a41f9315b133befd61f1b9e72f885e3abb9609d20138148729150a9e141240e5
NR-AR,MCF7,standardized,3,16042,42,42,1,lbfgs,True,1.0,frozen_offset_fixed_calibration_intercept_ridge_biology_v3,raw_then_fit_gene_mean_sd_on_training_matrix,raw_outer_training,996,263,978,0,False,True,True,False,unweighted_publication_primary,-2.0173260171034,-2.0173260171034,2.1369336507257897e-09,100000000.0,1.0,True,True,100.0,996,263,0.6206002240625943,0.6206002240625943,0.6206002240625943,0.0,0.8036959553695955,0.8036959553695955,0.8036959553695955,0.0,0.38789190723264333,0.22438358882518278,0.22438358924301488,4.178321022507703e-10,True,False,1,3,2.7533961222125924e-10,0.18043994543898534,0.041021393961273134,14,3,16042,a41f9315b133befd61f1b9e72f885e3abb9609d20138148729150a9e141240e5
NR-AR,MCF7,standardized,4,16042,42,42,1,lbfgs,True,1.0,frozen_offset_fixed_calibration_intercept_ridge_biology_v3,raw_then_fit_gene_mean_sd_on_training_matrix,raw_outer_training,1143,116,978,0,False,True,True,False,unweighted_publication_primary,-1.9436449960815847,-1.9436449960815847,2.935012672423898e-09,100000000.0,31.622776601683796,True,True,316.2277660168379,1143,116,0.5621621621621622,0.5621621621621622,0.5621621621621622,0.0,0.8230668414154652,0.8230668414154652,0.8230668414154652,0.0,0.34977460409560773,0.1716638561182885,0.17166385648543156,3.6714306594909374e-10,True,False,1,3,6.593261308012605e-10,0.19128772322154633,0.02438422606792301,14,4,16042,a41f9315b133befd61f1b9e72f885e3abb9609d20138148729150a9e141240e5
NR-AR,MCF7,standardized,0,17042,42,42,1,lbfgs,True,1.0,frozen_offset_fixed_calibration_intercept_ridge_biology_v3,raw_then_fit_gene_mean_sd_on_training_matrix,raw_outer_training,884,375,978,0,False,True,True,False,unweighted_publication_primary,-2.0275127539580655,-2.0275127539580655,2.368701119643047e-09,100000000.0,1.0,True,True,100.0,884,375,0.6176651657830162,0.6176651657830162,0.6176651657830162,0.0,0.8143268834911487,0.8143268834911487,0.8143268834911487,0.0,0.34645216926997946,0.19375944839255096,0.19375944822977942,-1.6277154624155799e-10,True,False,1,3,2.732853947480518e-10,0.18792418023197177,0.017938240082003176,15,0,17042,dc5191bfdb9d99b719558ec4277772330dcd21d0b20bfd223eb6781e90d14db9
NR-AR,MCF7,standardized,1,17042,42,42,1,lbfgs,True,1.0,frozen_offset_fixed_calibration_intercept_ridge_biology_v3,raw_then_fit_gene_mean_sd_on_training_matrix,raw_outer_training,1029,230,978,0,False,True,True,False,unweighted_publication_primary,-1.905454290009929,-1.905454290009929,3.104425820095581e-09,100000000.0,1.0,True,True,316.2277660168379,1029,230,0.5732427239296057,0.5732427239296057,0.5732427239296057,0.0,0.7674583481035094,0.7674583481035094,0.7674583481035094,0.0,0.37304006393971983,0.16975736881222891,0.1697573688891562,7.692729786512587e-11,True,False,1,3,7.784221908550826e-10,0.19394638303651607,0.02091499895323068,15,1,17042,dc5191bfdb9d99b719558ec4277772330dcd21d0b20bfd223eb6781e90d14db9
NR-AR,MCF7,standardized,2,17042,42,42,1,lbfgs,True,1.0,frozen_offset_fixed_calibration_intercept_ridge_biology_v3,raw_then_fit_gene_mean_sd_on_training_matrix,raw_outer_training,970,289,978,0,False,True,True,False,unweighted_publication_primary,-1.8590279367216525,-1.8590279367216525,3.0134580327888913e-09,100000000.0,31.622776601683796,True,True,100.0,970,289,0.10900510631630551,0.10900510631630551,0.10900510631630551,0.0,0.5183513838748496,0.5183513838748496,0.5183513838748496,0.0,0.38119805233497017,0.1747143535607771,0.17471435351449982,-4.627728755757232e-11,True,False,1,3,1.0048008779184325e-09,0.1941657613748788,0.032040709047578275,15,2,17042,dc5191bfdb9d99b719558ec4277772330dcd21d0b20bfd223eb6781e90d14db9
NR-AR,MCF7,standardized,3,17042,42,42,1,lbfgs,True,1.0,frozen_offset_fixed_calibration_intercept_ridge_biology_v3,raw_then_fit_gene_mean_sd_on_training_matrix,raw_outer_training,1005,254,978,0,False,True,True,False,unweighted_publication_primary,-1.9948178277221689,-1.9948178277221689,2.6696619738486145e-09,100000000.0,3.162277660168379,True,True,316.2277660168379,1005,254,0.6007564947182475,0.6007564947182475,0.6007564947182475,0.0,0.841814837522992,0.841814837522992,0.841814837522992,0.0,0.3745309416415017,0.20930882868888567,0.20930882838308768,-3.057979980347625e-10,True,False,1,3,9.389376116886172e-10,0.18455015888797952,0.03105312108527869,15,3,17042,dc5191bfdb9d99b719558ec4277772330dcd21d0b20bfd223eb6781e90d14db9
NR-AR,MCF7,standardized,4,17042,42,42,1,lbfgs,True,1.0,frozen_offset_fixed_calibration_intercept_ridge_biology_v3,raw_then_fit_gene_mean_sd_on_training_matrix,raw_outer_training,1148,111,978,0,False,True,True,False,unweighted_publication_primary,-1.9591463673169887,-1.9591463673169887,0.0556806341150137,3.162277660168379,1.0,False,False,3162.277660168379,1148,111,0.3856454018633569,0.3856454018633569,0.38761678240093744,0.001971380537580558,0.6262135922330097,0.6262135922330097,0.6492718446601942,0.02305825242718451,0.3853963142385444,0.21940002056827385,0.2182005405546936,-0.0011994800135802508,True,False,9,11,1.4985672223185448e-07,0.17964135694485317,0.14136425592005253,15,4,17042,dc5191bfdb9d99b719558ec4277772330dcd21d0b20bfd223eb6781e90d14db9
NR-AR,MCF7,standardized,0,18042,42,42,1,lbfgs,True,1.0,frozen_offset_fixed_calibration_intercept_ridge_biology_v3,raw_then_fit_gene_mean_sd_on_training_matrix,raw_outer_training,1033,226,978,0,False,True,True,False,unweighted_publication_primary,-1.973461831208467,-1.973461831208467,2.852961292414845e-09,100000000.0,100000000.0,True,False,,1033,226,0.10121474270710518,0.10121474270710518,0.10121474270710518,0.0,0.522911051212938,0.522911051212938,0.522911051212938,0.0,0.39024072024409984,0.23375074856582784,0.2337507485415875,-2.424033196390951e-11,True,False,1,3,9.198199216187142e-10,0.17981893035254432,0.03429070895072073,16,0,18042,ca9ce55c07019758683f435df940e4b16c180ce5d78a2506715ec9a25fcf8d15
NR-AR,MCF7,standardized,1,18042,42,42,1,lbfgs,True,1.0,frozen_offset_fixed_calibration_intercept_ridge_biology_v3,raw_then_fit_gene_mean_sd_on_training_matrix,raw_outer_training,1012,247,978,0,False,True,True,False,unweighted_publication_primary,-1.9446592414744308,-1.9446592414744308,2.5218379525996965e-09,100000000.0,3.162277660168379,True,True,100.0,1012,247,0.7247723698226816,0.7247723698226816,0.7247723698226816,0.0,0.8411796536796536,0.8411796536796536,0.8411796536796536,0.0,0.3374295506647582,0.15985817933857915,0.1598581788239984,-5.145807668860414e-10,True,False,1,3,8.762798195394161e-10,0.19670923307890456,0.04951600602362305,16,1,18042,ca9ce55c07019758683f435df940e4b16c180ce5d78a2506715ec9a25fcf8d15
NR-AR,MCF7,standardized,2,18042,42,42,1,lbfgs,True,1.0,frozen_offset_fixed_calibration_intercept_ridge_biology_v3,raw_then_fit_gene_mean_sd_on_training_matrix,raw_outer_training,1017,242,978,0,False,True,True,False,unweighted_publication_primary,-1.9051694007247348,-1.9051694007247348,2.6320880047611713e-09,100000000.0,3.162277660168379,True,True,10.0,1017,242,0.3342590931131408,0.3342590931131408,0.3342590931131408,0.0,0.6708095398051731,0.6708095398051731,0.6708095398051731,0.0,0.3862554957780261,0.18565095492379854,0.18565095462622067,-2.975778790048622e-10,True,False,1,3,5.825300866679761e-10,0.19045067919398517,0.026817556004971266,16,2,18042,ca9ce55c07019758683f435df940e4b16c180ce5d78a2506715ec9a25fcf8d15
NR-AR,MCF7,standardized,3,18042,42,42,1,lbfgs,True,1.0,frozen_offset_fixed_calibration_intercept_ridge_biology_v3,raw_then_fit_gene_mean_sd_on_training_matrix,raw_outer_training,844,415,978,0,False,True,True,False,unweighted_publication_primary,-1.9475203085618744,-1.9475203085618744,3.1553233405885094e-09,100000000.0,10.0,True,True,100.0,844,415,0.6605586929827321,0.6605586929827321,0.6605586929827321,0.0,0.8458102554940147,0.8458102554940147,0.8458102554940147,0.0,0.3507973761144507,0.17351732317633642,0.1735173229384468,-2.378896246657547e-10,True,False,1,3,1.4107567614107808e-09,0.1973281600850109,0.04307323193643242,16,3,18042,ca9ce55c07019758683f435df940e4b16c180ce5d78a2506715ec9a25fcf8d15
NR-AR,MCF7,standardized,4,18042,42,42,1,lbfgs,True,1.0,frozen_offset_fixed_calibration_intercept_ridge_biology_v3,raw_then_fit_gene_mean_sd_on_training_matrix,raw_outer_training,1130,129,978,0,False,True,True,False,unweighted_publication_primary,-1.9599216268284902,-1.9599216268284902,2.6726476279683934e-09,100000000.0,31.622776601683796,True,True,100.0,1130,129,0.4900224822207533,0.4900224822207533,0.4900224822207533,0.0,0.7184873949579832,0.7184873949579832,0.7184873949579832,0.0,0.4124079264299451,0.22849850209965275,0.22849850186890283,-2.307499191722684e-10,True,False,1,3,7.210633791443488e-10,0.1850308259536014,0.03752514102961868,16,4,18042,ca9ce55c07019758683f435df940e4b16c180ce5d78a2506715ec9a25fcf8d15
NR-AR,MCF7,standardized,0,19042,42,42,1,lbfgs,True,1.0,frozen_offset_fixed_calibration_intercept_ridge_biology_v3,raw_then_fit_gene_mean_sd_on_training_matrix,raw_outer_training,893,366,978,0,False,True,True,False,unweighted_publication_primary,-1.887621547596325,-1.887621547596325,3.3875720080392058e-09,100000000.0,10.0,True,True,316.2277660168379,893,366,0.34588653615722986,0.34588653615722986,0.34588653615722986,0.0,0.7714285714285714,0.7714285714285714,0.7714285714285714,0.0,0.33097943063426066,0.1544058146028282,0.15440581456510769,-3.7720521151030084e-11,True,False,1,3,1.2951119759962992e-09,0.2039946326416564,0.04382726503536105,17,0,19042,9417b6f0e461457a4b0036bbbe6301fdf54e067ada5fe095ec90288704c172e3
NR-AR,MCF7,standardized,1,19042,42,42,1,lbfgs,True,1.0,frozen_offset_fixed_calibration_intercept_ridge_biology_v3,raw_then_fit_gene_mean_sd_on_training_matrix,raw_outer_training,1017,242,978,0,False,True,True,False,unweighted_publication_primary,-1.8942997123272305,-1.8942997123272305,2.79177955970391e-09,100000000.0,3.162277660168379,True,True,100.0,1017,242,0.3880713772640764,0.3880713772640764,0.3880713772640764,0.0,0.7713032581453635,0.7713032581453635,0.7713032581453635,0.0,0.3880931278987949,0.17601974804967804,0.1760197478362578,-2.1342025369186501e-10,True,False,1,3,7.175879697309678e-10,0.19277871811693623,0.030137035064399242,17,1,19042,9417b6f0e461457a4b0036bbbe6301fdf54e067ada5fe095ec90288704c172e3
NR-AR,MCF7,standardized,2,19042,42,42,1,lbfgs,True,1.0,frozen_offset_fixed_calibration_intercept_ridge_biology_v3,raw_then_fit_gene_mean_sd_on_training_matrix,raw_outer_training,986,273,978,0,False,True,True,False,unweighted_publication_primary,-1.932701148879158,-1.932701148879158,2.72764901012439e-09,100000000.0,10.0,True,True,316.2277660168379,986,273,0.43702346622029586,0.43702346622029586,0.43702346622029586,0.0,0.7189797794117647,0.7189797794117647,0.7189797794117647,0.0,0.3748714330660175,0.19122592894508425,0.1912259286982603,-2.4682395016739633e-10,True,False,1,3,9.506033876727216e-10,0.18900266459623943,0.0217737159691751,17,2,19042,9417b6f0e461457a4b0036bbbe6301fdf54e067ada5fe095ec90288704c172e3
NR-AR,MCF7,standardized,3,19042,42,42,1,lbfgs,True,1.0,frozen_offset_fixed_calibration_intercept_ridge_biology_v3,raw_then_fit_gene_mean_sd_on_training_matrix,raw_outer_training,1007,252,978,0,False,True,True,False,unweighted_publication_primary,-2.059133770114788,-2.059133770114788,2.5229577317852296e-09,100000000.0,31.622776601683796,True,True,100.0,1007,252,0.7239388619758367,0.7239388619758367,0.7239388619758367,0.0,0.7980616740088107,0.7980616740088107,0.7980616740088107,0.0,0.362000993862755,0.2221845293014984,0.2221845288262785,-4.752198912161276e-10,True,False,1,3,5.175545911978441e-10,0.18173286800888974,0.04108517896384001,17,3,19042,9417b6f0e461457a4b0036bbbe6301fdf54e067ada5fe095ec90288704c172e3
NR-AR,MCF7,standardized,4,19042,42,42,1,lbfgs,True,1.0,frozen_offset_fixed_calibration_intercept_ridge_biology_v3,raw_then_fit_gene_mean_sd_on_training_matrix,raw_outer_training,1133,126,978,0,False,True,True,False,unweighted_publication_primary,-1.9625874592750348,-1.9625874592750348,2.4271920966998844e-09,100000000.0,3.162277660168379,True,True,100.0,1133,126,0.29476042130247737,0.29476042130247737,0.29476042130247737,0.0,0.6094827586206896,0.6094827586206896,0.6094827586206896,0.0,0.43788654857554987,0.25755033008853967,0.2575503295444165,-5.441231909486532e-10,True,False,1,3,4.784083892928059e-10,0.18191757713835763,0.02908571099396795,17,4,19042,9417b6f0e461457a4b0036bbbe6301fdf54e067ada5fe095ec90288704c172e3
NR-AR,MCF7,standardized,0,20042,42,42,1,lbfgs,True,1.0,frozen_offset_fixed_calibration_intercept_ridge_biology_v3,raw_then_fit_gene_mean_sd_on_training_matrix,raw_outer_training,1021,238,978,0,False,True,True,False,unweighted_publication_primary,-1.909151771804732,-1.909151771804732,2.819469401885625e-09,100000000.0,1.0,True,True,100.0,1021,238,0.5426291682001297,0.5426291682001297,0.5426291682001297,0.0,0.7308259587020649,0.7308259587020649,0.7308259587020649,0.0,0.34382851840691403,0.1536953251529593,0.15369532491551244,-2.374468677235342e-10,True,False,1,3,1.0201818938238016e-09,0.19786979690858028,0.019598653074353933,18,0,20042,892dd088fc60106fec0175d4098d006590fe033e586febd5647e9b01e54fa755
NR-AR,MCF7,standardized,1,20042,42,42,1,lbfgs,True,1.0,frozen_offset_fixed_calibration_intercept_ridge_biology_v3,raw_then_fit_gene_mean_sd_on_training_matrix,raw_outer_training,888,371,978,0,False,True,True,False,unweighted_publication_primary,-1.901508195049992,-1.901508195049992,2.9520160205615208e-09,100000000.0,3.162277660168379,True,True,316.2277660168379,888,371,0.23104719677132968,0.23104719677132968,0.23104719677132968,0.0,0.6617878501731193,0.6617878501731193,0.6617878501731193,0.0,0.3537383998291316,0.17574799016519244,0.1757479899584656,-2.067268300987024e-10,True,False,1,3,6.743655443092189e-10,0.19529820676087736,0.03082950704265386,18,1,20042,892dd088fc60106fec0175d4098d006590fe033e586febd5647e9b01e54fa755
NR-AR,MCF7,standardized,2,20042,42,42,1,lbfgs,True,1.0,frozen_offset_fixed_calibration_intercept_ridge_biology_v3,raw_then_fit_gene_mean_sd_on_training_matrix,raw_outer_training,978,281,978,0,False,True,True,False,unweighted_publication_primary,-1.9507278002948276,-1.9507278002948276,2.2800183088173227e-09,100000000.0,100.0,True,True,316.2277660168379,978,281,0.49566813591467557,0.49566813591467557,0.49566813591467557,0.0,0.8018315018315019,0.8018315018315019,0.8018315018315019,0.0,0.3980205842541122,0.20978625994243447,0.20978625952600116,-4.1643330450646943e-10,True,False,1,3,6.305075107848612e-10,0.1836455488136794,0.021210860926657915,18,2,20042,892dd088fc60106fec0175d4098d006590fe033e586febd5647e9b01e54fa755
NR-AR,MCF7,standardized,3,20042,42,42,1,lbfgs,True,1.0,frozen_offset_fixed_calibration_intercept_ridge_biology_v3,raw_then_fit_gene_mean_sd_on_training_matrix,raw_outer_training,1006,253,978,0,False,True,True,False,unweighted_publication_primary,-2.038470531114846,-2.038470531114846,3.072090119948558e-09,100000000.0,1.0,True,True,316.2277660168379,1006,253,0.7722714614968422,0.7722714614968422,0.7722714614968422,0.0,0.8855531295487628,0.8855531295487628,0.8855531295487628,0.0,0.3513675476285192,0.2029582152077476,0.2029582153344916,1.267440041807788e-10,True,False,1,3,6.699807687804427e-10,0.1863835627417565,0.02152426599059254,18,3,20042,892dd088fc60106fec0175d4098d006590fe033e586febd5647e9b01e54fa755
NR-AR,MCF7,standardized,4,20042,42,42,1,lbfgs,True,1.0,frozen_offset_fixed_calibration_intercept_ridge_biology_v3,raw_then_fit_gene_mean_sd_on_training_matrix,raw_outer_training,1143,116,978,0,False,True,True,False,unweighted_publication_primary,-1.9381047210876463,-1.9381047210876463,2.75397083988338e-09,100000000.0,10.0,True,True,100.0,1143,116,0.19222336619044528,0.19222336619044528,0.19222336619044528,0.0,0.41546526867627775,0.41546526867627775,0.41546526867627775,0.0,0.4309220510493954,0.23464362162389973,0.23464362156253707,-6.136266494927156e-11,True,False,1,3,6.038072611347367e-10,0.18489798321646359,0.028640195028856397,18,4,20042,892dd088fc60106fec0175d4098d006590fe033e586febd5647e9b01e54fa755
NR-AR,MCF7,standardized,0,21042,42,42,1,lbfgs,True,1.0,frozen_offset_fixed_calibration_intercept_ridge_biology_v3,raw_then_fit_gene_mean_sd_on_training_matrix,raw_outer_training,1014,245,978,0,False,True,True,False,unweighted_publication_primary,-2.0795755394364233,-2.0795755394364233,2.6476173200065273e-09,100000000.0,3.162277660168379,True,True,100.0,1014,245,0.851461101621171,0.851461101621171,0.851461101621171,0.0,0.9336734693877552,0.9336734693877552,0.9336734693877552,0.0,0.3586905881180487,0.21645705821364516,0.21645705785665756,-3.569876061426669e-10,True,False,1,3,8.192086540376176e-10,0.18356472257253847,0.042081958963535726,19,0,21042,7b82f14fc8d08a489415d9c2ed0161851c816ef3f628cf5a0a387dfd414ef9c6
NR-AR,MCF7,standardized,1,21042,42,42,1,lbfgs,True,1.0,frozen_offset_fixed_calibration_intercept_ridge_biology_v3,raw_then_fit_gene_mean_sd_on_training_matrix,raw_outer_training,1042,217,978,0,False,True,True,False,unweighted_publication_primary,-1.8893390161009749,-1.8893390161009749,3.229000440284368e-09,100000000.0,1.0,True,True,316.2277660168379,1042,217,0.12273226544891136,0.12273226544891136,0.12273226544891136,0.0,0.5555555555555556,0.5555555555555556,0.5555555555555556,0.0,0.3971378937633393,0.18608706403886136,0.18608706438327116,3.4440980622996165e-10,True,False,1,3,9.590520808067104e-10,0.19029902185959632,0.023264457006007433,19,1,21042,7b82f14fc8d08a489415d9c2ed0161851c816ef3f628cf5a0a387dfd414ef9c6
NR-AR,MCF7,standardized,2,21042,42,42,1,lbfgs,True,1.0,frozen_offset_fixed_calibration_intercept_ridge_biology_v3,raw_then_fit_gene_mean_sd_on_training_matrix,raw_outer_training,1024,235,978,0,False,True,True,False,unweighted_publication_primary,-1.9909286758311662,-1.9909286758311662,2.7783455140580903e-09,100000000.0,100000000.0,True,False,,1024,235,0.2515316251121465,0.2515316251121465,0.2515316251121465,0.0,0.5059931506849316,0.5059931506849316,0.5059931506849316,0.0,0.3883697745462493,0.2386054710361222,0.23860547084314923,-1.9297297093601173e-10,True,False,1,3,7.293302073385632e-10,0.17827381358212138,0.024216698948293924,19,2,21042,7b82f14fc8d08a489415d9c2ed0161851c816ef3f628cf5a0a387dfd414ef9c6
NR-AR,MCF7,standardized,3,21042,42,42,1,lbfgs,True,1.0,frozen_offset_fixed_calibration_intercept_ridge_biology_v3,raw_then_fit_gene_mean_sd_on_training_matrix,raw_outer_training,835,424,978,0,False,True,True,False,unweighted_publication_primary,-1.9049446438822668,-1.9049446438822668,2.654438281866733e-09,100000000.0,31.622776601683796,True,True,100.0,835,424,0.419442205641699,0.419442205641699,0.419442205641699,0.0,0.7572365445499774,0.7572365445499774,0.7572365445499774,0.0,0.3395579097015184,0.1651431361861195,0.1651431357726994,-4.134201037064855e-10,True,False,1,3,8.785151946189007e-10,0.20191120472451687,0.022595596965402365,19,3,21042,7b82f14fc8d08a489415d9c2ed0161851c816ef3f628cf5a0a387dfd414ef9c6
NR-AR,MCF7,standardized,4,21042,42,42,1,lbfgs,True,1.0,frozen_offset_fixed_calibration_intercept_ridge_biology_v3,raw_then_fit_gene_mean_sd_on_training_matrix,raw_outer_training,1121,138,978,0,False,True,True,False,unweighted_publication_primary,-1.8857842816764712,-1.8857842816764712,2.4382594247755462e-09,100000000.0,10.0,True,True,31.622776601683796,1121,138,0.4279632075684707,0.4279632075684707,0.4279632075684707,0.0,0.875,0.875,0.875,0.0,0.39490795360308106,0.15081240519290537,0.15081240472280955,-4.700958233794239e-10,True,False,1,3,5.789390251920157e-10,0.19435828303236802,0.03988647891674191,19,4,21042,7b82f14fc8d08a489415d9c2ed0161851c816ef3f628cf5a0a387dfd414ef9c6
