ik,y,mean_probability_chem,mean_probability_chem_plus_bio,mean_delta_p,mean_aligned_delta_p,sd_aligned_delta_p,median_aligned_delta_p,mean_delta_rank,mean_aligned_delta_rank,mean_B,mean_aligned_B,mean_delta_log_loss,mean_log_loss_improvement,wilcoxon_p_aligned_delta_p,n_positive_direction,n_repeats_exceeding_threshold,n_repeats,task,drug_name,bh_q_rescue_correction,stable_min_repeats,selected_wilcoxon_only,magnitude_ok,selected,selected_q_lt_0.01,selected_q_lt_0.05,selected_q_lt_0.1,selected_q_lt_0.2,selected_previous,role,favorable_change,selected_delta_p,compound_name,tox21_label_conflict,display_rank
BMUKKTUHUDJSNZ,0,0.0633403307233896,0.0554155516566965,-0.0079247790666931,0.0079247790666931,0.0047679822603218,0.0089116240016135,-0.0493083003952569,0.0493083003952569,-0.1458178769441424,0.1458178769441424,-0.008412027096456,0.008412027096456,4.76837158203125e-06,18,0,20,NR-Aromatase,isoxsuprine,9.918212890625e-06,False,True,False,False,False,False,False,False,False,Correction,0.0079247790666931,,Isoxsuprine,False,15
BUXRLJCGHZZYNE,0,0.0596561370302757,0.0513149332632372,-0.0083412037670385,0.0083412037670385,0.0098938517051671,0.0078398576902692,-0.058794466403162,0.058794466403162,-0.1796415841200148,0.1796415841200148,-0.0087769554456293,0.0087769554456293,0.0006046295166015,17,3,20,NR-Aromatase,cimaterol,0.0009981185670882,False,True,False,False,False,False,False,False,False,Correction,0.0083412037670385,,Cimaterol,False,3
GZUITABIAKMVPG,1,0.0729510150004099,0.2240042468526934,0.1510532318522835,0.1510532318522835,0.153886165330843,0.0996314072408312,0.2909090909090909,0.2909090909090909,1.1324869130630173,1.1324869130630173,-0.9300415139436587,0.9300415139436587,9.5367431640625e-07,20,13,20,NR-Aromatase,raloxifene,1.6472556374289773e-06,False,True,True,True,False,False,False,False,False,Rescue,0.1510532318522835,0.1510532318522835,Raloxifene,False,18
HOGVTUZUJGHKPL,1,0.0811069233987026,0.2456090120123798,0.1645020886136771,0.1645020886136771,0.1108231274881159,0.1905796858811575,0.2285079051383399,0.2285079051383399,1.1914716653538338,1.1914716653538338,-0.9831383984309544,0.9831383984309544,9.5367431640625e-07,20,15,20,NR-Aromatase,triciribine,1.6472556374289773e-06,True,True,True,True,True,True,True,True,True,Rescue,0.1645020886136771,0.1645020886136771,Triciribine,False,12
HYFHYPWGAURHIV,1,0.0607404411241633,0.574364967495047,0.5136245263708836,0.5136245263708836,0.2358780577584458,0.592330241422646,0.5133399209486166,0.5133399209486166,3.048838218574578,3.048838218574578,-2.105443395000205,2.105443395000205,9.5367431640625e-07,20,19,20,NR-Aromatase,BRD-K76674262,1.6472556374289773e-06,True,True,True,True,True,True,True,True,True,Rescue,0.5136245263708836,0.5136245263708836,BRD-K76674262,False,10
IXORZMNAPKEEDV,0,0.0447546632687438,0.0471205559794565,0.0023658927107127,-0.0023658927107127,0.004725233330635,-0.0010115733861023,0.1185770750988142,-0.1185770750988142,0.0491481077915573,-0.0491481077915573,0.0024923585395216,-0.0024923585395216,0.9384536743164062,9,0,20,NR-Aromatase,MD-920,1.0,False,False,False,False,False,False,False,False,False,Correction,-0.0023658927107127,,MD-920,False,12
JBIMVDZLSHOPLA,0,0.0800054220837695,0.0672923428835002,-0.0127130792002693,0.0127130792002693,0.009472111203979,0.0120716807083397,-0.1024209486166007,0.1024209486166007,-0.1916245197978891,0.1916245197978891,-0.0137055345271908,0.0137055345271908,9.5367431640625e-07,20,4,20,NR-Aromatase,olopatadine,2.4190763147865854e-06,False,True,False,False,False,False,False,False,False,Correction,0.0127130792002693,,Olopatadine,False,9
LCTZPQRFOZKZNK,0,0.0985480670343257,0.093183527013985,-0.0053645400203407,0.0053645400203407,0.0100341043710404,0.0075467714312658,-0.0488636363636363,0.0488636363636363,-0.0669864334236159,0.0669864334236159,-0.0058713409064184,0.0058713409064184,0.0008449554443359,17,0,20,NR-Aromatase,diphemanil,0.0013683015499972,False,True,False,False,False,False,False,False,False,Correction,0.0053645400203407,,Diphemanil,False,4
LPMXVESGRSUGHW,1,0.0858764846035217,0.5880476775553045,0.5021711929517828,0.5021711929517828,0.2355325630356006,0.609586135761885,0.2470849802371541,0.2470849802371541,2.73370605442068,2.73370605442068,-1.7886298148516115,1.7886298148516115,9.5367431640625e-07,20,19,20,NR-Aromatase,ouabain,1.6472556374289773e-06,True,True,True,True,True,True,True,True,True,Rescue,0.5021711929517828,0.5021711929517828,Ouabain,False,4
LTMHDMANZUZIPE,1,0.1474032160068733,0.5621256762358721,0.4147224602289987,0.4147224602289987,0.2121386727303087,0.4072792155474447,0.0398221343873517,0.0398221343873517,2.06436987050197,2.06436987050197,-1.2474972673583562,1.2474972673583562,9.5367431640625e-07,20,19,20,NR-Aromatase,digoxin,1.6472556374289773e-06,True,True,True,True,True,True,True,True,True,Rescue,0.4147224602289987,0.4147224602289987,Digoxin,False,2
MDKGKXOCJGEUJW,0,0.0770379429803289,0.0690351758970145,-0.0080027670833144,0.0080027670833144,0.0040925100179765,0.0086102341322192,-0.0517292490118577,0.0517292490118577,-0.1189877842252217,0.1189877842252217,-0.0086308189119639,0.0086308189119639,2.86102294921875e-06,19,0,20,NR-Aromatase,suprofen,6.242231889204546e-06,False,True,False,False,False,False,False,False,False,Correction,0.0080027670833144,,Suprofen,False,13
NUHPODZZKHQQET,0,0.0473325285715488,0.0405762684224885,-0.0067562601490602,0.0067562601490602,0.0028415144696276,0.0062537704654653,-0.0181818181818181,0.0181818181818181,-0.1632229721742013,0.1632229721742013,-0.0070646367591412,0.0070646367591412,9.5367431640625e-07,20,0,20,NR-Aromatase,siguazodan,2.4190763147865854e-06,False,True,False,False,False,False,False,False,False,Correction,0.0067562601490602,,Siguazodan,False,14
OZGNYLLQHRPOBR,0,0.085388914783213,0.0788281179821157,-0.0065607968010972,0.0065607968010972,0.0028538298787786,0.0073626241310008,-0.0416007905138339,0.0416007905138339,-0.086838876239644,0.086838876239644,-0.0071516613321847,0.0071516613321847,9.5367431640625e-07,20,0,20,NR-Aromatase,naftifine,2.4190763147865854e-06,False,True,False,False,False,False,False,False,False,Correction,0.0065607968010972,,Naftifine,False,19
PCLITLDOTJTVDJ,0,0.1411684468104727,0.1161490219989136,-0.0250194248115591,0.0250194248115591,0.012466395128322,0.0232098233753391,-0.0833498023715415,0.0833498023715415,-0.2255273102832921,0.2255273102832921,-0.0287113480930569,0.0287113480930569,9.5367431640625e-07,20,16,20,NR-Aromatase,clomethiazole,2.4190763147865854e-06,True,True,True,True,True,True,True,True,True,Correction,0.0250194248115591,0.0250194248115591,Clomethiazole,False,5
RBTBFTRPCNLSDE,1,0.1580351075157227,0.526165972502332,0.3681308649866093,0.3681308649866093,0.1587271061969899,0.321987909059662,0.0286561264822134,0.0286561264822134,1.7925445940303653,1.7925445940303653,-1.1525677123349822,1.1525677123349822,9.5367431640625e-07,20,20,20,NR-Aromatase,methylene-blue,1.6472556374289773e-06,True,True,True,True,True,True,True,True,True,Rescue,0.3681308649866093,0.3681308649866093,Methylene Blue,False,1
RGPDEAGGEXEMMM,0,0.077598523808293,0.0643143442420115,-0.0132841795662815,0.0132841795662815,0.0059944486191423,0.0138216658619397,-0.1074604743083003,0.1074604743083003,-0.2037294779880975,0.2037294779880975,-0.0142943199528684,0.0142943199528684,9.5367431640625e-07,20,2,20,NR-Aromatase,nefopam,2.4190763147865854e-06,False,True,False,False,False,False,False,False,False,Correction,0.0132841795662815,,Nefopam,False,17
TVQZAMVBTVNYLA,0,0.0813288390718322,0.059278253783588,-0.0220505852882442,0.0220505852882442,0.0095640054218864,0.0212842784086173,-0.2082509881422924,0.2082509881422924,-0.3586801078947609,0.3586801078947609,-0.0236669801250617,0.0236669801250617,9.5367431640625e-07,20,13,20,NR-Aromatase,pranoprofen,2.4190763147865854e-06,False,True,True,True,False,False,False,False,False,Correction,0.0220505852882442,0.0220505852882442,Pranoprofen,False,8
UGTJLJZQQFGTJD,1,0.1486761506335435,0.5909302855499918,0.4422541349164482,0.4422541349164482,0.1776909839753767,0.5005061029249205,0.0422430830039525,0.0422430830039525,2.156780807149357,2.156780807149357,-1.3243514106606544,1.3243514106606544,9.5367431640625e-07,20,20,20,NR-Aromatase,CCCP,1.6472556374289773e-06,True,True,True,True,True,True,True,True,True,Rescue,0.4422541349164482,0.4422541349164482,CCCP,False,5
UIARLYUEJFELEN,1,0.1315811445579755,0.4092195752998463,0.2776384307418707,0.2776384307418707,0.1480370816405203,0.2747383484025931,0.0538537549407114,0.0538537549407114,1.4718331486484708,1.4718331486484708,-1.0537432746664486,1.0537432746664486,9.5367431640625e-07,20,19,20,NR-Aromatase,lestaurtinib,1.6472556374289773e-06,True,True,True,True,True,True,True,True,True,Rescue,0.2776384307418707,0.2776384307418707,Lestaurtinib,False,6
VEMKTZHHVJILDY,0,0.0928477413874868,0.0805700938526877,-0.012277647534799,0.012277647534799,0.008327302817859,0.0121059042990145,-0.0931818181818181,0.0931818181818181,-0.1597644859360328,0.1597644859360328,-0.0134074914775533,0.0134074914775533,8.392333984375e-05,19,3,20,NR-Aromatase,resmethrin,0.0001501954992232,False,True,False,False,False,False,False,False,False,Correction,0.012277647534799,,Resmethrin,False,7
WDDPHFBMKLOVOX,1,0.1147800677088847,0.3633355173221963,0.2485554496133116,0.2485554496133116,0.1386418768029113,0.2991619749184762,0.0823122529644268,0.0823122529644268,1.4065480693989252,1.4065480693989252,-1.0531441407700757,1.0531441407700757,9.5367431640625e-07,20,16,20,NR-Aromatase,clofarabine,1.6472556374289773e-06,True,True,True,True,True,True,True,True,True,Rescue,0.2485554496133116,0.2485554496133116,Clofarabine,False,15
WGQKYBSKWIADBV,0,0.0648900215600507,0.064922929440924,3.290788087329452e-05,-3.290788087329452e-05,0.0056010765255824,0.0007138683132156,0.0404150197628458,-0.0404150197628458,-0.0052482049975867,0.0052482049975867,5.935722903825553e-05,-5.935722903825553e-05,0.2261877059936523,13,0,20,NR-Aromatase,benzydamine,0.2969308454559026,False,False,False,False,False,False,False,False,False,Correction,-3.290788087329452e-05,,Benzydamine,False,20
XDRYMKDFEDOLFX,1,0.0847718464476214,0.1701012409150495,0.0853293944674281,0.0853293944674281,0.0578239511717268,0.0593453524122434,0.1817193675889328,0.1817193675889328,0.7386901505481032,0.7386901505481032,-0.6382313894703918,0.6382313894703918,9.5367431640625e-07,20,14,20,NR-Aromatase,pentamidine,1.6472556374289773e-06,False,True,True,True,False,False,False,False,False,Rescue,0.0853293944674281,0.0853293944674281,Pentamidine,False,19
YWJXCIXBAKGUKZ,0,0.0479500821361703,0.0448036800814691,-0.0031464020547012,0.0031464020547012,0.008301285515878,0.0054263694448168,0.0329545454545454,-0.0329545454545454,-0.0798283233257258,0.0798283233257258,-0.0032759845125797,0.0032759845125797,0.0036478042602539,17,0,20,NR-Aromatase,bergenin,0.0055881256752825,False,True,False,False,False,False,False,False,False,Correction,0.0031464020547012,,Bergenin,False,2
BMUKKTUHUDJSNZ,0,0.235275147677226,0.1914694904333932,-0.0438056572438327,0.0438056572438327,0.0223693838992597,0.0475894440260437,-0.0967849223946785,0.0967849223946785,-0.2667216723158394,0.2667216723158394,-0.0554586221017143,0.0554586221017143,9.5367431640625e-07,20,17,20,SR-ARE,isoxsuprine,2.6507640448142224e-06,True,True,True,True,True,True,True,True,True,Correction,0.0438056572438327,0.0438056572438327,Isoxsuprine,False,15
FJLGEFLZQAZZCD,0,0.3392051765349869,0.2507605078873648,-0.0884446686476221,0.0884446686476221,0.0516811830381179,0.0879420677361963,-0.1729490022172949,0.1729490022172949,-0.4474835882733622,0.4474835882733622,-0.1234262790755648,0.1234262790755648,9.5367431640625e-07,20,18,20,SR-ARE,fluvastatin,2.6507640448142224e-06,True,True,True,True,True,True,True,True,True,Correction,0.0884446686476221,0.0884446686476221,Fluvastatin,False,6
GDLIGKIOYRNHDA,0,0.3249156877278182,0.2426370114999057,-0.0822786762279124,0.0822786762279124,0.0648216857682299,0.0674342156998653,-0.1827050997782705,0.1827050997782705,-0.4588287581094576,0.4588287581094576,-0.1111959083333961,0.1111959083333961,9.5367431640625e-07,20,17,20,SR-ARE,clomipramine,2.6507640448142224e-06,True,True,True,True,True,True,True,True,True,Correction,0.0822786762279124,0.0822786762279124,Clomipramine,False,10
HOGVTUZUJGHKPL,1,0.256579562984065,0.6202376252786663,0.3636580622946012,0.3636580622946012,0.225121992449318,0.3639868542556433,0.2514412416851441,0.2514412416851441,1.7687674396581314,1.7687674396581314,-0.8081972477071597,0.8081972477071597,9.5367431640625e-07,20,17,20,SR-ARE,triciribine,2.1734903025072675e-06,True,True,True,True,True,True,True,True,True,Rescue,0.3636580622946012,0.3636580622946012,Triciribine,False,12
IENZQIKPVFGBNW,0,0.3089409007151492,0.2367610289732749,-0.0721798717418742,0.0721798717418742,0.036751411054504,0.0695642627251836,-0.1507760532150776,0.1507760532150776,-0.378410543390495,0.378410543390495,-0.0981212124640311,0.0981212124640311,9.5367431640625e-07,20,19,20,SR-ARE,prazosin,2.6507640448142224e-06,True,True,True,True,True,True,True,True,True,Correction,0.0721798717418742,0.0721798717418742,Prazosin,False,18
IXORZMNAPKEEDV,0,0.2345927509799947,0.1929638570211806,-0.0416288939588141,0.0416288939588141,0.026725029242371,0.0343376085075574,-0.0895787139689578,0.0895787139689578,-0.2569470375281258,0.2569470375281258,-0.0525118920514223,0.0525118920514223,9.5367431640625e-07,20,16,20,SR-ARE,MD-920,2.6507640448142224e-06,True,True,True,True,True,True,True,True,True,Correction,0.0416288939588141,0.0416288939588141,MD-920,False,12
JBIMVDZLSHOPLA,0,0.3422126559452845,0.2594912770189354,-0.082721378926349,0.082721378926349,0.044610922067769,0.0715142608722567,-0.1550997782705099,0.1550997782705099,-0.4133846081838945,0.4133846081838945,-0.1163646330264608,0.1163646330264608,9.5367431640625e-07,20,19,20,SR-ARE,olopatadine,2.6507640448142224e-06,True,True,True,True,True,True,True,True,True,Correction,0.082721378926349,0.082721378926349,Olopatadine,False,9
JXLYSJRDGCGARV,1,0.2824252565946926,0.5474330981240333,0.2650078415293406,0.2650078415293406,0.2120689270792815,0.3007698100838363,0.1716186252771618,0.1716186252771618,1.1890915167844691,1.1890915167844691,-0.5859574704321843,0.5859574704321843,9.5367431640625e-07,20,15,20,SR-ARE,vinblastine,2.1734903025072675e-06,True,True,True,True,True,True,True,True,True,Rescue,0.2650078415293406,0.2650078415293406,Vinblastine,False,7
KYRVNWMVYQXFEU,1,0.3971474548319161,0.6724865390639541,0.2753390842320379,0.2753390842320379,0.1436034542107651,0.293343580443692,0.0717294900221729,0.0717294900221729,1.2272820316641688,1.2272820316641688,-0.5042172172330509,0.5042172172330509,9.5367431640625e-07,20,18,20,SR-ARE,nocodazole,2.1734903025072675e-06,True,True,True,True,True,True,True,True,True,Rescue,0.2753390842320379,0.2753390842320379,Nocodazole,False,11
NUHPODZZKHQQET,0,0.1724887485036271,0.1355150231328112,-0.0369737253708159,0.0369737253708159,0.0263964935812929,0.0322723571213153,-0.0916851441241685,0.0916851441241685,-0.3096553142568165,0.3096553142568165,-0.0432482353649342,0.0432482353649342,9.5367431640625e-07,20,15,20,SR-ARE,siguazodan,2.6507640448142224e-06,True,True,True,True,True,True,True,True,True,Correction,0.0369737253708159,0.0369737253708159,Siguazodan,False,14
OPXLLQIJSORQAM,1,0.3455655449860154,0.6531151337220135,0.307549588735998,0.307549588735998,0.1735003673907737,0.3089008163496076,0.117960088691796,0.117960088691796,1.352494796061476,1.352494796061476,-0.5979559692827695,0.5979559692827695,9.5367431640625e-07,20,17,20,SR-ARE,mebendazole,2.1734903025072675e-06,True,True,True,True,True,True,True,True,True,Rescue,0.307549588735998,0.307549588735998,Mebendazole,False,8
OZGNYLLQHRPOBR,0,0.3123294132603686,0.2830080616151748,-0.0293213516451938,0.0293213516451938,0.0202031900251571,0.0224329895062174,-0.0608647450110864,0.0608647450110864,-0.1432724961306839,0.1432724961306839,-0.0413724715615366,0.0413724715615366,9.5367431640625e-07,20,10,20,SR-ARE,naftifine,2.6507640448142224e-06,False,True,True,True,False,False,False,False,False,Correction,0.0293213516451938,0.0293213516451938,Naftifine,False,19
PCLITLDOTJTVDJ,0,0.321887309338951,0.2808110166832461,-0.0410762926557048,0.0410762926557048,0.0190580628944432,0.0365102626704999,-0.0784922394678492,0.0784922394678492,-0.1996979711757482,0.1996979711757482,-0.0582230225820038,0.0582230225820038,9.5367431640625e-07,20,19,20,SR-ARE,clomethiazole,2.6507640448142224e-06,True,True,True,True,True,True,True,True,True,Correction,0.0410762926557048,0.0410762926557048,Clomethiazole,False,5
RBTBFTRPCNLSDE,1,0.5046549496456019,0.6992288946834031,0.1945739450378013,0.1945739450378013,0.111802229647754,0.235957724737941,0.0023281596452328,0.0023281596452328,0.8791613741355926,0.8791613741355926,-0.3128062787243584,0.3128062787243584,9.5367431640625e-07,20,17,20,SR-ARE,methylene-blue,2.1734903025072675e-06,True,True,True,True,True,True,True,True,True,Rescue,0.1945739450378013,0.1945739450378013,Methylene Blue,False,1
RGPDEAGGEXEMMM,0,0.1574711520977174,0.1084938856205185,-0.0489772664771988,0.0489772664771988,0.0246780184536594,0.044872036160345,-0.1388026607538802,0.1388026607538802,-0.4498614529550425,0.4498614529550425,-0.056203829558327,0.056203829558327,9.5367431640625e-07,20,17,20,SR-ARE,nefopam,2.6507640448142224e-06,True,True,True,True,True,True,True,True,True,Correction,0.0489772664771988,0.0489772664771988,Nefopam,False,17
WDDPHFBMKLOVOX,1,0.1116911514928345,0.2517100297692151,0.1400188782763805,0.1400188782763805,0.1086668086057475,0.1007108786840211,0.3990022172949002,0.3990022172949002,0.8994028615522625,0.8994028615522625,-0.7175280051843113,0.7175280051843113,9.5367431640625e-07,20,15,20,SR-ARE,clofarabine,2.1734903025072675e-06,True,True,True,True,True,True,True,True,True,Rescue,0.1400188782763805,0.1400188782763805,Clofarabine,False,15
WGQKYBSKWIADBV,0,0.1038371092084071,0.0830381415178338,-0.0207989676905732,0.0207989676905732,0.0135653609730205,0.0182232496378364,-0.0392461197339246,0.0392461197339246,-0.2659624438594226,0.2659624438594226,-0.0228300466633974,0.0228300466633974,9.5367431640625e-07,20,8,20,SR-ARE,benzydamine,2.6507640448142224e-06,False,True,True,True,False,False,False,False,False,Correction,0.0207989676905732,0.0207989676905732,Benzydamine,False,20
XDRYMKDFEDOLFX,1,0.2200935118659472,0.5974294261021791,0.3773359142362317,0.3773359142362317,0.217991069002098,0.4018573015813197,0.3406873614190687,0.3406873614190687,1.8110047282894155,1.8110047282894155,-0.9231105099109158,0.9231105099109158,9.5367431640625e-07,20,18,20,SR-ARE,pentamidine,2.1734903025072675e-06,True,True,True,True,True,True,True,True,True,Rescue,0.3773359142362317,0.3773359142362317,Pentamidine,False,19
AAOVKJBEBIDNHE,0,0.2554805929261371,0.21114272350243,-0.044337869423707,0.044337869423707,0.0154293586531759,0.0464516234233708,-0.0579725448785638,0.0579725448785638,-0.2486492658531681,0.2486492658531681,-0.0578859525615713,0.0578859525615713,9.5367431640625e-07,20,19,20,SR-MMP,diazepam,1.674643788722086e-06,True,True,True,True,True,True,True,True,True,Correction,0.044337869423707,0.044337869423707,Diazepam,False,16
BLXXJMDCKKHMKV,0,0.2969864352164855,0.2306547180685954,-0.06633171714789,0.06633171714789,0.0184723350993235,0.0696539009487205,-0.0707497360084477,0.0707497360084477,-0.3443242876219798,0.3443242876219798,-0.0901386817384361,0.0901386817384361,9.5367431640625e-07,20,20,20,SR-MMP,nabumetone,1.674643788722086e-06,True,True,True,True,True,True,True,True,True,Correction,0.06633171714789,0.06633171714789,Nabumetone,False,1
BMUKKTUHUDJSNZ,0,0.1361117143333248,0.1046396975401642,-0.0314720167931605,0.0314720167931605,0.0092240667224289,0.0305304933462298,-0.087961985216473,0.087961985216473,-0.3021585698561094,0.3021585698561094,-0.0357476897556209,0.0357476897556209,9.5367431640625e-07,20,19,20,SR-MMP,isoxsuprine,1.674643788722086e-06,True,True,True,True,True,True,True,True,True,Correction,0.0314720167931605,0.0314720167931605,Isoxsuprine,False,15
BUXRLJCGHZZYNE,0,0.1382832797416619,0.0720168288191906,-0.0662664509224712,0.0662664509224712,0.0175705811160011,0.0661375701887026,-0.2687434002111932,0.2687434002111932,-0.7512329319929689,0.7512329319929689,-0.0739673559623715,0.0739673559623715,9.5367431640625e-07,20,20,20,SR-MMP,cimaterol,1.674643788722086e-06,True,True,True,True,True,True,True,True,True,Correction,0.0662664509224712,0.0662664509224712,Cimaterol,False,3
GZUITABIAKMVPG,1,0.4919234911645755,0.7588450623303464,0.2669215711657707,0.2669215711657707,0.0658218246046984,0.2785045223212518,0.0120908130939809,0.0120908130939809,1.2154984061771523,1.2154984061771523,-0.4297241766680927,0.4297241766680927,9.5367431640625e-07,20,20,20,SR-MMP,raloxifene,2.0069862479594217e-06,True,True,True,True,True,True,True,True,True,Rescue,0.2669215711657707,0.2669215711657707,Raloxifene,False,18
HOGVTUZUJGHKPL,1,0.0859188621322961,0.3694414518105576,0.2835225896782615,0.2835225896782615,0.1561561767029269,0.2785617448916777,0.472544878563886,0.472544878563886,1.781659971010471,1.781659971010471,-1.3751595810086272,1.3751595810086272,9.5367431640625e-07,20,20,20,SR-MMP,triciribine,2.0069862479594217e-06,True,True,True,True,True,True,True,True,True,Rescue,0.2835225896782615,0.2835225896782615,Triciribine,False,12
IENZQIKPVFGBNW,0,0.0857896250861847,0.0731529199420334,-0.0126367051441512,0.0126367051441512,0.004605969180106,0.0129655455482454,-0.0224920802534318,0.0224920802534318,-0.1745646510210375,0.1745646510210375,-0.0137245277153182,0.0137245277153182,9.5367431640625e-07,20,0,20,SR-MMP,prazosin,1.674643788722086e-06,False,True,False,False,False,False,False,False,False,Correction,0.0126367051441512,,Prazosin,False,18
IXORZMNAPKEEDV,0,0.1494082498190852,0.1119756247929885,-0.0374326250260966,0.0374326250260966,0.0179748081835039,0.0326888968934938,-0.1052798310454065,0.1052798310454065,-0.3405717227223395,0.3405717227223395,-0.0429497990367322,0.0429497990367322,9.5367431640625e-07,20,19,20,SR-MMP,MD-920,1.674643788722086e-06,True,True,True,True,True,True,True,True,True,Correction,0.0374326250260966,0.0374326250260966,MD-920,False,12
JAYAGJDXJIDEKI,1,0.1394736458381598,0.6813565303238198,0.54188288448566,0.54188288448566,0.2261757371533474,0.6264608519751609,0.319376979936642,0.319376979936642,2.720914560647479,2.720914560647479,-1.4968454557116828,1.4968454557116828,9.5367431640625e-07,20,19,20,SR-MMP,lanatoside-c,2.0069862479594217e-06,True,True,True,True,True,True,True,True,True,Rescue,0.54188288448566,0.54188288448566,Lanatoside C,False,9
JXLYSJRDGCGARV,1,0.2688302771066931,0.711640557528521,0.4428102804218278,0.4428102804218278,0.1872907830426711,0.5228482197224165,0.1062829989440337,0.1062829989440337,2.0462303036720444,2.0462303036720444,-0.927958495720432,0.927958495720432,9.5367431640625e-07,20,18,20,SR-MMP,vinblastine,2.0069862479594217e-06,True,True,True,True,True,True,True,True,True,Rescue,0.4428102804218278,0.4428102804218278,Vinblastine,False,7
KHOITXIGCFIULA,1,0.5054463550116987,0.9538972595413824,0.4484509045296835,0.4484509045296835,0.0327382928632741,0.4579606430795099,0.0284054910242872,0.0284054910242872,3.146366965729876,3.146366965729876,-0.6353793377766384,0.6353793377766384,9.5367431640625e-07,20,20,20,SR-MMP,bisacodyl,2.0069862479594217e-06,True,True,True,True,True,True,True,True,True,Rescue,0.4484509045296835,0.4484509045296835,Bisacodyl,False,13
KYRVNWMVYQXFEU,1,0.1410813194139595,0.4223633125971887,0.2812819931832292,0.2812819931832292,0.1333519313086505,0.3304313346044742,0.2617212249208025,0.2617212249208025,1.4591318060000993,1.4591318060000993,-1.0360497843865346,1.0360497843865346,9.5367431640625e-07,20,19,20,SR-MMP,nocodazole,2.0069862479594217e-06,True,True,True,True,True,True,True,True,True,Rescue,0.2812819931832292,0.2812819931832292,Nocodazole,False,11
LCTZPQRFOZKZNK,0,0.4569137287400443,0.3666240911810596,-0.0902896375589847,0.0902896375589847,0.0500303847743988,0.093007614181518,-0.0656810982048574,0.0656810982048574,-0.3814510851145608,0.3814510851145608,-0.1509096305219902,0.1509096305219902,9.5367431640625e-07,20,18,20,SR-MMP,diphemanil,1.674643788722086e-06,True,True,True,True,True,True,True,True,True,Correction,0.0902896375589847,0.0902896375589847,Diphemanil,False,4
LPMXVESGRSUGHW,1,0.073035550654525,0.6905537511287744,0.6175182004742493,0.6175182004742493,0.2698458018735317,0.7384746735865699,0.619376979936642,0.619376979936642,3.757557489306683,3.757557489306683,-2.1180763710607007,2.1180763710607007,9.5367431640625e-07,20,19,20,SR-MMP,ouabain,2.0069862479594217e-06,True,True,True,True,True,True,True,True,True,Rescue,0.6175182004742493,0.6175182004742493,Ouabain,False,4
LTMHDMANZUZIPE,1,0.0977738345341795,0.6266643804339338,0.5288905458997544,0.5288905458997544,0.1359237778006353,0.5910100437267061,0.4856388595564942,0.4856388595564942,2.766067322974924,2.766067322974924,-1.829796011650879,1.829796011650879,9.5367431640625e-07,20,20,20,SR-MMP,digoxin,2.0069862479594217e-06,True,True,True,True,True,True,True,True,True,Rescue,0.5288905458997544,0.5288905458997544,Digoxin,False,2
MDKGKXOCJGEUJW,0,0.4157330702077806,0.3369324628801254,-0.0788006073276551,0.0788006073276551,0.0341303609875127,0.0754273170319266,-0.0612460401267159,0.0612460401267159,-0.3406443602197768,0.3406443602197768,-0.1256563311307202,0.1256563311307202,9.5367431640625e-07,20,19,20,SR-MMP,suprofen,1.674643788722086e-06,True,True,True,True,True,True,True,True,True,Correction,0.0788006073276551,0.0788006073276551,Suprofen,False,13
MLDQJTXFUGDVEO,1,0.394928457842589,0.7676107564070093,0.3726822985644202,0.3726822985644202,0.1351785626321633,0.3947955974031438,0.0527983104540654,0.0527983104540654,1.7710918721510749,1.7710918721510749,-0.6473281319427271,0.6473281319427271,9.5367431640625e-07,20,19,20,SR-MMP,sorafenib,2.0069862479594217e-06,True,True,True,True,True,True,True,True,True,Rescue,0.3726822985644202,0.3726822985644202,Sorafenib,False,20
MYEJFUXQJGHEQK,1,0.1333629060115886,0.772951595219132,0.6395886892075434,0.6395886892075434,0.216584406510682,0.6988568204862654,0.3599788806758183,0.3599788806758183,3.5308785354759,3.5308785354759,-1.6984170813104598,1.6984170813104598,9.5367431640625e-07,20,20,20,SR-MMP,BRD-K11451237,2.0069862479594217e-06,True,True,True,True,True,True,True,True,True,Rescue,0.6395886892075434,0.6395886892075434,BRD-K11451237,False,17
NUHPODZZKHQQET,0,0.1272169649941339,0.1061949830161189,-0.021021981978015,0.021021981978015,0.0075341117934695,0.0208555270818538,-0.0495248152059134,0.0495248152059134,-0.206028800040848,0.206028800040848,-0.0237813928065694,0.0237813928065694,9.5367431640625e-07,20,13,20,SR-MMP,siguazodan,1.674643788722086e-06,False,True,True,True,False,False,False,False,False,Correction,0.021021981978015,0.021021981978015,Siguazodan,False,14
OPXLLQIJSORQAM,1,0.1487657752255087,0.4832944258458127,0.3345286506203039,0.3345286506203039,0.1390243861647142,0.3441877211301652,0.2560718057022175,0.2560718057022175,1.6602080824730905,1.6602080824730905,-1.1260211737762031,1.1260211737762031,9.5367431640625e-07,20,19,20,SR-MMP,mebendazole,2.0069862479594217e-06,True,True,True,True,True,True,True,True,True,Rescue,0.3345286506203039,0.3345286506203039,Mebendazole,False,8
OZGNYLLQHRPOBR,0,0.282531878750376,0.2401179241197923,-0.0424139546305837,0.0424139546305837,0.020643019663279,0.0411938499019528,-0.0546462513199577,0.0546462513199577,-0.2247088325556689,0.2247088325556689,-0.0570611279791577,0.0570611279791577,9.5367431640625e-07,20,18,20,SR-MMP,naftifine,1.674643788722086e-06,True,True,True,True,True,True,True,True,True,Correction,0.0424139546305837,0.0424139546305837,Naftifine,False,19
PCLITLDOTJTVDJ,0,0.1492644295475588,0.1255173378103582,-0.0237470917372006,0.0237470917372006,0.0143841448317463,0.0225357482129679,-0.0538014783526926,0.0538014783526926,-0.2045286022756227,0.2045286022756227,-0.0274696134044048,0.0274696134044048,9.5367431640625e-07,20,11,20,SR-MMP,clomethiazole,1.674643788722086e-06,False,True,True,True,False,False,False,False,False,Correction,0.0237470917372006,0.0237470917372006,Clomethiazole,False,5
RBTBFTRPCNLSDE,1,0.5469223551523965,0.938758410546988,0.3918360553945915,0.3918360553945915,0.0590859214952234,0.4057412426459911,0.0179514255543822,0.0179514255543822,2.87441014089408,2.87441014089408,-0.5385390945889859,0.5385390945889859,9.5367431640625e-07,20,20,20,SR-MMP,methylene-blue,2.0069862479594217e-06,True,True,True,True,True,True,True,True,True,Rescue,0.3918360553945915,0.3918360553945915,Methylene Blue,False,1
RGPDEAGGEXEMMM,0,0.160445826488255,0.135507442915652,-0.024938383572603,0.024938383572603,0.0089097501693606,0.0245171765313188,-0.0581837381203801,0.0581837381203801,-0.1989345306409675,0.1989345306409675,-0.0292670101296322,0.0292670101296322,9.5367431640625e-07,20,14,20,SR-MMP,nefopam,1.674643788722086e-06,False,True,True,True,False,False,False,False,False,Correction,0.024938383572603,0.024938383572603,Nefopam,False,17
RJMIEHBSYVWVIN,0,0.4803021459295283,0.4228609251151444,-0.057441220814384,0.057441220814384,0.0212683956713233,0.0547675965383257,-0.0535902851108764,0.0535902851108764,-0.232903800326833,0.232903800326833,-0.1043950889692821,0.1043950889692821,9.5367431640625e-07,20,19,20,SR-MMP,indoprofen,1.674643788722086e-06,True,True,True,True,True,True,True,True,True,Correction,0.057441220814384,0.057441220814384,Indoprofen,False,11
RJMUSRYZPJIFPJ,1,0.3372756762612377,0.9224685000909028,0.5851928238296652,0.5851928238296652,0.1264229229464897,0.630683628426312,0.0930306230200633,0.0930306230200633,4.307736843849011,4.307736843849011,-0.9929111195597063,0.9929111195597063,9.5367431640625e-07,20,20,20,SR-MMP,niclosamide,2.0069862479594217e-06,True,True,True,True,True,True,True,True,True,Rescue,0.5851928238296652,0.5851928238296652,Niclosamide,False,3
TVQZAMVBTVNYLA,0,0.1609689763707735,0.122775850810422,-0.0381931255603515,0.0381931255603515,0.0134900708337647,0.040870056867222,-0.1021647307286166,0.1021647307286166,-0.3198066365010303,0.3198066365010303,-0.0444586975196162,0.0444586975196162,9.5367431640625e-07,20,19,20,SR-MMP,pranoprofen,1.674643788722086e-06,True,True,True,True,True,True,True,True,True,Correction,0.0381931255603515,0.0381931255603515,Pranoprofen,False,8
UGTJLJZQQFGTJD,1,0.2615991224132641,0.8871214519087415,0.6255223294954774,0.6255223294954774,0.0930105808380983,0.6554506475439882,0.141974656810982,0.141974656810982,3.429853808414532,3.429853808414532,-1.215938587087438,1.215938587087438,9.5367431640625e-07,20,20,20,SR-MMP,CCCP,2.0069862479594217e-06,True,True,True,True,True,True,True,True,True,Rescue,0.6255223294954774,0.6255223294954774,CCCP,False,5
UIARLYUEJFELEN,1,0.4886496941286011,0.7133112299880201,0.224661535859419,0.224661535859419,0.0647191493840001,0.2224077016796471,0.0072333685322069,0.0072333685322069,0.985250549239231,0.985250549239231,-0.3736069389640372,0.3736069389640372,9.5367431640625e-07,20,20,20,SR-MMP,lestaurtinib,2.0069862479594217e-06,True,True,True,True,True,True,True,True,True,Rescue,0.224661535859419,0.224661535859419,Lestaurtinib,False,6
VEMKTZHHVJILDY,0,0.2462405003718782,0.1812900766677453,-0.0649504237041328,0.0649504237041328,0.0264012344924264,0.0608876849638199,-0.0935058078141499,0.0935058078141499,-0.3982733068433308,0.3982733068433308,-0.082382447371459,0.082382447371459,9.5367431640625e-07,20,19,20,SR-MMP,resmethrin,1.674643788722086e-06,True,True,True,True,True,True,True,True,True,Correction,0.0649504237041328,0.0649504237041328,Resmethrin,False,7
WDJUZGPOPHTGOT,1,0.1093177002722732,0.6529957659803433,0.5436780657080701,0.5436780657080701,0.1307387675120793,0.5981780067703895,0.4387011615628299,0.4387011615628299,2.7637947206854845,2.7637947206854845,-1.7639316029073708,1.7639316029073708,9.5367431640625e-07,20,20,20,SR-MMP,digitoxin,2.0069862479594217e-06,True,True,True,True,True,True,True,True,True,Rescue,0.5436780657080701,0.5436780657080701,Digitoxin,False,14
WGQKYBSKWIADBV,0,0.2106024204939234,0.1628615554494205,-0.0477408650445029,0.0477408650445029,0.0127326614589482,0.047781662174324,-0.0881731784582893,0.0881731784582893,-0.3184083098185372,0.3184083098185372,-0.0586414997001553,0.0586414997001553,9.5367431640625e-07,20,20,20,SR-MMP,benzydamine,1.674643788722086e-06,True,True,True,True,True,True,True,True,True,Correction,0.0477408650445029,0.0477408650445029,Benzydamine,False,20
XDRYMKDFEDOLFX,1,0.188671865850171,0.3486651634319427,0.1599932975817717,0.1599932975817717,0.0692705116362744,0.1588358517343007,0.1095036958817317,0.1095036958817317,0.8200295313675671,0.8200295313675671,-0.594089506035673,0.594089506035673,9.5367431640625e-07,20,19,20,SR-MMP,pentamidine,2.0069862479594217e-06,True,True,True,True,True,True,True,True,True,Rescue,0.1599932975817717,0.1599932975817717,Pentamidine,False,19
YWJXCIXBAKGUKZ,0,0.1330738569501262,0.093356230373221,-0.0397176265769051,0.0397176265769051,0.0146221005999401,0.0362215017605884,-0.1306230200633579,0.1306230200633579,-0.4069638951926097,0.4069638951926097,-0.0447294320489327,0.0447294320489327,9.5367431640625e-07,20,19,20,SR-MMP,bergenin,1.674643788722086e-06,True,True,True,True,True,True,True,True,True,Correction,0.0397176265769051,0.0397176265769051,Bergenin,False,2
AAOVKJBEBIDNHE,0,0.1685284174251185,0.1380746674413189,-0.0304537499837995,0.0304537499837995,0.0111166824145788,0.028824958707503,-0.0677320490367775,0.0677320490367775,-0.2378243196638632,0.2378243196638632,-0.0359303525933311,0.0359303525933311,9.5367431640625e-07,20,17,20,SR-p53,diazepam,1.5412321769785217e-06,True,True,True,True,True,True,True,True,True,Correction,0.0304537499837995,0.0304537499837995,Diazepam,False,16
BLXXJMDCKKHMKV,0,0.1540755345593254,0.1133298347541339,-0.0407456998051915,0.0407456998051915,0.0165515058420935,0.0420471856034291,-0.113922942206655,0.113922942206655,-0.3590786320491935,0.3590786320491935,-0.0469950870226932,0.0469950870226932,9.5367431640625e-07,20,19,20,SR-p53,nabumetone,1.5412321769785217e-06,True,True,True,True,True,True,True,True,True,Correction,0.0407456998051915,0.0407456998051915,Nabumetone,False,1
BMUKKTUHUDJSNZ,0,0.0509101789150407,0.0352489490459005,-0.0156612298691402,0.0156612298691402,0.0041950080697073,0.0145065771112844,-0.098861646234676,0.098861646234676,-0.3886170088507526,0.3886170088507526,-0.0163648315535136,0.0163648315535136,9.5367431640625e-07,20,3,20,SR-p53,isoxsuprine,1.5412321769785217e-06,False,True,False,False,False,False,False,False,False,Correction,0.0156612298691402,,Isoxsuprine,False,15
BUXRLJCGHZZYNE,0,0.0627799122447172,0.0382895033720798,-0.0244904088726374,0.0244904088726374,0.0050576651736219,0.0238137518280365,-0.2366024518388791,0.2366024518388791,-0.5275810374305131,0.5275810374305131,-0.0257854678066123,0.0257854678066123,9.5367431640625e-07,20,18,20,SR-p53,cimaterol,1.5412321769785217e-06,True,True,True,True,True,True,True,True,True,Correction,0.0244904088726374,0.0244904088726374,Cimaterol,False,3
FJLGEFLZQAZZCD,0,0.1093140434580393,0.2359915147335013,0.126677471275462,-0.126677471275462,0.0755786838530847,-0.0958199547203867,0.1364273204903678,-0.1364273204903678,0.8797171572819472,-0.8797171572819472,0.158303917411077,-0.158303917411077,1.0,0,0,20,SR-p53,fluvastatin,1.0,False,False,False,False,False,False,False,False,False,Correction,-0.126677471275462,,Fluvastatin,False,6
GDLIGKIOYRNHDA,0,0.0801569031554316,0.0937425941019226,0.0135856909464909,-0.0135856909464909,0.0074891291217707,-0.0104305959793612,0.124430823117338,-0.124430823117338,0.1673486162624851,-0.1673486162624851,0.0149323609632201,-0.0149323609632201,1.0,0,0,20,SR-p53,clomipramine,1.0,False,False,False,False,False,False,False,False,False,Correction,-0.0135856909464909,,Clomipramine,False,10
GZUITABIAKMVPG,1,0.2289400961040261,0.4388385228975363,0.2098984267935101,0.2098984267935101,0.0951021338464665,0.190764929269203,-0.0069614711033275,-0.0069614711033275,0.9579610644477587,0.9579610644477587,-0.6254824418761569,0.6254824418761569,9.5367431640625e-07,20,19,20,SR-p53,raloxifene,1.354493956634964e-06,True,True,True,True,True,True,True,True,True,Rescue,0.2098984267935101,0.2098984267935101,Raloxifene,False,18
HYFHYPWGAURHIV,1,0.0998467328080419,0.4234881915879394,0.3236414587798976,0.3236414587798976,0.1135308529728435,0.3487806976908775,0.2226357267950963,0.2226357267950963,1.8558916306625144,1.8558916306625144,-1.3920348944663208,1.3920348944663208,9.5367431640625e-07,20,19,20,SR-p53,BRD-K76674262,1.354493956634964e-06,True,True,True,True,True,True,True,True,True,Rescue,0.3236414587798976,0.3236414587798976,BRD-K76674262,False,10
IXORZMNAPKEEDV,0,0.0776101842432634,0.0674765026216159,-0.0101336816216475,0.0101336816216475,0.0033610350769618,0.0100307911922169,-0.0612084063047285,0.0612084063047285,-0.1513567648863733,0.1513567648863733,-0.0109255042917972,0.0109255042917972,9.5367431640625e-07,20,0,20,SR-p53,MD-920,1.5412321769785217e-06,False,True,False,False,False,False,False,False,False,Correction,0.0101336816216475,,MD-920,False,12
JAYAGJDXJIDEKI,1,0.1845746358783008,0.4821404254760151,0.2975657895977142,0.2975657895977142,0.1348644137249209,0.3281449213627067,0.0272329246935201,0.0272329246935201,1.3996164001624396,1.3996164001624396,-0.9127434385630598,0.9127434385630598,9.5367431640625e-07,20,19,20,SR-p53,lanatoside-c,1.354493956634964e-06,True,True,True,True,True,True,True,True,True,Rescue,0.2975657895977142,0.2975657895977142,Lanatoside C,False,9
JBIMVDZLSHOPLA,0,0.0901360611802637,0.0895315667741473,-0.0006044944061164,0.0006044944061164,0.0030354426503811,0.0001676455972575,0.015893169877408,-0.015893169877408,-0.0082323590651037,0.0082323590651037,-0.0006570520338443,0.0006570520338443,0.4061775207519531,10,0,20,SR-p53,olopatadine,0.5109028092349868,False,False,False,False,False,False,False,False,False,Correction,0.0006044944061164,,Olopatadine,False,9
JXLYSJRDGCGARV,1,0.1671441474184537,0.3455203587429353,0.1783762113244816,0.1783762113244816,0.1408691794445326,0.1366682158970822,0.0283274956217162,0.0283274956217162,0.9145602622639788,0.9145602622639788,-0.6479883105425996,0.6479883105425996,9.5367431640625e-07,20,18,20,SR-p53,vinblastine,1.354493956634964e-06,True,True,True,True,True,True,True,True,True,Rescue,0.1783762113244816,0.1783762113244816,Vinblastine,False,7
KHOITXIGCFIULA,1,0.1165365793612377,0.459323359933678,0.3427867805724403,0.3427867805724403,0.1283306273333183,0.3175458062156526,0.1560858143607705,0.1560858143607705,1.8555636445710648,1.8555636445710648,-1.3342550443268149,1.3342550443268149,9.5367431640625e-07,20,20,20,SR-p53,bisacodyl,1.354493956634964e-06,True,True,True,True,True,True,True,True,True,Rescue,0.3427867805724403,0.3427867805724403,Bisacodyl,False,13
KYRVNWMVYQXFEU,1,0.2547868222006204,0.5289637618026968,0.2741769396020764,0.2741769396020764,0.1418169632366153,0.2848235521871639,-0.0077495621716287,-0.0077495621716287,1.1963912736296582,1.1963912736296582,-0.6884119985064406,0.6884119985064406,9.5367431640625e-07,20,18,20,SR-p53,nocodazole,1.354493956634964e-06,True,True,True,True,True,True,True,True,True,Rescue,0.2741769396020764,0.2741769396020764,Nocodazole,False,11
LCTZPQRFOZKZNK,0,0.075710816967354,0.0570346755417332,-0.0186761414256207,0.0186761414256207,0.0099882093378792,0.0208150271910674,-0.1667250437828371,0.1667250437828371,-0.3143831092313799,0.3143831092313799,-0.0199710492801318,0.0199710492801318,9.5367431640625e-07,20,10,20,SR-p53,diphemanil,1.5412321769785217e-06,False,True,False,False,False,False,False,False,False,Correction,0.0186761414256207,,Diphemanil,False,4
LTMHDMANZUZIPE,1,0.1905260975664057,0.4327029617568301,0.2421768641904244,0.2421768641904244,0.1161934734235985,0.2410442269100493,0.0185639229422066,0.0185639229422066,1.1784264010710932,1.1784264010710932,-0.7902931038540505,0.7902931038540505,9.5367431640625e-07,20,20,20,SR-p53,digoxin,1.354493956634964e-06,True,True,True,True,True,True,True,True,True,Rescue,0.2421768641904244,0.2421768641904244,Digoxin,False,2
MDKGKXOCJGEUJW,0,0.0924579617988468,0.0755748120300499,-0.0168831497687968,0.0168831497687968,0.0042518383528406,0.0165526819655089,-0.111646234676007,0.111646234676007,-0.2195206376190048,0.2195206376190048,-0.0184419822076927,0.0184419822076927,9.5367431640625e-07,20,3,20,SR-p53,suprofen,1.5412321769785217e-06,False,True,False,False,False,False,False,False,False,Correction,0.0168831497687968,,Suprofen,False,13
MLDQJTXFUGDVEO,1,0.0820449705096589,0.3028178688717171,0.2207728983620582,0.2207728983620582,0.121015350402688,0.2355827716779072,0.3296847635726795,0.3296847635726795,1.506057453632487,1.506057453632487,-1.2151833323246282,1.2151833323246282,9.5367431640625e-07,20,19,20,SR-p53,sorafenib,1.354493956634964e-06,True,True,True,True,True,True,True,True,True,Rescue,0.2207728983620582,0.2207728983620582,Sorafenib,False,20
NRUKOCRGYNPUPR,1,0.201865651352621,0.9044478923295618,0.7025822409769409,0.7025822409769409,0.1127207468038676,0.7622705577009173,0.0334938704028021,0.0334938704028021,4.359239210202016,4.359239210202016,-1.4938065998554433,1.4938065998554433,9.5367431640625e-07,20,20,20,SR-p53,teniposide,1.354493956634964e-06,True,True,True,True,True,True,True,True,True,Rescue,0.7025822409769409,0.7025822409769409,Teniposide,False,16
NUHPODZZKHQQET,0,0.0987277649258542,0.0783837587293428,-0.0203440061965113,0.0203440061965113,0.0065240010893857,0.0220288003148574,-0.1283274956217163,0.1283274956217163,-0.2551596788551475,0.2551596788551475,-0.0223114260521103,0.0223114260521103,9.5367431640625e-07,20,14,20,SR-p53,siguazodan,1.5412321769785217e-06,False,True,True,True,False,False,False,False,False,Correction,0.0203440061965113,0.0203440061965113,Siguazodan,False,14
OPXLLQIJSORQAM,1,0.1526933665011899,0.396798097114117,0.244104730612927,0.244104730612927,0.1548009123099732,0.1987024622342337,0.0601138353765323,0.0601138353765323,1.2689158897198678,1.2689158897198678,-0.8887731293748539,0.8887731293748539,9.5367431640625e-07,20,20,20,SR-p53,mebendazole,1.354493956634964e-06,True,True,True,True,True,True,True,True,True,Rescue,0.244104730612927,0.244104730612927,Mebendazole,False,8
OZGNYLLQHRPOBR,0,0.0973417934540742,0.0881965810968914,-0.0091452123571828,0.0091452123571828,0.0043733081435502,0.0103092486837428,-0.0434763572679509,0.0434763572679509,-0.1084045127419486,0.1084045127419486,-0.0100891185729816,0.0100891185729816,9.5367431640625e-07,20,0,20,SR-p53,naftifine,1.5412321769785217e-06,False,True,False,False,False,False,False,False,False,Correction,0.0091452123571828,,Naftifine,False,19
PCLITLDOTJTVDJ,0,0.1094131543102608,0.0967188994344734,-0.0126942548757873,0.0126942548757873,0.0058360634120711,0.011142149058217,-0.0629597197898423,0.0629597197898423,-0.1402685953023378,0.1402685953023378,-0.0141243761807585,0.0141243761807585,9.5367431640625e-07,20,1,20,SR-p53,clomethiazole,1.5412321769785217e-06,False,True,False,False,False,False,False,False,False,Correction,0.0126942548757873,,Clomethiazole,False,5
RBTBFTRPCNLSDE,1,0.3872598417038143,0.8399641850219206,0.4527043433181064,0.4527043433181064,0.121980248134515,0.4444241212305146,-0.0019264448336251,-0.0019264448336251,2.418519963902876,2.418519963902876,-0.7640163484546094,0.7640163484546094,9.5367431640625e-07,20,20,20,SR-p53,methylene-blue,1.354493956634964e-06,True,True,True,True,True,True,True,True,True,Rescue,0.4527043433181064,0.4527043433181064,Methylene Blue,False,1
RGPDEAGGEXEMMM,0,0.073896615296953,0.0623692108642492,-0.0115274044327038,0.0115274044327038,0.0050183407774878,0.0116959640408716,-0.0776269702276707,0.0776269702276707,-0.1836101681702913,0.1836101681702913,-0.012366107790623,0.012366107790623,9.5367431640625e-07,20,0,20,SR-p53,nefopam,1.5412321769785217e-06,False,True,False,False,False,False,False,False,False,Correction,0.0115274044327038,,Nefopam,False,17
RJMIEHBSYVWVIN,0,0.0982916209848919,0.0735367721846436,-0.0247548488002482,0.0247548488002482,0.0055206141140838,0.0234959319358905,-0.1704903677758318,0.1704903677758318,-0.3173224434339635,0.3173224434339635,-0.0270914577791497,0.0270914577791497,9.5367431640625e-07,20,18,20,SR-p53,indoprofen,1.5412321769785217e-06,True,True,True,True,True,True,True,True,True,Correction,0.0247548488002482,0.0247548488002482,Indoprofen,False,11
RJMUSRYZPJIFPJ,1,0.0903215667841045,0.6643604822389635,0.574038915454859,0.574038915454859,0.1609192286336975,0.4762851711576709,0.3177320490367776,0.3177320490367776,3.1118928490352498,3.1118928490352498,-1.968963611618512,1.968963611618512,9.5367431640625e-07,20,20,20,SR-p53,niclosamide,1.354493956634964e-06,True,True,True,True,True,True,True,True,True,Rescue,0.574038915454859,0.574038915454859,Niclosamide,False,3
TVQZAMVBTVNYLA,0,0.0834460717767207,0.0608735022018978,-0.0225725695748228,0.0225725695748228,0.0071841434143091,0.0225307284542745,-0.2042907180385288,0.2042907180385288,-0.3438149155854607,0.3438149155854607,-0.0243168622174073,0.0243168622174073,9.5367431640625e-07,20,15,20,SR-p53,pranoprofen,1.5412321769785217e-06,True,True,True,True,True,True,True,True,True,Correction,0.0225725695748228,0.0225725695748228,Pranoprofen,False,8
UIARLYUEJFELEN,1,0.3255427907734384,0.7266314101470301,0.4010886193735917,0.4010886193735917,0.1781156305818186,0.4038879222119794,-0.005385288966725,-0.005385288966725,1.891773285937792,1.891773285937792,-0.7650890208891198,0.7650890208891198,9.5367431640625e-07,20,18,20,SR-p53,lestaurtinib,1.354493956634964e-06,True,True,True,True,True,True,True,True,True,Rescue,0.4010886193735917,0.4010886193735917,Lestaurtinib,False,6
VEMKTZHHVJILDY,0,0.0586469437939243,0.0371181533215841,-0.0215287904723402,0.0215287904723402,0.0058018947189485,0.0208936585463331,-0.1849824868651488,0.1849824868651488,-0.4901189549756022,0.4901189549756022,-0.0226015619138633,0.0226015619138633,9.5367431640625e-07,20,11,20,SR-p53,resmethrin,1.5412321769785217e-06,False,True,True,True,False,False,False,False,False,Correction,0.0215287904723402,0.0215287904723402,Resmethrin,False,7
WDDPHFBMKLOVOX,1,0.1632564593644999,0.4968048910005227,0.3335484316360227,0.3335484316360227,0.2023148789224059,0.2687781198398722,0.0517950963222416,0.0517950963222416,1.6337947713572418,1.6337947713572418,-1.0267423063326386,1.0267423063326386,9.5367431640625e-07,20,19,20,SR-p53,clofarabine,1.354493956634964e-06,True,True,True,True,True,True,True,True,True,Rescue,0.3335484316360227,0.3335484316360227,Clofarabine,False,15
WDJUZGPOPHTGOT,1,0.1919611645426455,0.4188239659510955,0.22686280140845,0.22686280140845,0.1160219758603527,0.2269216588400981,0.0138353765323993,0.0138353765323993,1.106729373166021,1.106729373166021,-0.7478781646650126,0.7478781646650126,9.5367431640625e-07,20,20,20,SR-p53,digitoxin,1.354493956634964e-06,True,True,True,True,True,True,True,True,True,Rescue,0.22686280140845,0.22686280140845,Digitoxin,False,14
WGQKYBSKWIADBV,0,0.046777456378652,0.0338057680430673,-0.0129716883355847,0.0129716883355847,0.0047998425834141,0.0115548840728042,-0.055385288966725,0.055385288966725,-0.3473408861610609,0.3473408861610609,-0.0135070977436665,0.0135070977436665,9.5367431640625e-07,20,1,20,SR-p53,benzydamine,1.5412321769785217e-06,False,True,False,False,False,False,False,False,False,Correction,0.0129716883355847,,Benzydamine,False,20
YWJXCIXBAKGUKZ,0,0.1755649964568779,0.1186392033123314,-0.0569257931445464,0.0569257931445464,0.0148839696816876,0.0594616058400194,-0.1280210157618213,0.1280210157618213,-0.4647971853168487,0.4647971853168487,-0.0666888722209916,0.0666888722209916,9.5367431640625e-07,20,20,20,SR-p53,bergenin,1.5412321769785217e-06,True,True,True,True,True,True,True,True,True,Correction,0.0569257931445464,0.0569257931445464,Bergenin,False,2
