role,ik,drug_name,compound_name,n_evaluable_endpoints,n_selected_endpoints,sum_selected_delta_p,maximum_selected_delta_p,candidate_rank
Correction,BLXXJMDCKKHMKV,nabumetone,Nabumetone,2,2,0.10707741695308151,0.06633171714789,1
Correction,YWJXCIXBAKGUKZ,bergenin,Bergenin,3,2,0.09664341972145149,0.0569257931445464,2
Correction,BUXRLJCGHZZYNE,cimaterol,Cimaterol,3,2,0.0907568597951086,0.0662664509224712,3
Correction,LCTZPQRFOZKZNK,diphemanil,Diphemanil,3,1,0.0902896375589847,0.0902896375589847,4
Correction,PCLITLDOTJTVDJ,clomethiazole,Clomethiazole,4,3,0.0898428092044645,0.0410762926557048,5
Correction,FJLGEFLZQAZZCD,fluvastatin,Fluvastatin,2,1,0.0884446686476221,0.0884446686476221,6
Correction,VEMKTZHHVJILDY,resmethrin,Resmethrin,3,2,0.086479214176473,0.0649504237041328,7
Correction,TVQZAMVBTVNYLA,pranoprofen,Pranoprofen,3,3,0.08281628042341851,0.0381931255603515,8
Correction,JBIMVDZLSHOPLA,olopatadine,Olopatadine,3,1,0.082721378926349,0.082721378926349,9
Correction,GDLIGKIOYRNHDA,clomipramine,Clomipramine,2,1,0.0822786762279124,0.0822786762279124,10
Correction,RJMIEHBSYVWVIN,indoprofen,Indoprofen,2,2,0.0821960696146322,0.057441220814384,11
Correction,IXORZMNAPKEEDV,MD-920,MD-920,4,2,0.0790615189849107,0.0416288939588141,12
Correction,MDKGKXOCJGEUJW,suprofen,Suprofen,3,1,0.0788006073276551,0.0788006073276551,13
Correction,NUHPODZZKHQQET,siguazodan,Siguazodan,4,3,0.0783397135453422,0.0369737253708159,14
Correction,BMUKKTUHUDJSNZ,isoxsuprine,Isoxsuprine,4,2,0.0752776740369932,0.0438056572438327,15
Correction,AAOVKJBEBIDNHE,diazepam,Diazepam,2,2,0.0747916194075065,0.044337869423707,16
Correction,RGPDEAGGEXEMMM,nefopam,Nefopam,4,2,0.0739156500498018,0.0489772664771988,17
Correction,IENZQIKPVFGBNW,prazosin,Prazosin,2,1,0.0721798717418742,0.0721798717418742,18
Correction,OZGNYLLQHRPOBR,naftifine,Naftifine,4,2,0.0717353062757775,0.0424139546305837,19
Correction,WGQKYBSKWIADBV,benzydamine,Benzydamine,4,2,0.0685398327350761,0.0477408650445029,20
Correction,XUIIKFGFIJCVMT,levothyroxine,Levothyroxine,2,1,0.0683485421546993,0.0683485421546993,21
Correction,BDYYDXJSHYEDGB,diloxanide,Diloxanide,3,2,0.06810324913761401,0.0412203307715136,22
Correction,NPRHVSBSZMAEIN,tridihexethyl,Tridihexethyl,3,1,0.0664396135094695,0.0664396135094695,23
Correction,BWPIARFWQZKAIA,protriptyline,Protriptyline,3,1,0.0657736680973468,0.0657736680973468,24
Correction,OYHQOLUKZRVURQ,linoleic-acid,Linoleic Acid,3,1,0.0656264888150968,0.0656264888150968,25
Correction,QXKHYNVANLEOEG,methoxsalen,Methoxsalen,3,2,0.06514765888771169,0.035795425773406,26
Correction,BTFMCMVEUCGQDX,piperacetazine,Piperacetazine,4,1,0.0651130066128287,0.0651130066128287,27
Correction,BVPWJMCABCPUQY,clebopride,Clebopride,3,2,0.0643982306380385,0.0376863567010947,28
Correction,IIBYAHWJQTYFKB,bezafibrate,Bezafibrate,4,2,0.0639193160771996,0.0422573070208083,29
Correction,FGXWKSZFVQUSTL,domperidone,Domperidone,4,1,0.0634648863727594,0.0634648863727594,30
Correction,SBDNJUWAMKYJOX,meclofenamic-acid,Meclofenamic Acid,3,1,0.0633259549516633,0.0633259549516633,31
Correction,QPGGEKPRGVJKQB,dibenzepin,Dibenzepin,4,2,0.0632173444355434,0.0327671099934553,32
Correction,PNVNVHUZROJLTJ,venlafaxine,Venlafaxine,4,2,0.0615155587426523,0.0337546336385568,33
Correction,VXVNYCRICCVPTD,doxycycline,Doxycycline,3,2,0.0613971679969883,0.0374582881204964,34
Correction,KVWDHTXUZHCGIO,olanzapine,Olanzapine,3,1,0.0612542511312678,0.0612542511312678,35
Correction,FMHHVULEAZTJMA,trioxsalen,Trioxsalen,4,2,0.060872296974700896,0.0304674014659077,36
Correction,GZHFODJQISUKAY,methantheline,Methantheline,3,2,0.0591272464202655,0.0342075247512881,37
Correction,PHWBOXQYWZNQIN,ticlopidine,Ticlopidine,3,2,0.0587943827621009,0.034022415921438,38
Correction,XMXHEBAFVSFQEX,iloperidone,Iloperidone,2,1,0.0585039682492691,0.0585039682492691,39
Correction,TVURRHSHRRELCG,fenoldopam,Fenoldopam,3,1,0.0582194247249956,0.0582194247249956,40
Correction,ATCGGEJZONJOCL,irsogladine,Irsogladine,4,2,0.0578136663943548,0.0372531767441948,41
Correction,WOXKDUGGOYFFRN,tadalafil,Tadalafil,3,2,0.057643769889805296,0.0354035433167127,42
Correction,MAEIEVLCKWDQJH,bumetanide,Bumetanide,4,1,0.0572291469694122,0.0572291469694122,43
Correction,MUQUYTSLDVKIOF,alcuronium,Alcuronium,3,2,0.0569788618170612,0.032417278473952,44
Correction,SGUAFYQXFOLMHL,labetalol,Labetalol,3,1,0.0566888961508679,0.0566888961508679,45
Correction,XSCGXQMFQXDFCW,triflupromazine,Triflupromazine,1,1,0.0566031524918184,0.0566031524918184,46
Correction,RZJQGNCSTQAWON,rofecoxib,Rofecoxib,3,2,0.056484632809684396,0.0331367743745929,47
Correction,QSLMDECMDJKHMQ,maprotiline,Maprotiline,2,1,0.0556476025704183,0.0556476025704183,48
Correction,SPFYMRJSYKOXGV,enrofloxacin,Enrofloxacin,3,2,0.0553576058912773,0.0327054856921098,49
Correction,CBEQULMOCCWAQT,triprolidine,Triprolidine,3,2,0.0549513461908235,0.0277774200410778,50
Correction,XAGMUUZPGZWTRP,pazufloxacin,Pazufloxacin,3,2,0.054193352395415,0.0274291666075547,51
Correction,RFHAOTPXVQNOHP,fluconazole,Fluconazole,4,2,0.0537056844326797,0.0280615384566063,52
Correction,ZYGHJZDHTFUPRJ,coumarin,Coumarin,4,1,0.0536036087773343,0.0536036087773343,53
Correction,RWTNPBWLLIMQHL,fexofenadine,Fexofenadine,3,1,0.0534890883685908,0.0534890883685908,54
Correction,SSOLNOMRVKKSON,proguanil,Proguanil,4,2,0.0534277290070675,0.0302705315021882,55
Correction,SOYKEARSMXGVTM,BRD-K89595132,BRD-K89595132,3,2,0.0530482459920948,0.0274511011724532,56
Correction,CYOHGALHFOKKQC,selumetinib,Selumetinib,2,1,0.0526961149982963,0.0526961149982963,57
Correction,VRYMTAVOXVTQEF,moxisylyte,Moxisylyte,3,2,0.0524333383904526,0.0274462528206406,58
Correction,RDOIQAHITMMDAJ,loperamide,Loperamide,3,1,0.0520975043520974,0.0520975043520974,59
Correction,DDNCQMVWWZOMLN,vinpocetine,Vinpocetine,3,1,0.0520810363697179,0.0520810363697179,60
Correction,ZCVMWBYGMWKGHF,ketotifen,Ketotifen,4,2,0.051519463109163194,0.0283995547204262,61
Correction,GPXLMGHLHQJAGZ,nafcilline,Nafcilline,3,2,0.0509476197897811,0.0278477841421108,62
Correction,NYPYHUZRZVSYKL,BRD-K59946561,BRD-K59946561,4,1,0.0504626255095175,0.0504626255095175,63
Correction,FFGPTBGBLSHEPO,carbamazepine,Carbamazepine,4,1,0.0502872837367667,0.0502872837367667,64
Correction,MEZZCSHVIGVWFI,dioxybenzone,Dioxybenzone,2,1,0.050060720173106,0.050060720173106,65
Correction,WFJIVOKAWHGMBH,hexylresorcinol,Hexylresorcinol,2,2,0.0498252954442458,0.0292090792342434,66
Correction,XNMYNYSCEJBRPZ,quinisocaine,Quinisocaine,3,2,0.0497963964219861,0.0278615878325429,67
Correction,SYTBZMRGLBWNTM,flurbiprofen,Flurbiprofen,3,1,0.0497209710255773,0.0497209710255773,68
Correction,XWTYSIMOBUGWOL,terbutaline,Terbutaline,3,1,0.0489266193955341,0.0489266193955341,69
Correction,BAQCROVBDNBEEB,metrizamide,Metrizamide,3,2,0.0476772031744734,0.0272972614773413,70
Correction,NQDJXKOVJZTUJA,nevirapine,Nevirapine,3,2,0.0473420452873835,0.026526615987612,71
Correction,BCEHBSKCWLPMDN,voriconazole,Voriconazole,4,1,0.0472477411371234,0.0472477411371234,72
Correction,DNXHEGUUPJUMQT,estrone,Estrone,3,1,0.0470920339388539,0.0470920339388539,73
Correction,MNJNPLVXBISNSX,bemesetron,Bemesetron,3,1,0.0468613161901917,0.0468613161901917,74
Correction,PBBGSZCBWVPOOL,hexestrol,Hexestrol,1,1,0.0465523517049754,0.0465523517049754,75
Correction,SGTNSNPWRIOYBX,verapamil,Verapamil,3,1,0.0461794370346,0.0461794370346,76
Correction,IJHNSHDBIRRJRN,pheniramine,Pheniramine,4,2,0.0457961199354366,0.0242955606930976,77
Correction,ODQWQRRAPPTVAG,doxepin,Doxepin,3,1,0.0456126813383332,0.0456126813383332,78
Correction,KPSRODZRAIWAKH,ciprofibrate,Ciprofibrate,4,1,0.0454396223486293,0.0454396223486293,79
Correction,KWGRBVOPPLSCSI,racephedrine,Racephedrine,4,1,0.0445105789873323,0.0445105789873323,80
Correction,OPNUROKCUBTKLF,ditolylguanidine,Ditolylguanidine,3,1,0.0441353455716696,0.0441353455716696,81
Correction,KYLIZBIRMBGUOP,BRD-K92490248,BRD-K92490248,1,1,0.0440440542392187,0.0440440542392187,82
Correction,FEROPKNOYKURCJ,zacopride,Zacopride,3,2,0.0436560792640865,0.0225340304514186,83
Correction,UIAYVIIHMORPSJ,cilostamide,Cilostamide,4,1,0.0434671813853358,0.0434671813853358,84
Correction,JZRWCGZRTZMZEH,thiamine,Thiamine,3,1,0.0432835640409447,0.0432835640409447,85
Correction,JBDGDEWWOUBZPM,ambroxol,Ambroxol,3,1,0.0427626129413224,0.0427626129413224,86
Correction,HEFNNWSXXWATRW,BRD-K14965640,BRD-K14965640,3,1,0.0423444529032362,0.0423444529032362,87
Correction,WHTVZRBIWZFKQO,chloroquine,Chloroquine,4,1,0.0422535521153436,0.0422535521153436,88
Correction,CTRLABGOLIVAIY,oxcarbazepine,Oxcarbazepine,3,1,0.0418165909201895,0.0418165909201895,89
Correction,VZJFGSRCJCXDSG,hexamethonium,Hexamethonium,3,1,0.0417922601372567,0.0417922601372567,90
Correction,OVGORFFCBUIFIA,fenipentol,Fenipentol,3,1,0.041652892905951,0.041652892905951,91
Correction,VHGCDTVCOLNTBX,atomoxetine,Atomoxetine,3,1,0.0414783233775782,0.0414783233775782,92
Correction,KRMDCWKBEZIMAB,amitriptyline,Amitriptyline,3,1,0.0411947769117677,0.0411947769117677,93
Correction,HEMJJKBWTPKOJG,gemfibrozil,Gemfibrozil,3,1,0.0409780642151114,0.0409780642151114,94
Correction,FFINMCNLQNTKLU,adipiodone,Adipiodone,3,1,0.0408502399919299,0.0408502399919299,95
Correction,RRAFCDWBNXTKKO,eugenol,Eugenol,3,1,0.0408321002425977,0.0408321002425977,96
Correction,QWGDMFLQWFTERH,amoxapine,Amoxapine,1,1,0.0407416412776419,0.0407416412776419,97
Correction,XGLHZTBDUXXHOM,loreclezole,Loreclezole,3,1,0.040727430545433,0.040727430545433,98
Correction,FJLBFSROUSIWMA,metyrapone,Metyrapone,3,1,0.0403713072997237,0.0403713072997237,99
Correction,YOSHYTLCDANDAN,irbesartan,Irbesartan,3,1,0.0402199228462188,0.0402199228462188,100
Correction,JWDYCNIAQWPBHD,mephenesin,Mephenesin,3,1,0.0400321770479996,0.0400321770479996,101
Correction,YMBXTVYHTMGZDW,loxoprofen,Loxoprofen,3,1,0.0399831196067994,0.0399831196067994,102
Correction,FYPMFJGVHOHGLL,probucol,Probucol,4,1,0.0395850279525799,0.0395850279525799,103
Correction,BKYKPTRYDKTTJY,cyclopenthiazide,Cyclopenthiazide,4,1,0.039343042201926,0.039343042201926,104
Correction,FELGMEQIXOGIFQ,ondansetron,Ondansetron,4,1,0.0391103694521765,0.0391103694521765,105
Correction,QDIYJDPBMZUZEH,fenpiverinium,Fenpiverinium,3,1,0.0390057284784099,0.0390057284784099,106
Correction,UOWZUVNAGUAEQC,tiratricol,Tiratricol,1,1,0.0384609470442179,0.0384609470442179,107
Correction,GKTWGGQPFAXNFI,clopidogrel,Clopidogrel,4,1,0.038202525847215,0.038202525847215,108
Correction,MQJKPEGWNLWLTK,dapsone,Dapsone,3,1,0.038001079647099,0.038001079647099,109
Correction,NDAUXUAQIAJITI,salbutamol,Salbutamol,3,1,0.0379610918423676,0.0379610918423676,110
Correction,HCYAFALTSJYZDH,desipramine,Desipramine,3,1,0.0375670586361216,0.0375670586361216,111
Correction,VVWYOYDLCMFIEM,propantheline,Propantheline,3,1,0.0374609881216917,0.0374609881216917,112
Correction,NDDAHWYSQHTHNT,indapamide,Indapamide,3,1,0.0374030891455598,0.0374030891455598,113
Correction,UNFWWIHTNXNPBV,spectinomycin,Spectinomycin,3,1,0.0372711833232857,0.0372711833232857,114
Correction,OZWKMVRBQXNZKK,ketorolac,Ketorolac,4,1,0.0370127305940456,0.0370127305940456,115
Correction,XXPANQJNYNUNES,nomifensine,Nomifensine,3,1,0.0368937432089012,0.0368937432089012,116
Correction,KEEYRKYKLYARHO,ormetoprim,Ormetoprim,3,1,0.0366195385951689,0.0366195385951689,117
Correction,ZZVUWRFHKOJYTH,diphenhydramine,Diphenhydramine,3,1,0.0365337212848522,0.0365337212848522,118
Correction,YMTINGFKWWXKFG,fenofibrate,Fenofibrate,3,1,0.0363726943419961,0.0363726943419961,119
Correction,JBKPUQTUERUYQE,BRD-K10016611,BRD-K10016611,3,1,0.0360752150481823,0.0360752150481823,120
Correction,SKPLBLUECSEIFO,chlorphensin,Chlorphensin,3,1,0.036052081614921,0.036052081614921,121
Correction,BPZSYCZIITTYBL,formoterol,Formoterol,3,1,0.0359447034252391,0.0359447034252391,122
Correction,WDZVGELJXXEGPV,guanabenz,Guanabenz,1,1,0.0358792932215941,0.0358792932215941,123
Correction,OGHNVEJMJSYVRP,carvedilol,Carvedilol,3,1,0.0358636540102399,0.0358636540102399,124
Correction,DERZBLKQOCDDDZ,cinnarizine,Cinnarizine,3,1,0.0354968470548587,0.0354968470548587,125
Correction,WHBHBVVOGNECLV,reichstein,Reichstein,3,1,0.0353915760586113,0.0353915760586113,126
Correction,CXOFVDLJLONNDW,phenytoin,Phenytoin,3,1,0.0353123705540686,0.0353123705540686,127
Correction,ICKFFNBDFNZJSX,chloropyramine,Chloropyramine,3,1,0.035238693650646,0.035238693650646,128
Correction,OJFSXZCBGQGRNV,carbinoxamine,Carbinoxamine,3,1,0.0352176341912913,0.0352176341912913,129
Correction,GXFAIFRPOKBQRV,viomycin,Viomycin,3,1,0.034899645499631,0.034899645499631,130
Correction,FZSPJBYOKQPKCD,alaproclate,Alaproclate,3,1,0.0343824957796334,0.0343824957796334,131
Correction,WBPYTXDJUQJLPQ,tylosin,Tylosin,3,1,0.0335903769204382,0.0335903769204382,132
Correction,PYZRQGJRPPTADH,lamotrigine,Lamotrigine,3,1,0.0334790883525114,0.0334790883525114,133
Correction,CJXAEXPPLWQRFR,clemizole,Clemizole,3,1,0.0334068912653089,0.0334068912653089,134
Correction,SPTMROWPYQRZSX,isoxicam,Isoxicam,3,1,0.0333275559555771,0.0333275559555771,135
Correction,AXKPFOAXAHJUAG,pipamperone,Pipamperone,1,1,0.0333159956132754,0.0333159956132754,136
Correction,YSXKPIUOCJLQIE,biperiden,Biperiden,4,1,0.0332528909725149,0.0332528909725149,137
Correction,SJYFDORQYYEJLB,SDZ-21009,SDZ-21009,4,1,0.0330241722364978,0.0330241722364978,138
Correction,GMVPRGQOIOIIMI,BRD-K48099440,BRD-K48099440,3,1,0.0329880435729397,0.0329880435729397,139
Correction,XBHBWNFJWIASRO,sarafloxacin,Sarafloxacin,2,1,0.0329299256838288,0.0329299256838288,140
Correction,VDCRFBBZFHHYGT,RWJ-21757,RWJ-21757,4,1,0.032908289036532,0.032908289036532,141
Correction,CBPJQFCAFFNICX,NPC-15199,NPC-15199,2,1,0.0328692752690183,0.0328692752690183,142
Correction,MEZLKOACVSPNER,selegiline,Selegiline,3,1,0.0328454769688126,0.0328454769688126,143
Correction,IOVGROKTTNBUGK,ritodrine,Ritodrine,3,1,0.0327296323434311,0.0327296323434311,144
Correction,DPWPWRLQFGFJFI,pargyline,Pargyline,4,1,0.032597021914265,0.032597021914265,145
Correction,FSVJFNAIGNNGKK,praziquantel,Praziquantel,4,1,0.0325087514607459,0.0325087514607459,146
Correction,HSHNITRMYYLLCV,hymecromone,Hymecromone,2,1,0.0324098189563101,0.0324098189563101,147
Correction,XZNUGFQTQHRASN,apramycin,Apramycin,3,1,0.0323048022376942,0.0323048022376942,148
Correction,BNRNXUUZRGQAQC,sildenafil,Sildenafil,3,1,0.0321365707796989,0.0321365707796989,149
Correction,OEBPANQZQGQPHF,nifekalant,Nifekalant,2,1,0.0319415472132999,0.0319415472132999,150
Correction,QAIPRVGONGVQAS,caffeic-acid,Caffeic Acid,3,1,0.031873065208441,0.031873065208441,151
Correction,SNPPWIUOZRMYNY,bupropion,Bupropion,4,1,0.0314495648858676,0.0314495648858676,152
Correction,FDMBBCOBEAVDAO,amyleine,Amyleine,3,1,0.0311153435686227,0.0311153435686227,153
Correction,INJOMKTZOLKMBF,guanfacine,Guanfacine,4,1,0.0310843782445751,0.0310843782445751,154
Correction,WJAJPNHVVFWKKL,methoxamine,Methoxamine,3,1,0.0310751158636139,0.0310751158636139,155
Correction,AGOYDEPGAOXOCK,BRD-K49668410,BRD-K49668410,3,1,0.0309947115029388,0.0309947115029388,156
Correction,OCJYIGYOJCODJL,meclizine,Meclizine,3,1,0.0309140947602685,0.0309140947602685,157
Correction,SQVIAVUSQAWMKL,etilefrine,Etilefrine,3,1,0.0305194320222383,0.0305194320222383,158
Correction,DCSUBABJRXZOMT,cisapride,Cisapride,3,1,0.030466135325197,0.030466135325197,159
Correction,JYJTVFIEFKZWCJ,nadifloxacin,Nadifloxacin,2,1,0.0303873648479759,0.0303873648479759,160
Correction,RLFWWDJHLFCNIJ,ampyrone,Ampyrone,3,1,0.030352655854078,0.030352655854078,161
Correction,MVFGUOIZUNYYSO,prilocaine,Prilocaine,3,1,0.0302541209130043,0.0302541209130043,162
Correction,ANGKOCUUWGHLCE,glycopyrrolate,Glycopyrrolate,4,1,0.0302102671233622,0.0302102671233622,163
Correction,REZGGXNDEMKIQB,zaprinast,Zaprinast,3,1,0.0301813784560217,0.0301813784560217,164
Correction,IEDVJHCEMCRBQM,trimethoprim,Trimethoprim,3,1,0.0301768807816814,0.0301768807816814,165
Correction,ZZIALNLLNHEQPJ,coumestrol,Coumestrol,1,1,0.0300299737900879,0.0300299737900879,166
Correction,CJCSPKMFHVPWAR,methyldopa,Methyldopa,3,1,0.0299450312855911,0.0299450312855911,167
Correction,MFYSYFVPBJMHGN,cortisone,Cortisone,4,1,0.0297617291072035,0.0297617291072035,168
Correction,JNMRHUJNCSQMMB,sulfathiazole,Sulfathiazole,3,1,0.0296984737868554,0.0296984737868554,169
Correction,AQHHHDLHHXJYJD,BRD-K13994703,BRD-K13994703,3,1,0.029559940285293,0.029559940285293,170
Correction,AGMMTXLNIQSRCG,quinethazone,Quinethazone,2,1,0.029433244188659,0.029433244188659,171
Correction,YSGASDXSLKIKOD,remacemide,Remacemide,3,1,0.0294159271747646,0.0294159271747646,172
Correction,QJQORSLQNXDVGE,SB-206553,SB-206553,1,1,0.0292940395608183,0.0292940395608183,173
Correction,MROJXXOCABQVEF,actarit,Actarit,3,1,0.0290791428133147,0.0290791428133147,174
Correction,UDMBCSSLTHHNCD,BRD-K85767870,BRD-K85767870,2,1,0.0289684382672823,0.0289684382672823,175
Correction,JWZZKOKVBUJMES,levisoprenaline,Levisoprenaline,3,1,0.0288628699302414,0.0288628699302414,176
Correction,NHUHCSRWZMLRLA,sulfafurazole,Sulfafurazole,4,1,0.0288154590970924,0.0288154590970924,177
Correction,CBQGYUDMJHNJBX,reboxetine,Reboxetine,3,1,0.0288090052328784,0.0288090052328784,178
Correction,ULSDMUVEXKOYBU,zolmitriptan,Zolmitriptan,1,1,0.0286895600641161,0.0286895600641161,179
Correction,KYGZCKSPAKDVKC,oxolinic-acid,Oxolinic Acid,3,1,0.0284919715331285,0.0284919715331285,180
Correction,JVGBTTIJPBFLTE,spiroxatrine,Spiroxatrine,3,1,0.0283465185579662,0.0283465185579662,181
Correction,CMWTZPSULFXXJA,naproxen,Naproxen,4,1,0.0283323024397604,0.0283323024397604,182
Correction,RZVAJINKPMORJF,paracetamol,Paracetamol,3,1,0.0279180933281023,0.0279180933281023,183
Correction,ZAHQBPYQBHTECE,meloxicam,Meloxicam,3,1,0.0278377049043395,0.0278377049043395,184
Correction,XQZXYNRDCRIARQ,iopamidol,Iopamidol,2,1,0.0277047460967096,0.0277047460967096,185
Correction,KNHUKKLJHYUCFP,clofibrate,Clofibrate,4,1,0.0275762906875354,0.0275762906875354,186
Correction,JIVPVXMEBJLZRO,chlortalidone,Chlortalidone,3,1,0.0274730517448378,0.0274730517448378,187
Correction,ZJVFLBOZORBYFE,ibudilast,Ibudilast,4,1,0.0273566785034331,0.0273566785034331,188
Correction,ANZXOIAKUNOVQU,bambuterol,Bambuterol,3,1,0.0272366366082913,0.0272366366082913,189
Correction,CGIGDMFJXJATDK,indometacin,Indometacin,3,1,0.0271402430629229,0.0271402430629229,190
Correction,MWLSOWXNZPKENC,zileuton,Zileuton,3,1,0.0271119998987412,0.0271119998987412,191
Correction,SGOOQMRIPALTEL,roquinimex,Roquinimex,4,1,0.0269306821205894,0.0269306821205894,192
Correction,VYFYYTLLBUKUHU,dopamine,Dopamine,3,1,0.0267509317288129,0.0267509317288129,193
Correction,VQHUQHAPWMNBLP,mifobate,Mifobate,3,1,0.0267160017159413,0.0267160017159413,194
Correction,ZEMIJUDPLILVNQ,pivampicillin,Pivampicillin,3,1,0.0266691984362685,0.0266691984362685,195
Correction,YFGHCGITMMYXAQ,armodafinil,Armodafinil,4,1,0.026540223675926,0.026540223675926,196
Correction,ZAFYATHCZYHLPB,zolpidem,Zolpidem,2,1,0.0265116750313668,0.0265116750313668,197
Correction,HLFSDGLLUJUHTE,levamisole,Levamisole,3,1,0.0264953723473684,0.0264953723473684,198
Correction,ZZUFCTLCJUWOSV,furosemide,Furosemide,3,1,0.0264887167668389,0.0264887167668389,199
Correction,ACWBQPMHZXGDFX,valsartan,Valsartan,3,1,0.0263677973468809,0.0263677973468809,200
Correction,HPJKCIUCZWXJDR,letrozole,Letrozole,2,1,0.0261971789951095,0.0261971789951095,201
Correction,IWVRVEIKCBFZNF,pirlindole,Pirlindole,2,1,0.0261307298817278,0.0261307298817278,202
Correction,VYVKHNNGDFVQGA,mebeverine,Mebeverine,4,1,0.0259642534738432,0.0259642534738432,203
Correction,UNBRKDKAWYKMIV,BRD-K34685430,BRD-K34685430,4,1,0.0259580207637587,0.0259580207637587,204
Correction,QANMHLXAZMSUEX,kinetin,Kinetin,2,1,0.0259121023381661,0.0259121023381661,205
Correction,BSYNRYMUTXBXSQ,aspirin,Aspirin,3,1,0.0257985177786599,0.0257985177786599,206
Correction,LSLYOANBFKQKPT,fenoterol,Fenoterol,4,1,0.0257248906434606,0.0257248906434606,207
Correction,VGLGVJVUHYTIIU,altizide,Altizide,3,1,0.0254442912830651,0.0254442912830651,208
Correction,DZZWHBIBMUVIIW,sparfloxacin,Sparfloxacin,3,1,0.0253703871383824,0.0253703871383824,209
Correction,YEJCDKJIEMIWRQ,linopirdine,Linopirdine,4,1,0.0252289453515831,0.0252289453515831,210
Correction,VLPIATFUUWWMKC,mexiletine,Mexiletine,4,1,0.0251904072676355,0.0251904072676355,211
Correction,AUNGANRZJHBGPY,riboflavin,Riboflavin,3,1,0.0251767627594524,0.0251767627594524,212
Correction,MNSCVRXKDINXEY,piroxicam,Piroxicam,3,1,0.0250189897596404,0.0250189897596404,213
Correction,YGCODSQDUUUKIV,zoxazolamine,Zoxazolamine,4,1,0.0250049491961382,0.0250049491961382,214
Correction,UWWDHYUMIORJTA,moexipril,Moexipril,4,1,0.0249833392213542,0.0249833392213542,215
Correction,UXABARREKCJULM,imiloxan,Imiloxan,3,1,0.0249401962346818,0.0249401962346818,216
Correction,VACCAVUAMIDAGB,sulfamethizole,Sulfamethizole,3,1,0.0248776432230013,0.0248776432230013,217
Correction,NFACJZMKEDPNKN,metrifonate,Metrifonate,3,1,0.0247001857188602,0.0247001857188602,218
Correction,AMDBBAQNWSUWGN,ioversol,Ioversol,3,1,0.0246422353010699,0.0246422353010699,219
Correction,XOFYZVNMUHMLCC,prednisone,Prednisone,4,1,0.0245702032235876,0.0245702032235876,220
Correction,UOZODPSAJZTQNH,paromomycin,Paromomycin,3,1,0.0245200564469556,0.0245200564469556,221
Correction,OCUJLLGVOUDECM,dipivefrine,Dipivefrine,2,1,0.024485769455634,0.024485769455634,222
Correction,BQSJTQLCZDPROO,febuxostat,Febuxostat,1,1,0.0244585078196882,0.0244585078196882,223
Correction,OELFLUMRDSZNSF,nateglinide,Nateglinide,3,1,0.0244457916101382,0.0244457916101382,224
Correction,DMJNNHOOLUXYBV,meropenem,Meropenem,2,1,0.0244144658343696,0.0244144658343696,225
Correction,KBDSLGBFQAGHBE,limonin,Limonin,3,1,0.0243104860127422,0.0243104860127422,226
Correction,IKGXIBQEEMLURG,rutin,Rutin,4,1,0.0243064736244381,0.0243064736244381,227
Correction,UVTNFZQICZKOEM,disopyramide,Disopyramide,4,1,0.0243062568153979,0.0243062568153979,228
Correction,NDTSRXAMMQDVSW,benzthiazide,Benzthiazide,4,1,0.0241959662906709,0.0241959662906709,229
Correction,BAMTVATUENLIOP,lymecycline,Lymecycline,3,1,0.0241326546288646,0.0241326546288646,230
Correction,TYYBFXNZMFNZJT,ioxaglic-acid,Ioxaglic Acid,3,1,0.0241260382706372,0.0241260382706372,231
Correction,ZPFXAOWNKLFJDN,alverine,Alverine,4,1,0.0241118380040906,0.0241118380040906,232
Correction,TZXKOCQBRNJULO,deferiprone,Deferiprone,3,1,0.0241116015656804,0.0241116015656804,233
Correction,ZZIKIHCNFWXKDY,myriocin,Myriocin,4,1,0.0240738013810816,0.0240738013810816,234
Correction,OYPPVKRFBIWMSX,zimelidine,Zimelidine,2,1,0.0240728662843842,0.0240728662843842,235
Correction,WAZQAZKAZLXFMK,deracoxib,Deracoxib,2,1,0.0240031550826552,0.0240031550826552,236
Correction,ULGZDMOVFRHVEP,erythromycin,Erythromycin,3,1,0.0239459844518338,0.0239459844518338,237
Correction,NBQNWMBBSKPBAY,iodixanol,Iodixanol,3,1,0.0237911556355035,0.0237911556355035,238
Correction,TYMRLRRVMHJFTF,mafenide,Mafenide,4,1,0.0237282108013902,0.0237282108013902,239
Correction,YECBIJXISLIIDS,mepyramine,Mepyramine,3,1,0.0236752151181359,0.0236752151181359,240
Correction,WUBBRNOQWQTFEX,aminosalicylic-acid,Aminosalicylic Acid,3,1,0.0236515953761418,0.0236515953761418,241
Correction,OFPXSFXSNFPTHF,oxaprozin,Oxaprozin,3,1,0.0236437230014786,0.0236437230014786,242
Correction,DNTGGZPQPQTDQF,crotamiton,Crotamiton,4,1,0.0236316703684066,0.0236316703684066,243
Correction,BFUJHVVEMMWLHC,fipexide,Fipexide,2,1,0.0235367492108624,0.0235367492108624,244
Correction,KVHHQGIIZCJATJ,clobutinol,Clobutinol,3,1,0.02353661392653,0.02353661392653,245
Correction,NPUKDXXFDDZOKR,etomidate,Etomidate,3,1,0.0235244449368027,0.0235244449368027,246
Correction,GZUITABIAKMVPG,raloxifene,Raloxifene,1,1,0.0234847744271061,0.0234847744271061,247
Correction,BGDKAVGWHJFAGW,tropicamide,Tropicamide,2,1,0.0234323760763105,0.0234323760763105,248
Correction,ZNRGQMMCGHDTEI,tropisetron,Tropisetron,3,1,0.0232850531469785,0.0232850531469785,249
Correction,CJGYSWNGNKCJSB,BRD-A95074085,BRD-A95074085,3,1,0.0232263961867195,0.0232263961867195,250
Correction,NLPRAJRHRHZCQQ,epibatidine,Epibatidine,2,1,0.0231744703290881,0.0231744703290881,251
Correction,YZOFLYUAQDJWKV,BRD-K03670461,BRD-K03670461,1,1,0.023152562235094,0.023152562235094,252
Correction,BPFYOAJNDMUVBL,marbofloxacin,Marbofloxacin,2,1,0.0231399954575757,0.0231399954575757,253
Correction,ULFRLSNUDGIQQP,rizatriptan,Rizatriptan,3,1,0.0231180272942827,0.0231180272942827,254
Correction,UZHSEJADLWPNLE,naloxone,Naloxone,4,1,0.0231090378945152,0.0231090378945152,255
Correction,OFBIFZUFASYYRE,flumazenil,Flumazenil,4,1,0.0230992766161449,0.0230992766161449,256
Correction,YBJHBAHKTGYVGT,biotin,Biotin,4,1,0.0230296971431087,0.0230296971431087,257
Correction,BDNFQGRSKSQXRI,zamifenacin,Zamifenacin,2,1,0.0229586853199006,0.0229586853199006,258
Correction,OUJTZYPIHDYQMC,ambrisentan,Ambrisentan,3,1,0.0228963308563647,0.0228963308563647,259
Correction,LEQAKWQJCITZNK,BRD-K26619122,BRD-K26619122,2,1,0.0228038088107979,0.0228038088107979,260
Correction,RXQCGGRTAILOIN,mephentermine,Mephentermine,4,1,0.0227904975739741,0.0227904975739741,261
Correction,NSYZCCDSJNWWJL,erythromycin,Erythromycin,3,1,0.0226821872134543,0.0226821872134543,262
Correction,JXDFEQONERDKSS,betazole,Betazole,3,1,0.0226603923364059,0.0226603923364059,263
Correction,GZSOSUNBTXMUFQ,diosmin,Diosmin,3,1,0.0226572170624759,0.0226572170624759,264
Correction,FKNXQNWAXFXVNW,procaterol,Procaterol,4,1,0.022629725673932,0.022629725673932,265
Correction,CPJSUEIXXCENMM,phenacetin,Phenacetin,4,1,0.0224905965023867,0.0224905965023867,266
Correction,FNQQBFNIYODEMB,meticrane,Meticrane,3,1,0.0224447573578781,0.0224447573578781,267
Correction,DJEIHHYCDCTAAH,mofezolac,Mofezolac,2,1,0.0223614825741818,0.0223614825741818,268
Correction,RDXLYGJSWZYTFJ,niridazole,Niridazole,2,1,0.0223277550897467,0.0223277550897467,269
Correction,RSUVYMGADVXGOU,cinanserin,Cinanserin,3,1,0.0223003947622895,0.0223003947622895,270
Correction,VHYCDWMUTMEGQY,bisoprolol,Bisoprolol,4,1,0.0220298051068828,0.0220298051068828,271
Correction,WUKZPHOXUVCQOR,azasetron,Azasetron,3,1,0.0220214650227459,0.0220214650227459,272
Correction,LQCLVBQBTUVCEQ,BRD-K38310698,BRD-K38310698,3,1,0.022009080747665,0.022009080747665,273
Correction,JQXXHWHPUNPDRT,rifampicin,Rifampicin,3,1,0.021944148752834,0.021944148752834,274
Correction,CUHVIMMYOGQXCV,medetomidine,Medetomidine,2,1,0.0218616122991362,0.0218616122991362,275
Correction,WKGXYQFOCVYPAC,felbamate,Felbamate,4,1,0.0218470315158889,0.0218470315158889,276
Correction,RXZBMPWDPOLZGW,roxithromycin,Roxithromycin,3,1,0.0218155286126246,0.0218155286126246,277
Correction,SGRYPYWGNKJSDL,amlexanox,Amlexanox,1,1,0.0218135110878096,0.0218135110878096,278
Correction,BUJAGSGYPOAWEI,tocainide,Tocainide,3,1,0.0217682978027903,0.0217682978027903,279
Correction,TXCGAZHTZHNUAI,clofibric-acid,Clofibric Acid,4,1,0.02172943300095,0.02172943300095,280
Correction,BPICBUSOMSTKRF,xylazine,Xylazine,4,1,0.0217187146191478,0.0217187146191478,281
Correction,LCFVJGUPQDGYKZ,BADGE,BADGE,2,1,0.0216355513632752,0.0216355513632752,282
Correction,XXANNZJIZQTCBP,hydrocotarnine,Hydrocotarnine,2,1,0.0216217345623974,0.0216217345623974,283
Correction,TYNLGDBUJLVSMA,diacerein,Diacerein,2,1,0.0215709945022419,0.0215709945022419,284
Correction,ZQSIJRDFPHDXIC,daidzein,Daidzein,1,1,0.0215643789141983,0.0215643789141983,285
Correction,AUYYCJSJGJYCDS,rathyronine,Rathyronine,2,1,0.0214282504720919,0.0214282504720919,286
Correction,DBABZHXKTCFAPX,probenecid,Probenecid,4,1,0.0213167759942976,0.0213167759942976,287
Correction,XEAQIWGXBXCYFX,kawain,Kawain,2,1,0.0212849430920308,0.0212849430920308,288
Correction,UCTWMZQNUQWSLP,BRD-A07765530,BRD-A07765530,3,1,0.0212325141038792,0.0212325141038792,289
Correction,UXOWGYHJODZGMF,aliskiren,Aliskiren,4,1,0.0211707018778114,0.0211707018778114,290
Correction,JTLXCMOFVBXEKD,fursultiamine,Fursultiamine,3,1,0.0210170993326599,0.0210170993326599,291
Correction,DJBNUMBKLMJRSA,flecainide,Flecainide,4,1,0.020793538415522,0.020793538415522,292
Correction,KPJZHOPZRAFDTN,methysergide,Methysergide,4,1,0.020742379092078,0.020742379092078,293
Correction,AEOCXXJPGCBFJA,ethionamide,Ethionamide,3,1,0.020723497158455,0.020723497158455,294
Correction,QTGIAADRBBLJGA,articaine,Articaine,3,1,0.0206632914926266,0.0206632914926266,295
Correction,XUBOMFCQGDBHNK,gatifloxacin,Gatifloxacin,4,1,0.0205995568213343,0.0205995568213343,296
Correction,OOUGLTULBSNHNF,ataluren,Ataluren,2,1,0.0205988246998,0.0205988246998,297
Correction,TTWJBBZEZQICBI,metoclopramide,Metoclopramide,4,1,0.0205205491685506,0.0205205491685506,298
Correction,GJSURZIOUXUGAL,clonidine,Clonidine,4,1,0.0204622086800284,0.0204622086800284,299
Correction,SHZKQBHERIJWAO,ozagrel,Ozagrel,4,1,0.0204399613743586,0.0204399613743586,300
Correction,WHQCHUCQKNIQEC,benzbromarone,Benzbromarone,1,1,0.0203718497917193,0.0203718497917193,301
Correction,CDOZDBSBBXSXLB,profenamine,Profenamine,3,1,0.0203533292500785,0.0203533292500785,302
Correction,SFBODOKJTYAUCM,ipriflavone,Ipriflavone,1,1,0.0203206185884738,0.0203206185884738,303
Correction,YUGZHQHSNYIFLG,diperodon,Diperodon,3,1,0.0202293375331241,0.0202293375331241,304
Correction,HJMQDJPMQIHLPB,zardaverine,Zardaverine,4,1,0.0201942283424817,0.0201942283424817,305
Correction,XKLMZUWKNUAPSZ,ranolazine,Ranolazine,4,1,0.0201860339784875,0.0201860339784875,306
Correction,CLKOFPXJLQSYAH,bacitracin,Bacitracin,3,1,0.020148858446599,0.020148858446599,307
Correction,WXNZTHHGJRFXKQ,parachlorophenol,Parachlorophenol,3,1,0.0200367643791094,0.0200367643791094,308
Correction,NETZHAKZCGBWSS,nalbuphine,Nalbuphine,2,1,0.0200091639483009,0.0200091639483009,309
Rescue,RBTBFTRPCNLSDE,methylene-blue,Methylene Blue,4,4,1.4072452087371086,0.4527043433181064,1
Rescue,LTMHDMANZUZIPE,digoxin,Digoxin,3,3,1.1857898703191774,0.5288905458997544,2
Rescue,RJMUSRYZPJIFPJ,niclosamide,Niclosamide,2,2,1.1592317392845242,0.5851928238296652,3
Rescue,LPMXVESGRSUGHW,ouabain,Ouabain,2,2,1.1196893934260321,0.6175182004742493,4
Rescue,UGTJLJZQQFGTJD,CCCP,CCCP,2,2,1.0677764644119256,0.6255223294954774,5
Rescue,UIARLYUEJFELEN,lestaurtinib,Lestaurtinib,3,3,0.9033885859748814,0.4010886193735917,6
Rescue,JXLYSJRDGCGARV,vinblastine,Vinblastine,3,3,0.88619433327565,0.4428102804218278,7
Rescue,OPXLLQIJSORQAM,mebendazole,Mebendazole,3,3,0.886182969969229,0.3345286506203039,8
Rescue,JAYAGJDXJIDEKI,lanatoside-c,Lanatoside C,2,2,0.8394486740833742,0.54188288448566,9
Rescue,HYFHYPWGAURHIV,BRD-K76674262,BRD-K76674262,2,2,0.8372659851507812,0.5136245263708836,10
Rescue,KYRVNWMVYQXFEU,nocodazole,Nocodazole,3,3,0.8307980170173435,0.2812819931832292,11
Rescue,HOGVTUZUJGHKPL,triciribine,Triciribine,3,3,0.8116827405865398,0.3636580622946012,12
Rescue,KHOITXIGCFIULA,bisacodyl,Bisacodyl,2,2,0.7912376851021238,0.4484509045296835,13
Rescue,WDJUZGPOPHTGOT,digitoxin,Digitoxin,2,2,0.7705408671165201,0.5436780657080701,14
Rescue,WDDPHFBMKLOVOX,clofarabine,Clofarabine,3,3,0.7221227595257148,0.3335484316360227,15
Rescue,NRUKOCRGYNPUPR,teniposide,Teniposide,1,1,0.7025822409769409,0.7025822409769409,16
Rescue,MYEJFUXQJGHEQK,BRD-K11451237,BRD-K11451237,1,1,0.6395886892075434,0.6395886892075434,17
Rescue,GZUITABIAKMVPG,raloxifene,Raloxifene,3,3,0.6278732298115642,0.2669215711657707,18
Rescue,XDRYMKDFEDOLFX,pentamidine,Pentamidine,3,3,0.6226586062854315,0.3773359142362317,19
Rescue,MLDQJTXFUGDVEO,sorafenib,Sorafenib,2,2,0.5934551969264784,0.3726822985644202,20
Rescue,SIYLLGKDQZGJHK,benzethonium,Benzethonium,1,1,0.575060249955678,0.575060249955678,21
Rescue,HDDSHPAODJUKPD,fenbendazole,Fenbendazole,2,2,0.5651079787137836,0.2969586012370261,22
Rescue,NFHRQQKPEBFUJK,devazepide,Devazepide,3,3,0.5565201591867456,0.3069486501949806,23
Rescue,UWKQSNNFCGGAFS,irinotecan,Irinotecan,2,2,0.5441622105658969,0.3859806266060043,24
Rescue,MFZWMTSUNYWVBU,hycanthone,Hycanthone,1,1,0.5345010550334612,0.5345010550334612,25
Rescue,VWUXBMIQPBEWFH,none,None,3,2,0.5222722540371005,0.2617971319537575,26
Rescue,YQNQNVDNTFHQSW,nitazoxanide,Nitazoxanide,2,2,0.5102412889274912,0.3138616456746366,27
Rescue,FJLGEFLZQAZZCD,fluvastatin,Fluvastatin,2,2,0.493222560568853,0.2566241907799935,28
Rescue,RRZXIRBKKLTSOM,avermectin,Avermectin,1,1,0.4828204564634317,0.4828204564634317,29
Rescue,UCFGDBYHRUNTLO,topotecan,Topotecan,2,1,0.4811627078007984,0.4811627078007984,30
Rescue,JFIOVJDNOJYLKP,bithionol,Bithionol,2,2,0.4737705095442016,0.2707503984804381,31
Rescue,MDLAAYDRRZXJIF,penfluridol,Penfluridol,1,1,0.4625226386229336,0.4625226386229336,32
Rescue,YJGVMLPVUAXIQN,BRD-K60507178,BRD-K60507178,1,1,0.4281808045596526,0.4281808045596526,33
Rescue,AKJHMTWEGVYYSE,fenretinide,Fenretinide,1,1,0.4230243607416988,0.4230243607416988,34
Rescue,FPIPGXGPPPQFEQ,retinol,Retinol,3,3,0.41665529644461263,0.1801992664894528,35
Rescue,ODKNJVUHOIMIIZ,floxuridine,Floxuridine,2,2,0.4131824253560873,0.3788149344950758,36
Rescue,DRZXDZYWZSKFDL,SSR-69071,SSR-69071,1,1,0.4110910733465434,0.4110910733465434,37
Rescue,HXHWSAZORRCQMX,albendazole,Albendazole,2,2,0.4095384797322861,0.2055271921812497,38
Rescue,YRWLZFXJFBZBEY,parbendazole,Parbendazole,2,2,0.39138172637388535,0.2516554670991026,39
Rescue,QAGYKUNXZHXKMR,nelfinavir,Nelfinavir,1,1,0.374330337462149,0.374330337462149,40
Rescue,BGYJFSXPRMOZJK,lacidipine,Lacidipine,2,2,0.37136914827545286,0.2349421495458455,41
Rescue,VFLDPWHFBUODDF,curcumin,Curcumin,3,3,0.3643559293036957,0.1975374581419429,42
Rescue,UBPYILGKFZZVDX,bosutinib,Bosutinib,2,2,0.3449073202034073,0.1757025843363833,43
Rescue,HPNSFSBZBAHARI,BRD-K63750851,BRD-K63750851,1,1,0.3369114136129134,0.3369114136129134,44
Rescue,BBMULGJBVDDDNI,lasalocid,Lasalocid,2,2,0.3190886121064538,0.2484887356463127,45
Rescue,DKGZKTPJOSAWFA,spiperone,Spiperone,2,2,0.3146412769556206,0.2751630929969487,46
Rescue,RAOCRURYZCVHMG,oxibendazole,Oxibendazole,2,2,0.3137399051352895,0.1648266853233356,47
Rescue,OMZCMEYTWSXEPZ,canertinib,Canertinib,2,2,0.3134699844435877,0.1964153749679839,48
Rescue,SDUQYLNIPVEERB,gemcitabine,Gemcitabine,1,1,0.3126189010256123,0.3126189010256123,49
Rescue,HCIBTBXNLVOFER,diphencyprone,Diphencyprone,2,2,0.3057121850538901,0.1785316410484024,50
Rescue,PPQNQXQZIWHJRB,BRD-K61463582,BRD-K61463582,2,2,0.3000608166220684,0.1608063610535688,51
Rescue,ULDXWLCXEDXJGE,MK-2206,MK-2206,1,1,0.2997615539932709,0.2997615539932709,52
Rescue,RTGDFNSFWBGLEC,mycophenolate-mofetil,Mycophenolate Mofetil,2,2,0.299476921376222,0.2780356365515823,53
Rescue,JWUBBDSIWDLEOM,calcifediol,Calcifediol,1,1,0.2735415327359676,0.2735415327359676,54
Rescue,QXHHHPZILQDDPS,tioconazole,Tioconazole,1,1,0.2692238674975326,0.2692238674975326,55
Rescue,QXRSDHAAWVKZLJ,epothilone-b,Epothilone B,1,1,0.2683619108257333,0.2683619108257333,56
Rescue,VJJPUSNTGOMMGY,etoposide,Etoposide,1,1,0.2624766725333299,0.2624766725333299,57
Rescue,CYXKNKQEMFBLER,perhexiline,Perhexiline,1,1,0.2596585901986777,0.2596585901986777,58
Rescue,IAKHMKGGTNLKSZ,colchicine,Colchicine,1,1,0.2516769323923054,0.2516769323923054,59
Rescue,IVTVGDXNLFLDRM,raltitrexed,Raltitrexed,1,1,0.2356256483653194,0.2356256483653194,60
Rescue,WPSYTTKBGAZSCX,clofilium,Clofilium,1,1,0.2281275861708291,0.2281275861708291,61
Rescue,WDFKMLRRRCGAKS,chloroxine,Chloroxine,2,2,0.22596220433904668,0.1469184690435913,62
Rescue,AUVVAXYIELKVAI,BRD-K65200617,BRD-K65200617,1,1,0.2249795797465192,0.2249795797465192,63
Rescue,PTOAARAWEBMLNO,cladribine,Cladribine,1,1,0.2224294563990005,0.2224294563990005,64
Rescue,KZNIFHPLKGYRTM,apigenin,Apigenin,3,3,0.2223036946207739,0.1054445541518809,65
Rescue,REFJWTPEDVJJIY,quercetin,Quercetin,3,2,0.22081993622200838,0.1584203404295655,66
Rescue,AAKJLRGGTJKAMG,erlotinib,Erlotinib,2,2,0.207348943389159,0.1744818055282432,67
Rescue,PCSWXVJAIHCTMO,dequalinium,Dequalinium,1,1,0.2052154961052793,0.2052154961052793,68
Rescue,VSQQQLOSPVPRAZ,trifluridine,Trifluridine,1,1,0.2029442393846432,0.2029442393846432,69
Rescue,FJUKDAZEABGEIH,spiramide,Spiramide,2,1,0.2027059612695997,0.2027059612695997,70
Rescue,GKIRPKYJQBWNGO,clomifene,Clomifene,1,1,0.202316007142617,0.202316007142617,71
Rescue,BYBLEWFAAKGYCD,miconazole,Miconazole,1,1,0.2013926472132912,0.2013926472132912,72
Rescue,QBKSWRVVCFFDOT,gossypol,Gossypol,1,1,0.1971743422966419,0.1971743422966419,73
Rescue,FBOZXECLQNJBKD,methotrexate,Methotrexate,1,1,0.1899830589324753,0.1899830589324753,74
Rescue,AVOLMBLBETYQHX,etacrynic-acid,Etacrynic Acid,1,1,0.1887722653240227,0.1887722653240227,75
Rescue,XFCLJVABOIYOMF,toremifene,Toremifene,1,1,0.1871464220727784,0.1871464220727784,76
Rescue,GMRQFYUYWCNGIN,calcitriol,Calcitriol,1,1,0.1857506324563562,0.1857506324563562,77
Rescue,AFNXATANNDIXLG,sulconazole,Sulconazole,1,1,0.1839703803962751,0.1839703803962751,78
Rescue,MUTNCGKQJGXKEM,tamibarotene,Tamibarotene,2,2,0.1796401666154991,0.1285492189001106,79
Rescue,WAEXFXRVDQXREF,vorinostat,Vorinostat,1,1,0.1788362060426111,0.1788362060426111,80
Rescue,MJVAVZPDRWSRRC,menadione,Menadione,2,1,0.1786313917639356,0.1786313917639356,81
Rescue,SZWKGOZKRMMLAJ,AM-580,AM-580,1,1,0.1751866531542829,0.1751866531542829,82
Rescue,KJFMBFZCATUALV,phenolphthalein,Phenolphthalein,2,1,0.1675437401870894,0.1675437401870894,83
Rescue,HBUBKKRHXORPQB,fludarabine,Fludarabine,2,1,0.1675393937748775,0.1675393937748775,84
Rescue,NKANXQFJJICGDU,tamoxifen,Tamoxifen,1,1,0.1664514964515035,0.1664514964515035,85
Rescue,NMUSYJAQQFHJEW,azacitidine,Azacitidine,1,1,0.1661543999978763,0.1661543999978763,86
Rescue,TXUZVZSFRXZGTL,tamoxifen,Tamoxifen,1,1,0.165787354462932,0.165787354462932,87
Rescue,VHVPQPYKVGDNFY,itraconazole,Itraconazole,1,1,0.162571203897289,0.162571203897289,88
Rescue,QZVCTJOXCFMACW,phenoxybenzamine,Phenoxybenzamine,2,1,0.1623047323205084,0.1623047323205084,89
Rescue,XQYZDYMELSJDRZ,papaverine,Papaverine,1,1,0.157901400093375,0.157901400093375,90
Rescue,GLVAUDGFNGKCSF,mercaptopurine,Mercaptopurine,1,1,0.1530367553405314,0.1530367553405314,91
Rescue,ZOCSXAVNDGMNBV,fipronil,Fipronil,1,1,0.1492756538087301,0.1492756538087301,92
Rescue,GHASVSINZRGABV,fluorouracil,Fluorouracil,1,1,0.1488797314199765,0.1488797314199765,93
Rescue,OCAPBUJLXMYKEJ,bifonazole,Bifonazole,1,1,0.1466792395529828,0.1466792395529828,94
Rescue,KTEXNACQROZXEV,BRD-K28120222,BRD-K28120222,1,1,0.1443267178617432,0.1443267178617432,95
Rescue,HHJUWIANJFBDHT,vindesine,Vindesine,1,1,0.1405294611929924,0.1405294611929924,96
Rescue,XEFQLINVKFYRCS,triclosan,Triclosan,1,1,0.1390724310183059,0.1390724310183059,97
Rescue,VNFPBHJOKIVQEB,clotrimazole,Clotrimazole,1,1,0.1360231885093955,0.1360231885093955,98
Rescue,BFPSDSIWYFKGBC,chlorotrianisene,Chlorotrianisene,2,2,0.1330122298472744,0.0826970966162537,99
Rescue,LWQQLNNNIPYSNX,calcipotriol,Calcipotriol,1,1,0.1272263874252903,0.1272263874252903,100
Rescue,ZPEIMTDSQAKGNT,BRD-K89997465,BRD-K89997465,1,1,0.1257695780541526,0.1257695780541526,101
Rescue,TZBJGXHYKVUXJN,genistein,Genistein,3,1,0.1173060684071879,0.1173060684071879,102
Rescue,BEZZFPOZAYTVHN,oxfendazole,Oxfendazole,1,1,0.1159935741040458,0.1159935741040458,103
Rescue,FTFRZXFNZVCRSK,BIBX-1382,BIBX-1382,2,2,0.1154618863968258,0.088097847352672,104
Rescue,PCZOHLXUXFIOCF,lovastatin,Lovastatin,3,2,0.11373628510683209,0.0817227988339679,105
Rescue,SWLMUYACZKCSHZ,butoconazole,Butoconazole,1,1,0.1018012518599708,0.1018012518599708,106
Rescue,OCJYIGYOJCODJL,meclizine,Meclizine,1,1,0.1017878236723883,0.1017878236723883,107
Rescue,XSCGXQMFQXDFCW,triflupromazine,Triflupromazine,1,1,0.0997190866179519,0.0997190866179519,108
Rescue,JLGKQTAYUIMGRK,sertaconazole,Sertaconazole,1,1,0.0946497952671377,0.0946497952671377,109
Rescue,KTUFNOKKBVMGRW,imatinib,Imatinib,1,1,0.0923464831205935,0.0923464831205935,110
Rescue,AJLFOPYRIVGYMJ,mevastatin,Mevastatin,1,1,0.0914434182064456,0.0914434182064456,111
Rescue,XUKUURHRXDUEBC,atorvastatin,Atorvastatin,1,1,0.0893474833969865,0.0893474833969865,112
Rescue,WXNZTHHGJRFXKQ,parachlorophenol,Parachlorophenol,1,1,0.0854299528625037,0.0854299528625037,113
Rescue,RITAVMQDGBJQJZ,axitinib,Axitinib,1,1,0.085285919411897,0.085285919411897,114
Rescue,NNAIYOXJNVGUOM,amperozide,Amperozide,1,1,0.0839569160061078,0.0839569160061078,115
Rescue,DDUHZTYCFQRHIY,griseofulvin,Griseofulvin,2,2,0.0838119306849365,0.0517311769210176,116
Rescue,PMATZTZNYRCHOR,cyclosporin-a,Cyclosporin A,1,1,0.0823513163649629,0.0823513163649629,117
Rescue,XGALLCVXEZPNRQ,gefitinib,Gefitinib,1,1,0.0821902228577091,0.0821902228577091,118
Rescue,GCKMFJBGXUYNAG,methyl-testosterone,Methyl Testosterone,1,1,0.0819594685964911,0.0819594685964911,119
Rescue,UHDGCWIWMRVCDJ,cytarabine,Cytarabine,1,1,0.0765333716300352,0.0765333716300352,120
Rescue,QPFYXYFORQJZEC,phenazopyridine,Phenazopyridine,3,1,0.0750874331782652,0.0750874331782652,121
Rescue,WKSAUQYGYAYLPV,pyrimethamine,Pyrimethamine,1,1,0.0735894387412156,0.0735894387412156,122
Rescue,RYMZZMVNJRMUDD,simvastatin,Simvastatin,2,1,0.0722407890838864,0.0722407890838864,123
Rescue,QEVHRUUCFGRFIF,mepireserpate,Mepireserpate,2,2,0.0713279335342944,0.0391889657024584,124
Rescue,YPHMISFOHDHNIV,cycloheximide,Cycloheximide,2,1,0.0711467484640904,0.0711467484640904,125
Rescue,LEZWWPYKPKIXLL,econazole,Econazole,1,1,0.0707049109911953,0.0707049109911953,126
Rescue,QRJJEGAJXVEBNE,oxiconazole,Oxiconazole,1,1,0.0701666035514942,0.0701666035514942,127
Rescue,FTALBRSUTCGOEG,riluzole,Riluzole,1,1,0.0684481727345663,0.0684481727345663,128
Rescue,BBFQZRXNYIEMAW,aristolochic-acid,Aristolochic Acid,3,1,0.0678642234692077,0.0678642234692077,129
Rescue,KJHKTHWMRKYKJE,lopinavir,Lopinavir,2,2,0.06340792518548949,0.0405780342497274,130
Rescue,LUKBXSAWLPMMSZ,resveratrol,Resveratrol,2,1,0.060006004960985,0.060006004960985,131
Rescue,MVCOAUNKQVWQHZ,doramapimod,Doramapimod,1,1,0.058616389609937,0.058616389609937,132
Rescue,VOXZDWNPVJITMN,alpha-estradiol,Alpha Estradiol,3,1,0.0570932467967052,0.0570932467967052,133
Rescue,MKXKFYHWDHIYRV,flutamide,Flutamide,3,1,0.0553105573035351,0.0553105573035351,134
Rescue,PZBPKYOVPCNPJY,enilconazole,Enilconazole,2,1,0.0538892170361891,0.0538892170361891,135
Rescue,BGNXCDMCOKJUMV,tert-butylhydroquinone,Tert Butylhydroquinone,3,1,0.0495618051413575,0.0495618051413575,136
Rescue,LMEKQMALGUDUQG,azathioprine,Azathioprine,1,1,0.0492259879377962,0.0492259879377962,137
Rescue,WDZCUPBHRAEYDL,rifapentine,Rifapentine,1,1,0.0457696181636846,0.0457696181636846,138
Rescue,CUIHSIWYWATEQL,pazopanib,Pazopanib,1,1,0.0398402305933256,0.0398402305933256,139
Rescue,BMKDZUISNHGIBY,razoxane,Razoxane,1,1,0.0386993560546791,0.0386993560546791,140
Rescue,NMKSAYKQLCHXDK,fendiline,Fendiline,1,1,0.037972158227557,0.037972158227557,141
Rescue,OGHNVEJMJSYVRP,carvedilol,Carvedilol,1,1,0.0367634626464345,0.0367634626464345,142
Rescue,SUBDBMMJDZJVOS,omeprazole,Omeprazole,1,1,0.0342639482604179,0.0342639482604179,143
Rescue,BHKPHCKISVSDGV,benzoxiquine,Benzoxiquine,1,1,0.0238164088503778,0.0238164088503778,144
Rescue,NFDFQCUYFHCNBW,dienestrol,Dienestrol,3,1,0.0229383379910033,0.0229383379910033,145
Rescue,JCCNYMKQOSZNPW,loratadine,Loratadine,1,1,0.0222166669987372,0.0222166669987372,146
Rescue,NNYBQONXHNTVIJ,etodolac,Etodolac,1,1,0.0220865264767949,0.0220865264767949,147
