task,cell,variant,repeat_id,fold_id,outer_seed_requested,outer_split_seed,outer_split_signature,n_outer_train,n_outer_test,inner_cv_seed_requested,inner_cv_seed_used,chemical_offset_frozen,chemical_offset_coefficient,d0_intercept,d1_intercept_refit,c1_has_intercept,stage2_likelihood,stage2_model_spec,alpha_c1,alpha_min_loss_c1,alpha_boundary_hit_c1,beta_saturated_no_signal_c1,beta_l2_norm_c1,final_gradient_inf_norm_c1,final_retry_used_c1,alpha_d1,alpha_min_loss_d1,alpha_boundary_hit_d1,beta_saturated_no_signal_d1,beta_l2_norm_d1,final_gradient_inf_norm_d1,final_retry_used_d1,auprc_c0,auroc_c0,log_loss_c0,brier_c0,auprc_d0,auroc_d0,log_loss_d0,brier_d0,auprc_c1,auroc_c1,log_loss_c1,brier_c1,auprc_d1,auroc_d1,log_loss_d1,brier_d1,delta_auprc_c1_minus_c0,delta_auroc_c1_minus_c0,delta_log_loss_c1_minus_c0,delta_brier_c1_minus_c0,delta_auprc_d1_minus_d0,delta_auroc_d1_minus_d0,delta_log_loss_d1_minus_d0,delta_brier_d1_minus_d0,delta_auprc_d1_minus_c1,delta_auroc_d1_minus_c1,delta_log_loss_d1_minus_c1,delta_brier_d1_minus_c1
NR-Aromatase,HEPG2,standardized,0,0,2042,2042,0eda775b0f6730ae572b867c08b6d27ed6b910c115745c99a3f6120a2ac6d1ad,465,47,42,42,True,1.0,-1.8836563883457378,False,False,unweighted,fixed_chemical_offset_fixed_calibration_intercept_ridge_biology_v1,100000000.0,10.0,True,True,5.121760358439848e-09,2.4208484401128105e-09,False,100000000.0,3.162277660168379,True,True,5.513995517476787e-09,9.226843265125462e-10,False,0.39217506631299737,0.75,0.48943125089081796,0.154414786709785,0.39217506631299737,0.75,0.252483364806536,0.06760396510707456,0.39217506631299737,0.75,0.489431249215118,0.154414785948712,0.39217506631299737,0.75,0.25248336373187397,0.0676039648443682,0.0,0.0,-1.6756999676736939e-09,-7.610730101692553e-10,0.0,0.0,-1.0746620260349005e-09,-2.6270635666847397e-10,0.0,0.0,-0.23694788548324403,-0.0868108211043438
NR-Aromatase,HEPG2,standardized,0,1,2042,2042,0eda775b0f6730ae572b867c08b6d27ed6b910c115745c99a3f6120a2ac6d1ad,414,98,42,42,True,1.0,-1.9882698199466606,False,False,unweighted,fixed_chemical_offset_fixed_calibration_intercept_ridge_biology_v1,100000000.0,3.162277660168379,True,True,5.251296384299462e-09,4.497638955713867e-09,False,31.622776601683796,1.0,False,False,0.016393605378693346,9.873339867905173e-08,False,0.4851860677012494,0.7684108527131782,0.5061167389100611,0.16047604830794104,0.4851860677012494,0.7684108527131782,0.3372004160666175,0.10020290885499038,0.4851860677012494,0.7684108527131782,0.5061167399948722,0.16047604885860858,0.4276401084468461,0.7906976744186046,0.3337111514886758,0.09960264479950318,0.0,0.0,1.0848110187922089e-09,5.506675393451843e-10,-0.05754595925440331,0.022286821705426396,-0.0034892645779416864,-0.0006002640554872013,-0.05754595925440331,0.022286821705426396,-0.17240558850619636,-0.06087340405910541
NR-Aromatase,HEPG2,standardized,0,2,2042,2042,0eda775b0f6730ae572b867c08b6d27ed6b910c115745c99a3f6120a2ac6d1ad,406,106,42,42,True,1.0,-1.814088685752193,False,False,unweighted,fixed_chemical_offset_fixed_calibration_intercept_ridge_biology_v1,100000000.0,3.162277660168379,True,True,5.041092711088002e-09,1.7252323875061037e-09,False,100000000.0,1.0,True,True,5.4839278904693746e-09,9.88846182020664e-10,False,0.35248051207888353,0.6926020408163265,0.5236466929578332,0.17012168582585976,0.35248051207888353,0.6926020408163265,0.24228824295471485,0.062316898023825555,0.35248051207888353,0.6926020408163265,0.5236466917672246,0.1701216852877231,0.35248051207888353,0.6926020408163265,0.2422882410780298,0.06231689771216822,0.0,0.0,-1.1906086117008385e-09,-5.381366741108451e-10,0.0,0.0,-1.8766850573559424e-09,-3.116573318862059e-10,0.0,0.0,-0.28135845068919474,-0.10780478757555487
NR-Aromatase,HEPG2,standardized,0,3,2042,2042,0eda775b0f6730ae572b867c08b6d27ed6b910c115745c99a3f6120a2ac6d1ad,351,161,42,42,True,1.0,-1.7786241965661314,False,False,unweighted,fixed_chemical_offset_fixed_calibration_intercept_ridge_biology_v1,3.162277660168379,1.0,False,False,0.11290614163346192,3.1254552885183473e-07,False,10.0,0.31622776601683794,False,False,0.053224850985745684,1.4631088736827974e-07,False,0.29343460393395904,0.7103030303030303,0.49050071385373806,0.15397431243707016,0.29343460393395904,0.7103030303030303,0.23082111327557395,0.05829766323255184,0.3718946621315947,0.7127272727272727,0.48206971417424715,0.15046541026032506,0.37123893113988926,0.7242424242424242,0.22485974794623423,0.05644998300117548,0.07846005819763568,0.002424242424242329,-0.008430999679490903,-0.003508902176745099,0.07780432720593022,0.013939393939393918,-0.005961365329339718,-0.00184768023137636,-0.000655730991705461,0.01151515151515159,-0.25720996622801295,-0.09401542725914958
NR-Aromatase,HEPG2,standardized,0,4,2042,2042,0eda775b0f6730ae572b867c08b6d27ed6b910c115745c99a3f6120a2ac6d1ad,412,100,42,42,True,1.0,-1.9908925422172923,False,False,unweighted,fixed_chemical_offset_fixed_calibration_intercept_ridge_biology_v1,100000000.0,3.162277660168379,True,True,5.311094071739195e-09,3.2295887509442567e-09,False,100000000.0,1.0,True,True,5.738865535341507e-09,1.6633655286479865e-09,False,0.2752833069703559,0.7045454545454546,0.5143496699961275,0.16421786071730743,0.2752833069703559,0.7045454545454546,0.35343989884084825,0.10298540121664868,0.2752833069703559,0.7045454545454546,0.5143496686933138,0.1642178601488106,0.2752833069703559,0.7045454545454546,0.3534398980378978,0.10298540125300142,0.0,0.0,-1.3028137457737898e-09,-5.684968329422446e-10,0.0,0.0,-8.029504283690869e-10,3.63527402624797e-11,0.0,0.0,-0.16090977065541595,-0.06123245889580918
NR-Aromatase,HEPG2,standardized,1,0,3042,3042,0d4fddcadaada58b1c386dc37700c3a7bffbfba828e0da2c722dd0c4b03a2a54,461,51,42,42,True,1.0,-1.8503681159112155,False,False,unweighted,fixed_chemical_offset_fixed_calibration_intercept_ridge_biology_v1,100000000.0,3.162277660168379,True,True,4.9264222200054974e-09,1.8042995292288921e-09,False,100000000.0,1.0,True,True,5.260528663053627e-09,8.696182645512307e-10,False,0.26096491228070173,0.7847222222222223,0.49944476670761756,0.15840304364046917,0.26096491228070173,0.7847222222222223,0.21361957578326748,0.0539048418310545,0.26096491228070173,0.7847222222222223,0.499444765655157,0.15840304318917678,0.26096491228070173,0.7847222222222223,0.2136195735094996,0.05390484142169363,0.0,0.0,-1.0524605631445638e-09,-4.5129239234498186e-10,0.0,0.0,-2.2737678961881613e-09,-4.093608646504876e-10,0.0,0.0,-0.2858251921456574,-0.10449820176748315
NR-Aromatase,HEPG2,standardized,1,1,3042,3042,0d4fddcadaada58b1c386dc37700c3a7bffbfba828e0da2c722dd0c4b03a2a54,412,100,42,42,True,1.0,-2.0139971634665153,False,False,unweighted,fixed_chemical_offset_fixed_calibration_intercept_ridge_biology_v1,100000000.0,100000000.0,True,False,4.780157288524328e-09,3.3783207229408883e-09,False,100000000.0,31.622776601683796,True,True,5.278720892772814e-09,1.4178892226990314e-09,False,0.2113327002135628,0.6560565870910698,0.5403942370752918,0.17697655841496343,0.2113327002135628,0.6560565870910698,0.3880624676313883,0.11369877763110792,0.2113327002135628,0.6560565870910698,0.5403942357398082,0.17697655773979493,0.2113327002135628,0.6560565870910698,0.3880624660234913,0.11369877733630593,0.0,0.0,-1.3354836125856195e-09,-6.751685044381617e-10,0.0,0.0,-1.6078969822252986e-09,-2.9480198837639193e-10,0.0,0.0,-0.15233176971631684,-0.063277780403489
NR-Aromatase,HEPG2,standardized,1,2,3042,3042,0d4fddcadaada58b1c386dc37700c3a7bffbfba828e0da2c722dd0c4b03a2a54,407,105,42,42,True,1.0,-1.7884330870040586,False,False,unweighted,fixed_chemical_offset_fixed_calibration_intercept_ridge_biology_v1,10.0,3.162277660168379,False,False,0.04616527523391883,3.160217254653819e-07,False,10.0,3.162277660168379,False,False,0.05341819121226755,8.728273269593967e-08,False,0.2918027553577426,0.7760942760942761,0.4927284150681424,0.1553164707974964,0.2918027553577426,0.7760942760942761,0.20612435315292493,0.05030390617678537,0.3094674233215132,0.8063973063973064,0.4954001241637169,0.1563184817174057,0.23351122058018609,0.8047138047138047,0.20891917786471237,0.05242226291681442,0.01766466796377064,0.030303030303030387,0.002671709095574515,0.001002010919909313,-0.0582915347775565,0.028619528619528656,0.002794824711787436,0.0021183567400290468,-0.07595620274132714,-0.0016835016835017313,-0.28648094629900456,-0.10389621880059127
NR-Aromatase,HEPG2,standardized,1,3,3042,3042,0d4fddcadaada58b1c386dc37700c3a7bffbfba828e0da2c722dd0c4b03a2a54,351,161,42,42,True,1.0,-1.9926161960195572,False,False,unweighted,fixed_chemical_offset_fixed_calibration_intercept_ridge_biology_v1,100000000.0,3.162277660168379,True,True,5.641393844892764e-09,3.1931957251984944e-09,False,100000000.0,1.0,True,True,5.9473215407747096e-09,1.7696067389216807e-09,False,0.3733243686784997,0.7078477078477079,0.5135798670281557,0.1644736292883601,0.3733243686784997,0.7078477078477079,0.3171529036403237,0.09023521091048246,0.3733243686784997,0.7078477078477079,0.513579865079635,0.16447362836301022,0.3733243686784997,0.7078477078477079,0.3171529027362854,0.090235210748067,0.0,0.0,-1.948520678141108e-09,-9.253498800543269e-10,0.0,0.0,-9.040383441849542e-10,-1.6241546996198508e-10,0.0,0.0,-0.19642696234334966,-0.07423841761494322
NR-Aromatase,HEPG2,standardized,1,4,3042,3042,0d4fddcadaada58b1c386dc37700c3a7bffbfba828e0da2c722dd0c4b03a2a54,417,95,42,42,True,1.0,-1.8491048658559617,False,False,unweighted,fixed_chemical_offset_fixed_calibration_intercept_ridge_biology_v1,100000000.0,3.162277660168379,True,True,5.209569998931489e-09,2.2531911562234663e-09,False,1000.0,1.0,False,True,0.000557615211236727,2.718352236051602e-07,False,0.6538572358025838,0.788961038961039,0.4692725432141436,0.14383159963005185,0.6538572358025838,0.788961038961039,0.21820777000755628,0.05618438502463514,0.6538572358025838,0.788961038961039,0.4692725413556604,0.1438315988323441,0.6541682455475559,0.7905844155844156,0.21804639303745543,0.05616420044986429,0.0,0.0,-1.8584832006673935e-09,-7.977077609577776e-10,0.00031100974497211276,0.0016233766233766378,-0.0001613769701008516,-2.018457477084845e-05,0.00031100974497211276,0.0016233766233766378,-0.25122614831820494,-0.0876673983824798
NR-Aromatase,HEPG2,standardized,2,0,4042,4042,655583ea78db9e78a64da07dae6fe29d7f54deef8eb193e78f15a398fff39b67,460,52,42,42,True,1.0,-1.8605682416212221,False,False,unweighted,fixed_chemical_offset_fixed_calibration_intercept_ridge_biology_v1,3.162277660168379,1.0,False,False,0.09770328180495816,1.3983903681021037e-07,False,10.0,0.31622776601683794,False,False,0.04613607164388667,6.767912874919291e-08,False,0.20718029907934649,0.5989583333333334,0.5565457707944664,0.18516155887261798,0.20718029907934649,0.5989583333333334,0.2727350683493265,0.07178128156981743,0.23897357723577234,0.671875,0.5554098680582675,0.18476128677983505,0.22010869565217392,0.6770833333333334,0.26113550823667886,0.06934670939758149,0.03179327815642585,0.07291666666666663,-0.0011359027361989016,-0.0004002720927829273,0.012928396572827433,0.078125,-0.011599560112647622,-0.0024345721722359437,-0.01886488158359842,0.00520833333333337,-0.29427435982158867,-0.11541457738225357
NR-Aromatase,HEPG2,standardized,2,1,4042,4042,655583ea78db9e78a64da07dae6fe29d7f54deef8eb193e78f15a398fff39b67,354,158,42,42,True,1.0,-1.9813605795924008,False,False,unweighted,fixed_chemical_offset_fixed_calibration_intercept_ridge_biology_v1,100000000.0,3.162277660168379,True,True,6.091541871803894e-09,5.6147223641278554e-09,False,10.0,1.0,False,False,0.05035452878657983,9.940119992989452e-07,False,0.2954027227280422,0.7632042253521127,0.4885790849148922,0.1529352205596248,0.2954027227280422,0.7632042253521127,0.30004247842159004,0.08530329204426848,0.2954027227280422,0.7632042253521127,0.488579085514474,0.15293522087249312,0.3405191207916626,0.738556338028169,0.2955088535763966,0.0834928687024022,0.0,0.0,5.995817731196951e-10,3.128683145892097e-10,0.04511639806362039,-0.02464788732394374,-0.004533624845193429,-0.0018104233418662768,0.04511639806362039,-0.02464788732394374,-0.19307023193807737,-0.06944235217009091
NR-Aromatase,HEPG2,standardized,2,2,4042,4042,655583ea78db9e78a64da07dae6fe29d7f54deef8eb193e78f15a398fff39b67,410,102,42,42,True,1.0,-1.8473161714357071,False,False,unweighted,fixed_chemical_offset_fixed_calibration_intercept_ridge_biology_v1,100000000.0,3.162277660168379,True,True,4.9422390464668856e-09,2.0358616797597207e-09,False,10.0,1.0,False,False,0.04629050198761984,3.308171091648271e-07,False,0.260035767003261,0.601063829787234,0.5220030308906107,0.16804967254835554,0.260035767003261,0.601063829787234,0.265626577212313,0.06950614451094231,0.260035767003261,0.601063829787234,0.5220030295391564,0.1680496719409352,0.3580797697368421,0.7074468085106383,0.24965917389225342,0.06623112861082385,0.0,0.0,-1.3514542818171549e-09,-6.074203362516073e-10,0.0980440027335811,0.1063829787234043,-0.015967403320059553,-0.003275015900118458,0.0980440027335811,0.1063829787234043,-0.272343855646903,-0.10181854333011135
NR-Aromatase,HEPG2,standardized,2,3,4042,4042,655583ea78db9e78a64da07dae6fe29d7f54deef8eb193e78f15a398fff39b67,419,93,42,42,True,1.0,-1.8324507341220626,False,False,unweighted,fixed_chemical_offset_fixed_calibration_intercept_ridge_biology_v1,100000000.0,10.0,True,True,5.423630144939694e-09,3.2156097891844135e-09,False,100000000.0,10.0,True,True,5.670567171548437e-09,1.204698910073354e-09,False,0.42649731675182356,0.7030651340996169,0.47936193119024895,0.14861389989773993,0.42649731675182356,0.7030651340996169,0.21681221537628678,0.05382556509381344,0.42649731675182356,0.7030651340996169,0.4793619304107772,0.1486138995996119,0.42649731675182356,0.7030651340996169,0.21681221416674898,0.05382556482669555,0.0,0.0,-7.794717649112215e-10,-2.981280222691396e-10,0.0,0.0,-1.209537803248395e-09,-2.6711789030686717e-10,0.0,0.0,-0.26254971624402823,-0.09478833477291636
NR-Aromatase,HEPG2,standardized,2,4,4042,4042,655583ea78db9e78a64da07dae6fe29d7f54deef8eb193e78f15a398fff39b67,405,107,42,42,True,1.0,-1.9626694948806485,False,False,unweighted,fixed_chemical_offset_fixed_calibration_intercept_ridge_biology_v1,100000000.0,3.162277660168379,True,True,5.331831254334033e-09,2.4904897449884444e-09,False,100000000.0,3.162277660168379,True,True,5.799603391116918e-09,1.6017507320498225e-09,False,0.4641032666071488,0.8052373158756136,0.5098504330770903,0.16331188393419957,0.4641032666071488,0.8052373158756136,0.31375459029196834,0.09257068615281103,0.4641032666071488,0.8052373158756136,0.5098504318094348,0.16331188333943597,0.4641032666071488,0.8052373158756136,0.3137545890811458,0.09257068606737297,0.0,0.0,-1.2676555360968678e-09,-5.947635994818512e-10,0.0,0.0,-1.2108225533324912e-09,-8.54380594050852e-11,0.0,0.0,-0.196095842728289,-0.070741197272063
NR-Aromatase,HEPG2,standardized,3,0,5042,5042,e3184a77f387593f15e4138b9838e81aa8e2eb53f60201e7fe340bd007687a0b,460,52,42,42,True,1.0,-1.9135093238829564,False,False,unweighted,fixed_chemical_offset_fixed_calibration_intercept_ridge_biology_v1,100000000.0,3.162277660168379,True,True,5.22349076427442e-09,3.0586953247979665e-09,False,100000000.0,1.0,True,True,5.600764324964104e-09,9.534218553541862e-10,False,0.3198580002927829,0.6468085106382979,0.4923723683441198,0.15522278203083362,0.3198580002927829,0.6468085106382979,0.30661015443162704,0.08526918775964182,0.3198580002927829,0.6468085106382979,0.49237236752575797,0.15522278167937417,0.3198580002927829,0.6468085106382979,0.30661015357726124,0.0852691876122387,0.0,0.0,-8.183618227519673e-10,-3.5145944488057523e-10,0.0,0.0,-8.543658003290489e-10,-1.4740311748973056e-10,0.0,0.0,-0.18576221394849673,-0.06995359406713547
NR-Aromatase,HEPG2,standardized,3,1,5042,5042,e3184a77f387593f15e4138b9838e81aa8e2eb53f60201e7fe340bd007687a0b,419,93,42,42,True,1.0,-1.8718100514925424,False,False,unweighted,fixed_chemical_offset_fixed_calibration_intercept_ridge_biology_v1,100000000.0,3.162277660168379,True,True,5.729863027192954e-09,2.6363060900980173e-09,False,100000000.0,3.162277660168379,True,True,6.081012548980656e-09,8.293689207627963e-10,False,0.5157587553287072,0.8044117647058824,0.4763128182937013,0.14709835197293117,0.5157587553287072,0.8044117647058824,0.2380624108643031,0.06377691196459608,0.5157587553287072,0.8044117647058824,0.4763128180261578,0.1470983518991239,0.5157587553287072,0.8044117647058824,0.2380624107288199,0.0637769120496255,0.0,0.0,-2.675434873644633e-10,-7.38072658545974e-11,0.0,0.0,-1.3548320798584257e-10,8.50294279430841e-11,0.0,0.0,-0.23825040729733793,-0.0833214398494984
NR-Aromatase,HEPG2,standardized,3,2,5042,5042,e3184a77f387593f15e4138b9838e81aa8e2eb53f60201e7fe340bd007687a0b,343,169,42,42,True,1.0,-1.7909331237278865,False,False,unweighted,fixed_chemical_offset_fixed_calibration_intercept_ridge_biology_v1,3.162277660168379,1.0,False,False,0.10830651428170568,9.125424383082947e-07,False,3.162277660168379,1.0,False,False,0.1224164376844691,5.887453285776528e-07,False,0.2281673127057638,0.7011834319526628,0.521258796066481,0.1677868510052741,0.2281673127057638,0.7011834319526628,0.25838918744701456,0.06844407595988164,0.2802585124675595,0.7312623274161736,0.5096371520319443,0.16264928315884228,0.3012393506030555,0.7593688362919132,0.24380177282410848,0.06458823184170134,0.052091199761795715,0.030078895463510835,-0.011621644034536693,-0.005137567846431823,0.07307203789729172,0.05818540433925046,-0.01458741462290608,-0.003855844118180296,0.020980838135496005,0.028106508875739622,-0.2658353792078358,-0.09806105131714093
NR-Aromatase,HEPG2,standardized,3,3,5042,5042,e3184a77f387593f15e4138b9838e81aa8e2eb53f60201e7fe340bd007687a0b,419,93,42,42,True,1.0,-1.882891062063811,False,False,unweighted,fixed_chemical_offset_fixed_calibration_intercept_ridge_biology_v1,100000000.0,3.162277660168379,True,True,5.86996924856462e-09,3.9059177003863965e-09,False,100000000.0,1.0,True,True,6.294727702730342e-09,1.4329612774144351e-09,False,0.27817231068597825,0.7264705882352942,0.49551229852466383,0.15664204857072436,0.27817231068597825,0.7264705882352942,0.26466154200640846,0.07182138114097772,0.27817231068597825,0.7264705882352942,0.49551229753438997,0.15664204813256605,0.27817231068597825,0.7264705882352942,0.2646615423925896,0.0718213812490686,0.0,0.0,-9.902738629108399e-10,-4.381583151857882e-10,0.0,0.0,3.861811426197903e-10,1.080908834660832e-10,0.0,0.0,-0.23085075514180037,-0.08482066688349744
NR-Aromatase,HEPG2,standardized,3,4,5042,5042,e3184a77f387593f15e4138b9838e81aa8e2eb53f60201e7fe340bd007687a0b,407,105,42,42,True,1.0,-1.989335996100784,False,False,unweighted,fixed_chemical_offset_fixed_calibration_intercept_ridge_biology_v1,100000000.0,10.0,True,True,4.622360817199982e-09,1.1964405577380433e-09,False,100000000.0,1.0,True,True,4.994315571479315e-09,6.701144153464789e-10,False,0.36501250904064203,0.7165551839464883,0.5184667146229703,0.1671740670964157,0.36501250904064203,0.7165551839464883,0.34369905583842875,0.1005433575875487,0.36501250904064203,0.7165551839464883,0.5184667143892473,0.1671740669840813,0.36501250904064203,0.7165551839464883,0.34369905425886,0.1005433573339024,0.0,0.0,-2.3372304092106333e-10,-1.1233439178859328e-10,0.0,0.0,-1.579568753573568e-09,-2.5364629840929354e-10,0.0,0.0,-0.1747676601303873,-0.0666307096501789
NR-Aromatase,HEPG2,standardized,4,0,6042,6042,98e4823f057b0652509403e593d3b5cd45937615071fe307576b0dd238afc2f6,458,54,42,42,True,1.0,-1.8616517483082289,False,False,unweighted,fixed_chemical_offset_fixed_calibration_intercept_ridge_biology_v1,3.162277660168379,1.0,False,False,0.10021127496993765,2.4551900972002993e-07,False,10.0,1.0,False,False,0.048812463782294875,4.18037298836188e-07,False,0.13321148804066335,0.37,0.5635166596862798,0.18738479760303903,0.13321148804066335,0.37,0.285075932099166,0.0718670627936171,0.13091004907042642,0.33499999999999996,0.5674562436413603,0.18922980572733739,0.1310901467505241,0.33999999999999997,0.2900412871614237,0.07277078316905479,-0.0023014389702369353,-0.03500000000000003,0.003939583955080428,0.0018450081242983585,-0.0021213412901392448,-0.030000000000000027,0.004965355062257704,0.0009037203754376916,0.00018009768009769056,0.0050000000000000044,-0.2774149564799366,-0.1164590225582826
NR-Aromatase,HEPG2,standardized,4,1,6042,6042,98e4823f057b0652509403e593d3b5cd45937615071fe307576b0dd238afc2f6,412,100,42,42,True,1.0,-2.0166479342967083,False,False,unweighted,fixed_chemical_offset_fixed_calibration_intercept_ridge_biology_v1,100000000.0,1.0,True,True,5.465304833807152e-09,3.788024512119126e-09,False,3.162277660168379,0.31622776601683794,False,False,0.11608272724913159,4.016770945823589e-07,False,0.37305562016115223,0.7877984084880636,0.5118303017124668,0.16360630893106445,0.37305562016115223,0.7877984084880636,0.3606083973579878,0.10843106566559431,0.37305562016115223,0.7877984084880636,0.5118303008448557,0.1636063086372194,0.38631422142864047,0.7771883289124669,0.3494808158012956,0.10490156518353114,0.0,0.0,-8.676110940797344e-10,-2.938450593958919e-10,0.013258601267488235,-0.010610079575596676,-0.01112758155669219,-0.003529500482063172,0.013258601267488235,-0.010610079575596676,-0.16234948504356012,-0.05870474345368826
NR-Aromatase,HEPG2,standardized,4,2,6042,6042,98e4823f057b0652509403e593d3b5cd45937615071fe307576b0dd238afc2f6,410,102,42,42,True,1.0,-1.8989475575297354,False,False,unweighted,fixed_chemical_offset_fixed_calibration_intercept_ridge_biology_v1,100000000.0,10.0,True,True,5.45487883565275e-09,2.577086636429936e-09,False,100000000.0,3.162277660168379,True,True,5.940082713539788e-09,1.4331653364063612e-09,False,0.3568030617267931,0.6433566433566433,0.5572724041169788,0.1848869852791477,0.3568030617267931,0.6433566433566433,0.31623962297875235,0.08795006947608189,0.3568030617267931,0.6433566433566433,0.5572724036573324,0.18488698502755846,0.3568030617267931,0.6433566433566433,0.31623962246907866,0.08795006939321635,0.0,0.0,-4.596463210049251e-10,-2.5158924943369243e-10,0.0,0.0,-5.096736921395006e-10,-8.286553387915063e-11,0.0,0.0,-0.24103278118825378,-0.0969369156343421
NR-Aromatase,HEPG2,standardized,4,3,6042,6042,98e4823f057b0652509403e593d3b5cd45937615071fe307576b0dd238afc2f6,349,163,42,42,True,1.0,-1.8097454197941882,False,False,unweighted,fixed_chemical_offset_fixed_calibration_intercept_ridge_biology_v1,100000000.0,3.162277660168379,True,True,4.862453223425389e-09,1.8608138363518378e-09,False,100000000.0,100000000.0,True,False,5.064058458879453e-09,5.663570376568394e-10,False,0.3238104543578666,0.7660044150110376,0.48436701312839364,0.15107777519442603,0.3238104543578666,0.7660044150110376,0.2363347809925921,0.06166025167022647,0.3238104543578666,0.7660044150110376,0.4843670115456176,0.15107777447948878,0.3238104543578666,0.7660044150110376,0.23633477896217936,0.06166025123751488,0.0,0.0,-1.5827760213582565e-09,-7.149372482917471e-10,0.0,0.0,-2.030412726838904e-09,-4.327115887825528e-10,0.0,0.0,-0.24803223258343826,-0.0894175232419739
NR-Aromatase,HEPG2,standardized,4,4,6042,6042,98e4823f057b0652509403e593d3b5cd45937615071fe307576b0dd238afc2f6,419,93,42,42,True,1.0,-1.873954703677788,False,False,unweighted,fixed_chemical_offset_fixed_calibration_intercept_ridge_biology_v1,100000000.0,3.162277660168379,True,True,5.308724991771143e-09,2.4864960524589863e-09,False,100000000.0,3.162277660168379,True,True,5.656733720145004e-09,8.954153356277583e-10,False,0.5027777777777778,0.8803986710963455,0.44202475736003777,0.13188319314347557,0.5027777777777778,0.8803986710963455,0.21858298910080404,0.05845234546788817,0.5027777777777778,0.8803986710963455,0.44202475569703925,0.13188319240133142,0.5027777777777778,0.8803986710963455,0.21858298725916234,0.05845234522447555,0.0,0.0,-1.662998516671621e-09,-7.421441516886063e-10,0.0,0.0,-1.8416417002509178e-09,-2.4341261645188794e-10,0.0,0.0,-0.22344176843787691,-0.07343084717685587
NR-Aromatase,HEPG2,standardized,5,0,7042,7042,f5aad7fa37377801fea0b71f9a8c3a4b4ef46d475add129a0b3c115719e1394f,460,52,42,42,True,1.0,-1.833008074615875,False,False,unweighted,fixed_chemical_offset_fixed_calibration_intercept_ridge_biology_v1,3.162277660168379,1.0,False,False,0.09788042496678809,4.67262423644102e-07,False,1.0,1.0,False,False,0.25463131586356524,2.108552866614266e-07,False,0.40545808966861596,0.7210884353741497,0.5244383726234232,0.16970635471733983,0.40545808966861596,0.7210884353741497,0.20588277027949953,0.048837175499674715,0.5344827586206896,0.8095238095238095,0.5144981096282526,0.1654355712550273,0.5333333333333333,0.8027210884353742,0.19063980884423143,0.043959007826313706,0.12902466895207365,0.08843537414965985,-0.00994026299517059,-0.004270783462312522,0.12787524366471736,0.08163265306122447,-0.015242961435268099,-0.0048781676733610085,-0.0011494252873562871,-0.006802721088435382,-0.32385830078402117,-0.1214765634287136
NR-Aromatase,HEPG2,standardized,5,1,7042,7042,f5aad7fa37377801fea0b71f9a8c3a4b4ef46d475add129a0b3c115719e1394f,358,154,42,42,True,1.0,-1.7505735808206586,False,False,unweighted,fixed_chemical_offset_fixed_calibration_intercept_ridge_biology_v1,100000000.0,10.0,True,True,5.220579594926373e-09,2.2657309622226007e-09,False,100000000.0,3.162277660168379,True,True,5.551030373358648e-09,1.0941462198071905e-09,False,0.084214135888996,0.6172945205479452,0.4785902947399423,0.1481789984748741,0.084214135888996,0.6172945205479452,0.2135498315963806,0.0513453091145925,0.084214135888996,0.6172945205479452,0.4785902933464114,0.1481789978344628,0.084214135888996,0.6172945205479452,0.21354982971551006,0.05134530874475985,0.0,0.0,-1.3935309017831798e-09,-6.404112795621586e-10,0.0,0.0,-1.880870542647628e-09,-3.698326506151872e-10,0.0,0.0,-0.26504046363090134,-0.09683368908970297
NR-Aromatase,HEPG2,standardized,5,2,7042,7042,f5aad7fa37377801fea0b71f9a8c3a4b4ef46d475add129a0b3c115719e1394f,417,95,42,42,True,1.0,-1.7706813950082587,False,False,unweighted,fixed_chemical_offset_fixed_calibration_intercept_ridge_biology_v1,100000000.0,3.162277660168379,True,True,6.06073600299909e-09,2.858673742167639e-09,False,100000000.0,3.162277660168379,True,True,6.340815378476683e-09,9.866748668097003e-10,False,0.11897405029427502,0.5576923076923077,0.49881418268043975,0.15705312694376955,0.11897405029427502,0.5576923076923077,0.1968886738406622,0.044797391855298574,0.11897405029427502,0.5576923076923077,0.498814183335856,0.1570531272932528,0.11897405029427502,0.5576923076923077,0.19688867393039156,0.04479739185813317,0.0,0.0,6.554162212957237e-10,3.4948324789674245e-10,0.0,0.0,8.972936282880539e-11,2.834593670897334e-12,0.0,0.0,-0.3019255094054644,-0.11225573543511963
NR-Aromatase,HEPG2,standardized,5,3,7042,7042,f5aad7fa37377801fea0b71f9a8c3a4b4ef46d475add129a0b3c115719e1394f,408,104,42,42,True,1.0,-1.999497124606292,False,False,unweighted,fixed_chemical_offset_fixed_calibration_intercept_ridge_biology_v1,100000000.0,10.0,True,True,4.483639319926329e-09,1.1180579205516405e-09,False,100000000.0,1.0,True,True,4.99433506038074e-09,8.249541119664805e-10,False,0.41934181097594203,0.753968253968254,0.5326606594036509,0.17366823505403384,0.41934181097594203,0.753968253968254,0.3567002690676002,0.10583561949300815,0.41934181097594203,0.753968253968254,0.5326606578194311,0.1736682343135697,0.41934181097594203,0.753968253968254,0.3567002667065718,0.10583561913332502,0.0,0.0,-1.5842198664017815e-09,-7.404641344521679e-10,0.0,0.0,-2.361028428321532e-09,-3.596831305019421e-10,0.0,0.0,-0.17596039111285927,-0.06783261518024468
NR-Aromatase,HEPG2,standardized,5,4,7042,7042,f5aad7fa37377801fea0b71f9a8c3a4b4ef46d475add129a0b3c115719e1394f,405,107,42,42,True,1.0,-2.1546806004420054,False,False,unweighted,fixed_chemical_offset_fixed_calibration_intercept_ridge_biology_v1,100000000.0,3.162277660168379,True,True,5.488082414254534e-09,2.745013980010036e-09,False,100000000.0,1.0,True,True,5.758831734833745e-09,9.947990278758034e-10,False,0.535428553780747,0.7752808988764045,0.5117484475669041,0.1645126828548446,0.535428553780747,0.7752808988764045,0.4345272432313701,0.13356232079092364,0.535428553780747,0.7752808988764045,0.511748447073975,0.1645126826418086,0.535428553780747,0.7752808988764045,0.4345272423113931,0.13356232069166293,0.0,0.0,-4.929290309263479e-10,-2.1303600550304225e-10,0.0,0.0,-9.199769834822291e-10,-9.926071076193921e-11,0.0,0.0,-0.07722120476258193,-0.030950361950145666
NR-Aromatase,HEPG2,standardized,6,0,8042,8042,f7aac53e83e4a4f1bd3345c14973c52ff408b58fba2b4ce405add548f855a7c4,465,47,42,42,True,1.0,-1.9239943121787206,False,False,unweighted,fixed_chemical_offset_fixed_calibration_intercept_ridge_biology_v1,10.0,1.0,False,False,0.039039599183251034,4.1277268546940915e-07,False,100000000.0,1.0,True,True,5.355350365409633e-09,1.1328396831711274e-09,False,0.6642787524366471,0.8089430894308943,0.4859710704746842,0.1518793794113601,0.6642787524366471,0.8089430894308943,0.29932412351169374,0.08654676538924466,0.7093799682034976,0.8211382113821138,0.4743839209698343,0.14653267093901445,0.6642787524366471,0.8089430894308943,0.2993241216688719,0.08654676498050835,0.045101215766850444,0.012195121951219523,-0.011587149504849903,-0.00534670847234564,0.0,0.0,-1.8428218395705187e-09,-4.087363086879847e-10,-0.045101215766850444,-0.012195121951219523,-0.17505979930096238,-0.0599859059585061
NR-Aromatase,HEPG2,standardized,6,1,8042,8042,f7aac53e83e4a4f1bd3345c14973c52ff408b58fba2b4ce405add548f855a7c4,355,157,42,42,True,1.0,-1.7725794438013402,False,False,unweighted,fixed_chemical_offset_fixed_calibration_intercept_ridge_biology_v1,100000000.0,3.162277660168379,True,True,5.724584729204155e-09,2.6167164025869827e-09,False,31.622776601683796,1.0,False,False,0.0183965225662029,6.961885285275415e-09,False,0.18895278449169928,0.601360544217687,0.5015704384188352,0.1591689490314479,0.18895278449169928,0.601360544217687,0.23714010420308654,0.059764756973022866,0.18895278449169928,0.601360544217687,0.5015704374800333,0.15916894863360107,0.22691577926717246,0.6598639455782314,0.23304284748467277,0.05894252727210998,0.0,0.0,-9.388019250877733e-10,-3.9784683880661476e-10,0.037962994775473186,0.05850340136054433,-0.0040972567184137665,-0.000822229700912884,0.037962994775473186,0.05850340136054433,-0.2685275899953605,-0.10022642136149108
NR-Aromatase,HEPG2,standardized,6,2,8042,8042,f7aac53e83e4a4f1bd3345c14973c52ff408b58fba2b4ce405add548f855a7c4,408,104,42,42,True,1.0,-2.0387445112287437,False,False,unweighted,fixed_chemical_offset_fixed_calibration_intercept_ridge_biology_v1,100000000.0,10.0,True,True,5.339041081505739e-09,2.892369330154132e-09,False,100000000.0,3.162277660168379,True,True,5.714751671277233e-09,8.237287796308834e-10,False,0.43428852755376857,0.75,0.5010339072396583,0.15813118074814356,0.43428852755376857,0.75,0.3671763726559505,0.10930794205753175,0.43428852755376857,0.75,0.5010339060153921,0.1581311802111829,0.43428852755376857,0.75,0.36717637133556885,0.10930794184809421,0.0,0.0,-1.2242662439376772e-09,-5.369606703720109e-10,0.0,0.0,-1.3203816373597022e-09,-2.0943753675783938e-10,0.0,0.0,-0.13385753467982325,-0.048823238363088675
NR-Aromatase,HEPG2,standardized,6,3,8042,8042,f7aac53e83e4a4f1bd3345c14973c52ff408b58fba2b4ce405add548f855a7c4,400,112,42,42,True,1.0,-1.9448583830158754,False,False,unweighted,fixed_chemical_offset_fixed_calibration_intercept_ridge_biology_v1,100000000.0,10.0,True,True,5.2328654328688394e-09,2.2567716376209468e-09,False,100000000.0,3.162277660168379,True,True,5.585353026824905e-09,1.475799572825398e-09,False,0.2858111383911552,0.7558333333333332,0.5151251718664287,0.16585040810202004,0.2858111383911552,0.7558333333333332,0.31250650546097714,0.08984637193741737,0.2858111383911552,0.7558333333333332,0.5151251709704486,0.16585040772129617,0.2858111383911552,0.7558333333333332,0.3125065039868972,0.08984637173787483,0.0,0.0,-8.959800679164687e-10,-3.8072386909782097e-10,0.0,0.0,-1.4740799136880867e-09,-1.995425491507774e-10,0.0,0.0,-0.2026186669835514,-0.07600403598342134
NR-Aromatase,HEPG2,standardized,6,4,8042,8042,f7aac53e83e4a4f1bd3345c14973c52ff408b58fba2b4ce405add548f855a7c4,420,92,42,42,True,1.0,-1.7834933068792036,False,False,unweighted,fixed_chemical_offset_fixed_calibration_intercept_ridge_biology_v1,100000000.0,3.162277660168379,True,True,5.3073526470473655e-09,2.633976328714205e-09,False,100000000.0,3.162277660168379,True,True,5.584064647790139e-09,1.2283505670951378e-09,False,0.2977825159914712,0.7057471264367816,0.5122401722023646,0.1639125265834116,0.2977825159914712,0.7057471264367816,0.20770092535131102,0.04961870114533776,0.2977825159914712,0.7057471264367816,0.5122401712266218,0.1639125261290596,0.2977825159914712,0.7057471264367816,0.2077009239323403,0.049618700873898344,0.0,0.0,-9.75742819875336e-10,-4.543520004673951e-10,0.0,0.0,-1.4189707187028944e-09,-2.714394126135389e-10,0.0,0.0,-0.3045392472942815,-0.11429382525516125
NR-Aromatase,HEPG2,standardized,7,0,9042,9042,73321af10463020658966852b7683aefd4c1b08cd543f2182e6100af7b393560,461,51,42,42,True,1.0,-1.8596139996344894,False,False,unweighted,fixed_chemical_offset_fixed_calibration_intercept_ridge_biology_v1,100000000.0,3.162277660168379,True,True,4.9450364629796705e-09,2.1344750233791288e-09,False,100000000.0,1.0,True,True,5.2758901352234045e-09,9.578949992147118e-10,False,0.3238095238095238,0.8138297872340425,0.5359576203987539,0.17459251246585325,0.3238095238095238,0.8138297872340425,0.24841196501923077,0.067801805505529,0.3238095238095238,0.8138297872340425,0.5359576190555462,0.17459251187944125,0.3238095238095238,0.8138297872340425,0.24841196266394117,0.06780180504037087,0.0,0.0,-1.3432077672348441e-09,-5.864120022902597e-10,0.0,0.0,-2.355289602240518e-09,-4.6515813423297914e-10,0.0,0.0,-0.287545656391605,-0.10679070683907038
NR-Aromatase,HEPG2,standardized,7,1,9042,9042,73321af10463020658966852b7683aefd4c1b08cd543f2182e6100af7b393560,411,101,42,42,True,1.0,-1.87379616239047,False,False,unweighted,fixed_chemical_offset_fixed_calibration_intercept_ridge_biology_v1,31.622776601683796,1.0,False,False,0.016351505340609855,6.755483598283596e-07,False,10.0,1.0,False,False,0.051308869175858335,6.425176705369962e-07,False,0.428494101553186,0.6871980676328502,0.4953534612566628,0.15755563367184774,0.428494101553186,0.6871980676328502,0.2588063533259139,0.06806607682312794,0.43261663000160183,0.6920289855072463,0.49401983791845505,0.15701792107487608,0.4374986977552952,0.6884057971014492,0.2578549634918526,0.06794574720209544,0.004122528448415819,0.004830917874396157,-0.0013336233382077456,-0.0005377125969716623,0.009004596202109194,0.0012077294685990392,-0.0009513898340612892,-0.00012032962103250555,0.004882067753693375,-0.0036231884057971175,-0.23616487442660244,-0.08907217387278064
NR-Aromatase,HEPG2,standardized,7,2,9042,9042,73321af10463020658966852b7683aefd4c1b08cd543f2182e6100af7b393560,406,106,42,42,True,1.0,-1.9924243665824248,False,False,unweighted,fixed_chemical_offset_fixed_calibration_intercept_ridge_biology_v1,100000000.0,3.162277660168379,True,True,5.101009179240556e-09,2.662980329304343e-09,False,100000000.0,1.0,True,True,5.479263459032127e-09,1.0961475893633832e-09,False,0.4296975961768506,0.7758478081058726,0.5047439660837156,0.16012208903334751,0.4296975961768506,0.7758478081058726,0.33224205713253235,0.0981776717529061,0.4296975961768506,0.7758478081058726,0.5047439652454712,0.16012208870302624,0.4296975961768506,0.7758478081058726,0.3322420563817966,0.09817767179423136,0.0,0.0,-8.382444738330719e-10,-3.303212703364977e-10,0.0,0.0,-7.507357513425461e-10,4.1325248778534274e-11,0.0,0.0,-0.17250190886367456,-0.06194441690879489
NR-Aromatase,HEPG2,standardized,7,3,9042,9042,73321af10463020658966852b7683aefd4c1b08cd543f2182e6100af7b393560,414,98,42,42,True,1.0,-1.9045267489603934,False,False,unweighted,fixed_chemical_offset_fixed_calibration_intercept_ridge_biology_v1,100000000.0,3.162277660168379,True,True,5.0868430868200225e-09,2.249103021878529e-09,False,100000000.0,1.0,True,True,5.434403785311854e-09,1.0275684365901316e-09,False,0.3495065769904049,0.7397727272727274,0.5277203769542399,0.17114427227478105,0.3495065769904049,0.7397727272727274,0.2967983571238258,0.08344498255339018,0.3495065769904049,0.7397727272727274,0.5277203756776396,0.17114427164922572,0.3495065769904049,0.7397727272727274,0.2967983553889327,0.0834449822485639,0.0,0.0,-1.2766002699393653e-09,-6.255553297584981e-10,0.0,0.0,-1.7348931180549698e-09,-3.048262753324593e-10,0.0,0.0,-0.23092202028870695,-0.08769928940066181
NR-Aromatase,HEPG2,standardized,7,4,9042,9042,73321af10463020658966852b7683aefd4c1b08cd543f2182e6100af7b393560,356,156,42,42,True,1.0,-1.8339889233840434,False,False,unweighted,fixed_chemical_offset_fixed_calibration_intercept_ridge_biology_v1,100000000.0,3.162277660168379,True,True,5.800965952802949e-09,2.561413706136939e-09,False,100000000.0,1.0,True,True,6.098863931061303e-09,9.487563200349935e-10,False,0.13046941970063047,0.6432601880877743,0.4867361859935933,0.15170692002628056,0.13046941970063047,0.6432601880877743,0.25092701303260695,0.0656832740064896,0.13046941970063047,0.6432601880877743,0.4867361853364709,0.15170691970831024,0.13046941970063047,0.6432601880877743,0.250927011683613,0.06568327374695589,0.0,0.0,-6.571224120399677e-10,-3.17970316743299e-10,0.0,0.0,-1.3489939720834343e-09,-2.595337139643661e-10,0.0,0.0,-0.23580917365285792,-0.08602364596135435
NR-Aromatase,HEPG2,standardized,8,0,10042,10042,14efa0e290e467e1900055f17f579975323b5ce6ecdaa565d100e3654677b567,460,52,42,42,True,1.0,-1.8526176521769875,False,False,unweighted,fixed_chemical_offset_fixed_calibration_intercept_ridge_biology_v1,100000000.0,3.162277660168379,True,True,4.8355329648929546e-09,1.6247871485741694e-09,False,100000000.0,1.0,True,True,5.2157384517014935e-09,9.13227202192779e-10,False,0.13977591036414566,0.761904761904762,0.49403962653963557,0.1553673277118433,0.13977591036414566,0.761904761904762,0.21674834327784703,0.05455522672144901,0.13977591036414566,0.761904761904762,0.4940396249652209,0.15536732696726377,0.13977591036414566,0.761904761904762,0.21674834047542718,0.054555226247725394,0.0,0.0,-1.5744146542040482e-09,-7.44579536915424e-10,0.0,0.0,-2.802419851732907e-09,-4.737236158902647e-10,0.0,0.0,-0.27729128448979373,-0.10081210071953838
NR-Aromatase,HEPG2,standardized,8,1,10042,10042,14efa0e290e467e1900055f17f579975323b5ce6ecdaa565d100e3654677b567,416,96,42,42,True,1.0,-1.8147451839975497,False,False,unweighted,fixed_chemical_offset_fixed_calibration_intercept_ridge_biology_v1,100000000.0,3.162277660168379,True,True,5.504001356970959e-09,2.587140092435991e-09,False,100000000.0,3.162277660168379,True,True,5.842139847570107e-09,1.0614885290194387e-09,False,0.3517993675457604,0.7222222222222222,0.4917650067345427,0.1542808227050864,0.3517993675457604,0.7222222222222222,0.21407655270652992,0.05270022144490616,0.3517993675457604,0.7222222222222222,0.49176500638080095,0.15428082254844766,0.3517993675457604,0.7222222222222222,0.21407655147706905,0.05270022124573681,0.0,0.0,-3.537417581078728e-10,-1.5663872976467985e-10,0.0,0.0,-1.2294608664475959e-09,-1.9916934768104966e-10,0.0,0.0,-0.2776884549037319,-0.10158060130271085
NR-Aromatase,HEPG2,standardized,8,2,10042,10042,14efa0e290e467e1900055f17f579975323b5ce6ecdaa565d100e3654677b567,409,103,42,42,True,1.0,-1.9760975256467153,False,False,unweighted,fixed_chemical_offset_fixed_calibration_intercept_ridge_biology_v1,31.622776601683796,1.0,False,False,0.01559918056577259,2.2739039240958492e-07,False,3.162277660168379,1.0,False,False,0.11191707450251717,8.696314478771894e-07,False,0.3868847857023912,0.7393162393162394,0.5351454118792289,0.1745204281681055,0.3868847857023912,0.7393162393162394,0.3447224776079318,0.10094911466023028,0.37081038548616274,0.7487179487179487,0.5356937190577651,0.17477176229628452,0.3367776150304155,0.688888888888889,0.34661437419154345,0.09998197058487847,-0.016074400216228468,0.009401709401709368,0.000548307178536156,0.0002513341281790149,-0.05010717067197573,-0.05042735042735036,0.001891896583611663,-0.0009671440753518112,-0.03403277045574726,-0.05982905982905973,-0.18907934486622163,-0.07478979171140605
NR-Aromatase,HEPG2,standardized,8,3,10042,10042,14efa0e290e467e1900055f17f579975323b5ce6ecdaa565d100e3654677b567,348,164,42,42,True,1.0,-1.8776339945533431,False,False,unweighted,fixed_chemical_offset_fixed_calibration_intercept_ridge_biology_v1,100000000.0,1.0,True,True,6.040953556639437e-09,3.1953202028756067e-09,False,100000000.0,3.162277660168379,True,True,6.434912314448327e-09,1.1309485362098748e-09,False,0.2859858433106371,0.6628571428571428,0.5000436192646506,0.15845200482851096,0.2859858433106371,0.6628571428571428,0.27351188678781974,0.07349091380853445,0.2859858433106371,0.6628571428571428,0.5000436174498836,0.1584520039951023,0.2859858433106371,0.6628571428571428,0.2735118859044827,0.07349091364979339,0.0,0.0,-1.814767003338602e-09,-8.334086754047121e-10,0.0,0.0,-8.833370146454911e-10,-1.5874106196189786e-10,0.0,0.0,-0.22653173154540085,-0.0849610903453089
NR-Aromatase,HEPG2,standardized,8,4,10042,10042,14efa0e290e467e1900055f17f579975323b5ce6ecdaa565d100e3654677b567,415,97,42,42,True,1.0,-1.9510151147871375,False,False,unweighted,fixed_chemical_offset_fixed_calibration_intercept_ridge_biology_v1,100000000.0,3.162277660168379,True,True,4.828433922562146e-09,3.7187265653979007e-09,False,1.0,0.31622776601683794,False,False,0.2578523060913538,1.5191217054601192e-07,False,0.42520542395957683,0.7684989429175475,0.49987843689802963,0.158524782136943,0.42520542395957683,0.7684989429175475,0.3114437814603095,0.0909717276181456,0.42520542395957683,0.7684989429175475,0.4998784369337589,0.15852478211497525,0.5195952861299966,0.8086680761099366,0.2775010896546308,0.07782679230419014,0.0,0.0,3.572925288963802e-11,-2.1967733188077432e-11,0.09438986217041978,0.04016913319238913,-0.033942691805678715,-0.01314493531395547,0.09438986217041978,0.04016913319238913,-0.2223773472791281,-0.08069798981078512
NR-Aromatase,HEPG2,standardized,9,0,11042,11042,f73d842bc1d4415e01dc5ab5a088b33d8371a8af5d2d64a4018b22ea03a89a7f,463,49,42,42,True,1.0,-1.9087893562688028,False,False,unweighted,fixed_chemical_offset_fixed_calibration_intercept_ridge_biology_v1,100.0,3.162277660168379,False,False,0.005104392731311604,2.8398611833999055e-07,False,31.622776601683796,1.0,False,False,0.01694642756553228,6.690381511784138e-07,False,0.5470695970695971,0.759090909090909,0.4694900070411588,0.14381272699012976,0.5470695970695971,0.759090909090909,0.2748032710290643,0.07685932119078728,0.5510796221322538,0.7681818181818182,0.4692283801125437,0.1437059491332542,0.5510796221322538,0.7681818181818182,0.2731800866659769,0.07662231938370245,0.004010025062656686,0.00909090909090915,-0.0002616269286150885,-0.00010677785687554509,0.004010025062656686,0.00909090909090915,-0.0016231843630874487,-0.0002370018070848301,0.0,0.0,-0.19604829344656682,-0.06708362974955176
NR-Aromatase,HEPG2,standardized,9,1,11042,11042,f73d842bc1d4415e01dc5ab5a088b33d8371a8af5d2d64a4018b22ea03a89a7f,361,151,42,42,True,1.0,-1.8201989528808844,False,False,unweighted,fixed_chemical_offset_fixed_calibration_intercept_ridge_biology_v1,100000000.0,3.162277660168379,True,True,6.13624407328031e-09,2.648631834689663e-09,False,100000000.0,3.162277660168379,True,True,6.533657080644756e-09,1.2815875999327986e-09,False,0.1300958011763029,0.7097402597402597,0.5046796684270253,0.16035955237155303,0.1300958011763029,0.7097402597402597,0.2524924718790727,0.06677407087282047,0.1300958011763029,0.7097402597402597,0.5046796668405781,0.16035955164432988,0.1300958011763029,0.7097402597402597,0.25249247109499684,0.06677407070977695,0.0,0.0,-1.5864471958337845e-09,-7.272231428157028e-10,0.0,0.0,-7.84075859794342e-10,-1.6304352312701553e-10,0.0,0.0,-0.25218719574558124,-0.09358548093455293
NR-Aromatase,HEPG2,standardized,9,2,11042,11042,f73d842bc1d4415e01dc5ab5a088b33d8371a8af5d2d64a4018b22ea03a89a7f,410,102,42,42,True,1.0,-1.899262231513689,False,False,unweighted,fixed_chemical_offset_fixed_calibration_intercept_ridge_biology_v1,100000000.0,100000000.0,True,False,4.276143964563392e-09,1.4671418875795983e-09,False,100000000.0,3.162277660168379,True,True,4.568905990139098e-09,8.66707476621098e-10,False,0.33368142153831737,0.6513486513486513,0.5584893482458356,0.18519706407418235,0.33368142153831737,0.6513486513486513,0.3175906646411882,0.08915397790718851,0.33368142153831737,0.6513486513486513,0.5584893469877117,0.185197063484455,0.33368142153831737,0.6513486513486513,0.31759066210207165,0.08915397745430396,0.0,0.0,-1.2581239383635534e-09,-5.897273502863953e-10,0.0,0.0,-2.539116528144092e-09,-4.52884549306809e-10,0.0,0.0,-0.24089868488564004,-0.09604308603015103
NR-Aromatase,HEPG2,standardized,9,3,11042,11042,f73d842bc1d4415e01dc5ab5a088b33d8371a8af5d2d64a4018b22ea03a89a7f,409,103,42,42,True,1.0,-1.935486851267729,False,False,unweighted,fixed_chemical_offset_fixed_calibration_intercept_ridge_biology_v1,100000000.0,10.0,True,True,4.483854255708804e-09,1.987337164624514e-09,False,10.0,1.0,False,False,0.04364748197505989,6.769333887072723e-07,False,0.2916746806212297,0.6294466403162055,0.5254691032436383,0.17074600901664483,0.2916746806212297,0.6294466403162055,0.32221870784506823,0.08990017744528567,0.2916746806212297,0.6294466403162055,0.5254691014014033,0.17074600817842936,0.41053937377937755,0.7312252964426877,0.30288935161976316,0.08573463564111497,0.0,0.0,-1.8422349201685506e-09,-8.382154692565535e-10,0.11886469315814785,0.10177865612648229,-0.019329356225305072,-0.004165541804170697,0.11886469315814785,0.10177865612648229,-0.2225797497816402,-0.08501137253731439
NR-Aromatase,HEPG2,standardized,9,4,11042,11042,f73d842bc1d4415e01dc5ab5a088b33d8371a8af5d2d64a4018b22ea03a89a7f,405,107,42,42,True,1.0,-1.8886731057291324,False,False,unweighted,fixed_chemical_offset_fixed_calibration_intercept_ridge_biology_v1,3.162277660168379,3.162277660168379,False,False,0.11007475917644398,8.450089300894928e-07,False,100000000.0,1.0,True,True,6.551889984709082e-09,1.6687328047160221e-09,False,0.5631735094267394,0.8843537414965987,0.45059784257926877,0.13542655407734963,0.5631735094267394,0.8843537414965987,0.23188488318922856,0.06415623340061412,0.4648617598565612,0.8582766439909297,0.4426540805978042,0.13285385712284614,0.5631735094267394,0.8843537414965987,0.23188488353777828,0.06415623356660372,-0.09831174957017819,-0.026077097505669,-0.00794376198146457,-0.0025726969545034895,0.0,0.0,3.485497168664864e-10,1.6598959706737304e-10,0.09831174957017819,0.026077097505669,-0.21076919706002592,-0.06869762355624243
NR-Aromatase,HEPG2,standardized,10,0,12042,12042,7ffda9d10b2ebb408faa56f132c26b7876c6dd2b03db7cb5c214151a42e14e2a,465,47,42,42,True,1.0,-1.9920923453830024,False,False,unweighted,fixed_chemical_offset_fixed_calibration_intercept_ridge_biology_v1,100000000.0,3.162277660168379,True,True,4.590260924796431e-09,2.0401321153273866e-09,False,10.0,1.0,False,False,0.04284490581678426,1.1635620012807879e-07,False,0.42703399541634834,0.6955128205128205,0.5381475237280381,0.1759391173341395,0.42703399541634834,0.6955128205128205,0.45803247512093354,0.14011572183192778,0.42703399541634834,0.6955128205128205,0.5381475213701474,0.17593911628281117,0.5147345106953429,0.7499999999999999,0.43425794103308674,0.13451612769614874,0.0,0.0,-2.3578906604981853e-09,-1.0513283299484755e-09,0.08770051527899458,0.054487179487179405,-0.0237745340878468,-0.00559959413577904,0.08770051527899458,0.054487179487179405,-0.1038895803370607,-0.041422988586662435
NR-Aromatase,HEPG2,standardized,10,1,12042,12042,7ffda9d10b2ebb408faa56f132c26b7876c6dd2b03db7cb5c214151a42e14e2a,401,111,42,42,True,1.0,-1.7705411822229216,False,False,unweighted,fixed_chemical_offset_fixed_calibration_intercept_ridge_biology_v1,31.622776601683796,1.0,False,False,0.01729104108508009,2.820975088350941e-07,False,100000000.0,1.0,True,True,6.668598869700476e-09,1.6235088499266803e-09,False,0.2783240183516734,0.6031746031746033,0.5042573960368801,0.1605155349271168,0.2783240183516734,0.6031746031746033,0.21084622533199426,0.049468833528725956,0.2773983162570119,0.5936507936507937,0.5072284165061522,0.161904959526645,0.2783240183516734,0.6031746031746033,0.2108462260790478,0.04946883375237612,-0.0009257020946615291,-0.009523809523809601,0.002971020469272112,0.001389424599528205,0.0,0.0,7.470535301479231e-10,2.2365016782988079e-10,0.0009257020946615291,0.009523809523809601,-0.29638219042710445,-0.11243612577426887
NR-Aromatase,HEPG2,standardized,10,2,12042,12042,7ffda9d10b2ebb408faa56f132c26b7876c6dd2b03db7cb5c214151a42e14e2a,413,99,42,42,True,1.0,-1.893637742121109,False,False,unweighted,fixed_chemical_offset_fixed_calibration_intercept_ridge_biology_v1,100000000.0,3.162277660168379,True,True,5.3067302622336894e-09,2.0342404011275406e-09,False,100000000.0,0.31622776601683794,True,True,5.6908044925087025e-09,7.966825532612631e-10,False,0.40110348343973135,0.6539325842696629,0.522900839078201,0.16928334959880564,0.40110348343973135,0.6539325842696629,0.28631146560412535,0.0773994362827168,0.40110348343973135,0.6539325842696629,0.5229008384434689,0.16928334931303773,0.40110348343973135,0.6539325842696629,0.28631146443050104,0.07739943600282313,0.0,0.0,-6.347320447019911e-10,-2.857679093359877e-10,0.0,0.0,-1.1736243088478204e-09,-2.798936638015448e-10,0.0,0.0,-0.23658937401296787,-0.0918839133102146
NR-Aromatase,HEPG2,standardized,10,3,12042,12042,7ffda9d10b2ebb408faa56f132c26b7876c6dd2b03db7cb5c214151a42e14e2a,350,162,42,42,True,1.0,-1.7449910887522975,False,False,unweighted,fixed_chemical_offset_fixed_calibration_intercept_ridge_biology_v1,100.0,3.162277660168379,False,False,0.0061641534232349925,1.6615972942869706e-07,False,10.0,1.0,False,False,0.05351153625767473,1.3158301420592572e-07,False,0.2958910639386439,0.8017429193899782,0.4706610965903218,0.14408503224995844,0.2958910639386439,0.8017429193899782,0.203966913938932,0.050102686104293914,0.29992001093696014,0.8002904865649962,0.4708892415157508,0.14421906694276443,0.27341007514800963,0.8053740014524328,0.20004491869301663,0.04918938464916734,0.004028946998316241,-0.0014524328249819751,0.0002281449254289969,0.00013403469280598435,-0.02248098879063426,0.0036310820624545492,-0.003921995245915355,-0.0009133014551265736,-0.0265099357889505,0.005083514887436524,-0.2708443228227342,-0.0950296822935971
NR-Aromatase,HEPG2,standardized,10,4,12042,12042,7ffda9d10b2ebb408faa56f132c26b7876c6dd2b03db7cb5c214151a42e14e2a,419,93,42,42,True,1.0,-2.0494307060545665,False,False,unweighted,fixed_chemical_offset_fixed_calibration_intercept_ridge_biology_v1,100000000.0,3.162277660168379,True,True,4.303312399632607e-09,1.2613809857731084e-09,False,100000000.0,3.162277660168379,True,True,4.647774352107244e-09,6.616615987747876e-10,False,0.3597907000367725,0.7820976491862568,0.5294091967415463,0.1724893231697715,0.3597907000367725,0.7820976491862568,0.4087790388951447,0.12484663711130649,0.3597907000367725,0.7820976491862568,0.5294091951530079,0.1724893224360985,0.3597907000367725,0.7820976491862568,0.4087790358402438,0.12484663670465114,0.0,0.0,-1.5885384119229684e-09,-7.336730112328382e-10,0.0,0.0,-3.0549009433222807e-09,-4.0665534828399075e-10,0.0,0.0,-0.12063015931276411,-0.04764268573144735
NR-Aromatase,HEPG2,standardized,11,0,13042,13042,3e49e864640febda3f014c3d1df502e42e75403387352596a5602aa3f3681485,467,45,42,42,True,1.0,-1.8776141305708796,False,False,unweighted,fixed_chemical_offset_fixed_calibration_intercept_ridge_biology_v1,31.622776601683796,3.162277660168379,False,False,0.015338809605485365,3.527506556369464e-07,False,3.162277660168379,1.0,False,False,0.1137995629136754,4.892350030788473e-07,False,0.4444444444444444,0.701219512195122,0.525840184567843,0.17078936509141185,0.4444444444444444,0.701219512195122,0.2624651289240972,0.06939657794065365,0.375,0.6707317073170732,0.5284093245621336,0.172131487076893,0.3664232109354061,0.6402439024390244,0.2831737966024001,0.07480851192006488,-0.06944444444444442,-0.030487804878048808,0.002569139994290648,0.0013421219854811428,-0.07802123350903833,-0.060975609756097615,0.020708667678302928,0.0054119339794112264,-0.008576789064593915,-0.030487804878048808,-0.24523552795973352,-0.09732297515682811
NR-Aromatase,HEPG2,standardized,11,1,13042,13042,3e49e864640febda3f014c3d1df502e42e75403387352596a5602aa3f3681485,352,160,42,42,True,1.0,-1.8720374123644108,False,False,unweighted,fixed_chemical_offset_fixed_calibration_intercept_ridge_biology_v1,100000000.0,3.162277660168379,True,True,5.359204961216345e-09,3.6804648339411328e-09,False,100000000.0,3.162277660168379,True,True,5.850163745736239e-09,1.5968115267550598e-09,False,0.29576723425778406,0.6673189823874754,0.5068193957907232,0.16109662685427256,0.29576723425778406,0.6673189823874754,0.2747317350395126,0.07424724035969117,0.29576723425778406,0.6673189823874754,0.5068193946123962,0.16109662627244398,0.29576723425778406,0.6673189823874754,0.27473173362463943,0.07424724013221877,0.0,0.0,-1.1783269915355277e-09,-5.818285853109728e-10,0.0,0.0,-1.414873163074759e-09,-2.2747240202569685e-10,0.0,0.0,-0.2320876609877568,-0.08684938614022521
NR-Aromatase,HEPG2,standardized,11,2,13042,13042,3e49e864640febda3f014c3d1df502e42e75403387352596a5602aa3f3681485,403,109,42,42,True,1.0,-1.8767928856800062,False,False,unweighted,fixed_chemical_offset_fixed_calibration_intercept_ridge_biology_v1,100000000.0,3.162277660168379,True,True,5.204076902280478e-09,2.5907281615139555e-09,False,100000000.0,3.162277660168379,True,True,5.497939556013832e-09,9.576699225299912e-10,False,0.28118238703091364,0.697979797979798,0.5218677327563653,0.16892731912882206,0.28118238703091364,0.697979797979798,0.27922547832241973,0.07677861765667078,0.28118238703091364,0.697979797979798,0.521867732290481,0.1689273189685122,0.28118238703091364,0.697979797979798,0.2792254766037988,0.07677861742231824,0.0,0.0,-4.658843311133865e-10,-1.6030984872905663e-10,0.0,0.0,-1.7186209122499463e-09,-2.343525373760258e-10,0.0,0.0,-0.24264225568668218,-0.09214870154619396
NR-Aromatase,HEPG2,standardized,11,3,13042,13042,3e49e864640febda3f014c3d1df502e42e75403387352596a5602aa3f3681485,415,97,42,42,True,1.0,-1.9284496773394428,False,False,unweighted,fixed_chemical_offset_fixed_calibration_intercept_ridge_biology_v1,100000000.0,3.162277660168379,True,True,5.252420446987665e-09,2.97140590431455e-09,False,100000000.0,1.0,True,True,5.485103902599365e-09,1.08214639939902e-09,False,0.29634217270902263,0.732183908045977,0.5154125605834236,0.1654998131742549,0.29634217270902263,0.732183908045977,0.3087263577467757,0.08803029708571333,0.29634217270902263,0.732183908045977,0.5154125598284294,0.16549981283645052,0.29634217270902263,0.732183908045977,0.30872635605502363,0.08803029676294163,0.0,0.0,-7.549941782869496e-10,-3.378043955670762e-10,0.0,0.0,-1.6917520717640855e-09,-3.227716982578954e-10,0.0,0.0,-0.20668620377340574,-0.07746951607350888
NR-Aromatase,HEPG2,standardized,11,4,13042,13042,3e49e864640febda3f014c3d1df502e42e75403387352596a5602aa3f3681485,411,101,42,42,True,1.0,-1.903529732925291,False,False,unweighted,fixed_chemical_offset_fixed_calibration_intercept_ridge_biology_v1,100000000.0,10.0,True,True,5.3659741436091644e-09,2.096430619380474e-09,False,100000000.0,1.0,True,True,5.720867839645767e-09,1.0001641737034106e-09,False,0.4450859325859326,0.8200483091787439,0.46418146247074,0.14159559794491894,0.4450859325859326,0.8200483091787439,0.2539775755845308,0.07054413840838702,0.4450859325859326,0.8200483091787439,0.4641814604948341,0.14159559706321767,0.4450859325859326,0.8200483091787439,0.2539775741835061,0.07054413820780848,0.0,0.0,-1.975905883355722e-09,-8.817012675521596e-10,0.0,0.0,-1.401024740665946e-09,-2.0057853988841856e-10,0.0,0.0,-0.21020388631132803,-0.07105145885540919
NR-Aromatase,HEPG2,standardized,12,0,14042,14042,71d62c8c9d3323073f132aa1aad92dfdadd06a9063eeb83d3b55f425c4560af8,461,51,42,42,True,1.0,-1.8638744754535306,False,False,unweighted,fixed_chemical_offset_fixed_calibration_intercept_ridge_biology_v1,100000000.0,1.0,True,True,5.083844163436287e-09,2.265623486562285e-09,False,3.162277660168379,1.0,False,False,0.11313140664386748,3.663315320326377e-07,False,0.18534226190476188,0.6276595744680851,0.5506437435419569,0.18246624210580048,0.18534226190476188,0.6276595744680851,0.26981944562103366,0.0717063035942795,0.18534226190476188,0.6276595744680851,0.5506437426573855,0.18246624171331305,0.2894880174291939,0.7819148936170213,0.25027113580389293,0.06781971658621515,0.0,0.0,-8.845714161154206e-10,-3.924874314442661e-10,0.104145755524432,0.1542553191489362,-0.01954830981714073,-0.0038865870080643516,0.104145755524432,0.1542553191489362,-0.30037260685349254,-0.1146465251270979
NR-Aromatase,HEPG2,standardized,12,1,14042,14042,71d62c8c9d3323073f132aa1aad92dfdadd06a9063eeb83d3b55f425c4560af8,357,155,42,42,True,1.0,-1.746857403629595,False,False,unweighted,fixed_chemical_offset_fixed_calibration_intercept_ridge_biology_v1,100000000.0,1.0,True,True,6.159196654383263e-09,3.7942453866290915e-09,False,100000000.0,1.0,True,True,6.40596141692195e-09,1.5113499132746178e-09,False,0.48201814525343933,0.8379310344827586,0.4798108187475229,0.1488250776266266,0.48201814525343933,0.8379310344827586,0.2045366947393812,0.05002144356448076,0.48201814525343933,0.8379310344827586,0.479810817799262,0.1488250772052428,0.48201814525343933,0.8379310344827586,0.20453669382848547,0.05002144338258231,0.0,0.0,-9.482609142352771e-10,-4.213838167288486e-10,0.0,0.0,-9.108957199632783e-10,-1.8189844769311847e-10,0.0,0.0,-0.27527412397077655,-0.09880363382266048
NR-Aromatase,HEPG2,standardized,12,2,14042,14042,71d62c8c9d3323073f132aa1aad92dfdadd06a9063eeb83d3b55f425c4560af8,405,107,42,42,True,1.0,-1.9373640452071892,False,False,unweighted,fixed_chemical_offset_fixed_calibration_intercept_ridge_biology_v1,100000000.0,3.162277660168379,True,True,4.436477021258608e-09,1.5434289679649993e-09,False,100000000.0,1.0,True,True,4.8316018625969e-09,1.0053221224243236e-09,False,0.2675682063747593,0.6714015151515151,0.5112327506932468,0.16293002757905384,0.2675682063747593,0.6714015151515151,0.31397429754253153,0.08816435852428191,0.2675682063747593,0.6714015151515151,0.5112327494892607,0.16293002702748965,0.2675682063747593,0.6714015151515151,0.31397429560281354,0.08816435819743024,0.0,0.0,-1.203986133013757e-09,-5.515641832154472e-10,0.0,0.0,-1.9397179973346113e-09,-3.268516707288782e-10,0.0,0.0,-0.19725845388644714,-0.07476566883005942
NR-Aromatase,HEPG2,standardized,12,3,14042,14042,71d62c8c9d3323073f132aa1aad92dfdadd06a9063eeb83d3b55f425c4560af8,404,108,42,42,True,1.0,-1.9149409101626418,False,False,unweighted,fixed_chemical_offset_fixed_calibration_intercept_ridge_biology_v1,31.622776601683796,1.0,False,False,0.014810474723618065,7.917918602093343e-07,False,3.162277660168379,0.31622776601683794,False,False,0.11991922324307273,2.3690906738975392e-07,False,0.3416938058447817,0.7448979591836735,0.48163697973212866,0.15005487881469384,0.3416938058447817,0.7448979591836735,0.2764319967782756,0.0765560407500651,0.35807878768070944,0.7581632653061224,0.4784310498403003,0.1486027481312801,0.4899716660519682,0.7673469387755102,0.25971375295410015,0.07195276055906573,0.016384981835927737,0.013265306122448917,-0.0032059298918283297,-0.0014521306834137382,0.14827786020718647,0.02244897959183667,-0.01671824382417547,-0.00460328019099937,0.13189287837125874,0.009183673469387754,-0.21871729688620017,-0.07664998757221438
NR-Aromatase,HEPG2,standardized,12,4,14042,14042,71d62c8c9d3323073f132aa1aad92dfdadd06a9063eeb83d3b55f425c4560af8,421,91,42,42,True,1.0,-1.9922570397737474,False,False,unweighted,fixed_chemical_offset_fixed_calibration_intercept_ridge_biology_v1,10.0,3.162277660168379,False,False,0.04493786751585204,6.693244464194004e-07,False,10.0,1.0,False,False,0.054267025984493004,2.9189327378775776e-07,False,0.3355394848180069,0.689873417721519,0.5422267541417161,0.1781933136121939,0.3355394848180069,0.689873417721519,0.3743648447221774,0.11075347231608484,0.21528356947469418,0.6455696202531646,0.5584342603884933,0.18564989526532444,0.20356740194653172,0.6371308016877637,0.3946405999574824,0.11644317787348367,-0.1202559153433127,-0.044303797468354444,0.016207506246777248,0.0074565816531305396,-0.13197208287147516,-0.052742616033755296,0.020275755235305004,0.005689705557398825,-0.011716167528162458,-0.008438818565400852,-0.1637936604310109,-0.06920671739184077
NR-Aromatase,HEPG2,standardized,13,0,15042,15042,c181dc2ceaca4dccef8458c930f334b7ff9f2b741f278c057d8b02b717e53b1f,456,56,42,42,True,1.0,-1.9573196500464014,False,False,unweighted,fixed_chemical_offset_fixed_calibration_intercept_ridge_biology_v1,3.162277660168379,3.162277660168379,False,False,0.09854311707213537,2.0760279649187363e-07,False,100000000.0,1.0,True,True,5.891359926030373e-09,1.279980454960139e-09,False,0.31240174349881794,0.6458333333333334,0.5654748321624921,0.1888843042537333,0.31240174349881794,0.6458333333333334,0.4002789010195579,0.11942981943826246,0.2374112684392929,0.6197916666666667,0.5742458088554815,0.1932057703789965,0.31240174349881794,0.6458333333333334,0.40027890190356763,0.11942981963321382,-0.07499047505952505,-0.02604166666666663,0.00877097669298943,0.0043214661252632125,0.0,0.0,8.840097542872627e-10,1.9495136061031815e-10,0.07499047505952505,0.02604166666666663,-0.17396690695191386,-0.07377595074578268
NR-Aromatase,HEPG2,standardized,13,1,15042,15042,c181dc2ceaca4dccef8458c930f334b7ff9f2b741f278c057d8b02b717e53b1f,354,158,42,42,True,1.0,-1.7765015916641305,False,False,unweighted,fixed_chemical_offset_fixed_calibration_intercept_ridge_biology_v1,100000000.0,100000000.0,True,False,4.900452031621475e-09,2.1752800116736637e-09,False,100000000.0,10.0,True,True,5.195139953990281e-09,1.1670828557047708e-09,False,0.223485243223823,0.7108108108108109,0.483873438565751,0.15053493739833598,0.223485243223823,0.7108108108108109,0.22520396415104652,0.05688983977616828,0.223485243223823,0.7108108108108109,0.48387343707746744,0.1505349367084129,0.223485243223823,0.7108108108108109,0.22520396220883573,0.0568898393721851,0.0,0.0,-1.4882835519536286e-09,-6.899230908796739e-10,0.0,0.0,-1.942210781091802e-09,-4.0398318024159607e-10,0.0,0.0,-0.2586694748686317,-0.09364509733622779
NR-Aromatase,HEPG2,standardized,13,2,15042,15042,c181dc2ceaca4dccef8458c930f334b7ff9f2b741f278c057d8b02b717e53b1f,408,104,42,42,True,1.0,-1.8849761829872134,False,False,unweighted,fixed_chemical_offset_fixed_calibration_intercept_ridge_biology_v1,100000000.0,3.162277660168379,True,True,5.362476109425399e-09,2.150909830453407e-09,False,100000000.0,1.0,True,True,5.795643681962996e-09,7.847349055289943e-10,False,0.39645444558655746,0.7602339181286549,0.48718979413703356,0.15238944446195346,0.39645444558655746,0.7602339181286549,0.2590717353194336,0.07035655972632773,0.39645444558655746,0.7602339181286549,0.4871897929699198,0.1523894439546639,0.39645444558655746,0.7602339181286549,0.25907173370166753,0.07035655959987183,0.0,0.0,-1.1671137389868136e-09,-5.07289571460845e-10,0.0,0.0,-1.617766087758099e-09,-1.2645590130588857e-10,0.0,0.0,-0.2281180592682523,-0.08203288435479206
NR-Aromatase,HEPG2,standardized,13,3,15042,15042,c181dc2ceaca4dccef8458c930f334b7ff9f2b741f278c057d8b02b717e53b1f,413,99,42,42,True,1.0,-2.0590258829903654,False,False,unweighted,fixed_chemical_offset_fixed_calibration_intercept_ridge_biology_v1,100000000.0,3.162277660168379,True,True,5.164086382730046e-09,2.319330554001464e-09,False,100000000.0,1.0,True,True,5.518615234529239e-09,9.209313867053481e-10,False,0.3718357071958701,0.6753968253968253,0.5434975841084085,0.17938563332564525,0.3718357071958701,0.6753968253968253,0.412371051813864,0.12213435188770047,0.3718357071958701,0.6753968253968253,0.5434975841045249,0.17938563332856103,0.3718357071958701,0.6753968253968253,0.41237105011068664,0.12213435161011213,0.0,0.0,-3.88367116244126e-12,2.9157787295730486e-12,0.0,0.0,-1.703177376910503e-09,-2.775883412020619e-10,0.0,0.0,-0.13112653399383822,-0.0572512817184489
NR-Aromatase,HEPG2,standardized,13,4,15042,15042,c181dc2ceaca4dccef8458c930f334b7ff9f2b741f278c057d8b02b717e53b1f,417,95,42,42,True,1.0,-1.7867404137680067,False,False,unweighted,fixed_chemical_offset_fixed_calibration_intercept_ridge_biology_v1,100000000.0,1.0,True,True,5.491670298342215e-09,3.2673239374475527e-09,False,100000000.0,3.162277660168379,True,True,5.8165487801964385e-09,1.4077189119249267e-09,False,0.4278571428571429,0.8400000000000001,0.48339207660186495,0.15009448116579052,0.4278571428571429,0.8400000000000001,0.18951253131978726,0.04538218664377984,0.4278571428571429,0.8400000000000001,0.4833920755374142,0.15009448071273465,0.4278571428571429,0.8400000000000001,0.18951253042275978,0.045382186521922045,0.0,0.0,-1.0644507497659106e-09,-4.5305587059729646e-10,0.0,0.0,-8.970274800734757e-10,-1.2185779468820712e-10,0.0,0.0,-0.2938795451146544,-0.1047122941908126
NR-Aromatase,HEPG2,standardized,14,0,16042,16042,1afcb10898a144325724ca619c3c3a85e3dac4985a260609c3de4f2fa379bbf1,465,47,42,42,True,1.0,-1.8788477737030003,False,False,unweighted,fixed_chemical_offset_fixed_calibration_intercept_ridge_biology_v1,100000000.0,3.162277660168379,True,True,5.262957233551369e-09,2.156823528803864e-09,False,3.162277660168379,1.0,False,False,0.11405624873099621,8.129808276892414e-07,False,0.42404306220095694,0.6162790697674418,0.5093090404954438,0.16303269415431912,0.42404306220095694,0.6162790697674418,0.25855879282695415,0.06725987775266215,0.42404306220095694,0.6162790697674418,0.5093090400558722,0.16303269390773165,0.5419590643274854,0.5581395348837209,0.2563948906806732,0.06408075335902476,0.0,0.0,-4.395716013405604e-10,-2.465874726631512e-10,0.11791600212652847,-0.05813953488372092,-0.002163902146280927,-0.003179124393637392,0.11791600212652847,-0.05813953488372092,-0.25291414937519896,-0.09895194054870689
NR-Aromatase,HEPG2,standardized,14,1,16042,16042,1afcb10898a144325724ca619c3c3a85e3dac4985a260609c3de4f2fa379bbf1,412,100,42,42,True,1.0,-1.9068682451618446,False,False,unweighted,fixed_chemical_offset_fixed_calibration_intercept_ridge_biology_v1,100.0,3.162277660168379,False,False,0.005757077555116645,7.700130498500268e-08,False,10.0,1.0,False,False,0.05172775327398686,8.906382935255919e-07,False,0.18301336845393273,0.6922222222222222,0.5350282952887102,0.17486100420507125,0.18301336845393273,0.6922222222222222,0.3120142611715342,0.08863693336334862,0.18156257273192755,0.6911111111111111,0.5349789011675121,0.17486441580233855,0.1891887304482603,0.6944444444444444,0.3148298471942136,0.08965176830708055,-0.0014507957220051826,-0.0011111111111110628,-4.9394121198087504e-05,3.411597267299893e-06,0.006175361994327555,0.0022222222222222365,0.002815586022679395,0.001014834943731932,0.007626157716332738,0.0033333333333332993,-0.22014905397329854,-0.085212647495258
NR-Aromatase,HEPG2,standardized,14,2,16042,16042,1afcb10898a144325724ca619c3c3a85e3dac4985a260609c3de4f2fa379bbf1,402,110,42,42,True,1.0,-1.760513899455816,False,False,unweighted,fixed_chemical_offset_fixed_calibration_intercept_ridge_biology_v1,10.0,1.0,False,False,0.04552909901893272,3.1690001584330774e-07,False,100000000.0,1.0,True,True,6.399497678772173e-09,1.3838832718660043e-09,False,0.6180735618937866,0.8365384615384615,0.47392618166783795,0.14635266595757676,0.6180735618937866,0.8365384615384615,0.1744623098340333,0.038197772605831376,0.6823996265172735,0.8557692307692307,0.47104605975688446,0.14505694553467727,0.6180735618937866,0.8365384615384615,0.1744623094538425,0.038197772540017105,0.06432606462348689,0.019230769230769273,-0.0028801219109534926,-0.0012957204228994934,0.0,0.0,-3.801907955125472e-10,-6.581427069995982e-11,-0.06432606462348689,-0.019230769230769273,-0.29658375030304196,-0.10685917299466016
NR-Aromatase,HEPG2,standardized,14,3,16042,16042,1afcb10898a144325724ca619c3c3a85e3dac4985a260609c3de4f2fa379bbf1,411,101,42,42,True,1.0,-1.9892713458219438,False,False,unweighted,fixed_chemical_offset_fixed_calibration_intercept_ridge_biology_v1,100000000.0,1.0,True,True,4.048248896872061e-09,2.79117105470017e-09,False,100000000.0,0.31622776601683794,True,True,4.431157857971963e-09,1.1096609464633644e-09,False,0.22894357826291234,0.6170411985018727,0.5277005356930151,0.17115712384336906,0.22894357826291234,0.6170411985018727,0.3612426853823956,0.10370109582507067,0.22894357826291234,0.6170411985018727,0.527700535587023,0.17115712378389972,0.22894357826291234,0.6170411985018727,0.3612426844528113,0.10370109567392347,0.0,0.0,-1.05992103982544e-10,-5.946934611422705e-11,0.0,0.0,-9.295842984258229e-10,-1.5114720586240082e-10,0.0,0.0,-0.1664578511342117,-0.06745602810997625
NR-Aromatase,HEPG2,standardized,14,4,16042,16042,1afcb10898a144325724ca619c3c3a85e3dac4985a260609c3de4f2fa379bbf1,358,154,42,42,True,1.0,-1.9385946201183033,False,False,unweighted,fixed_chemical_offset_fixed_calibration_intercept_ridge_biology_v1,100000000.0,10.0,True,True,5.9142240468724445e-09,3.4209253138572926e-09,False,10.0,3.162277660168379,False,False,0.049865815082387244,5.935992368373555e-07,False,0.35104005829566687,0.7860911270983214,0.49120033810412805,0.15385972059678216,0.35104005829566687,0.7860911270983214,0.2843090274141453,0.08090316176434559,0.35104005829566687,0.7860911270983214,0.4912003369011298,0.1538597200768067,0.37362649015456817,0.8067146282973622,0.2778436274246208,0.07926352781054956,0.0,0.0,-1.2029982565664454e-09,-5.199754515849975e-10,0.0225864318589013,0.020623501199040772,-0.006465399989524501,-0.0016396339537960297,0.0225864318589013,0.020623501199040772,-0.21335670947650898,-0.07459619226625715
NR-Aromatase,HEPG2,standardized,15,0,17042,17042,22181353b48202fea1da232b6451d7cc36a268f95c400af51598592c07557bc7,463,49,42,42,True,1.0,-1.9358261031288635,False,False,unweighted,fixed_chemical_offset_fixed_calibration_intercept_ridge_biology_v1,100000000.0,3.162277660168379,True,True,4.561391471403463e-09,1.9595696315599653e-09,False,100000000.0,1.0,True,True,4.9359841939475445e-09,7.858610385699794e-10,False,0.5101473922902494,0.7074829931972789,0.5395394189355739,0.17780476426692238,0.5101473922902494,0.7074829931972789,0.35118319493269,0.10332400677492089,0.5101473922902494,0.7074829931972789,0.5395394167891107,0.17780476327121825,0.5101473922902494,0.7074829931972789,0.3511831912848157,0.10332400610355681,0.0,0.0,-2.146463229379947e-09,-9.957041302577352e-10,0.0,0.0,-3.6478743359324994e-09,-6.71364075444103e-10,0.0,0.0,-0.18835622550429498,-0.07448075716766143
NR-Aromatase,HEPG2,standardized,15,1,17042,17042,22181353b48202fea1da232b6451d7cc36a268f95c400af51598592c07557bc7,406,106,42,42,True,1.0,-1.6920547240362054,False,False,unweighted,fixed_chemical_offset_fixed_calibration_intercept_ridge_biology_v1,100000000.0,1.0,True,True,5.843835956013863e-09,3.255715252947766e-09,False,100000000.0,1.0,True,True,6.1742407437661545e-09,1.4395543247031073e-09,False,0.2222222222222222,0.9352750809061489,0.5071385653331174,0.16124825934380416,0.2222222222222222,0.9352750809061489,0.16041045523753678,0.03196273292525968,0.2222222222222222,0.9352750809061489,0.507138564312466,0.1612482588759292,0.2222222222222222,0.9352750809061489,0.16041045471101253,0.031962732805372984,0.0,0.0,-1.020651452243726e-09,-4.678749609965394e-10,0.0,0.0,-5.26524240873627e-10,-1.1988669779139371e-10,0.0,0.0,-0.3467281096014534,-0.1292855260705562
NR-Aromatase,HEPG2,standardized,15,2,17042,17042,22181353b48202fea1da232b6451d7cc36a268f95c400af51598592c07557bc7,416,96,42,42,True,1.0,-1.936170780511273,False,False,unweighted,fixed_chemical_offset_fixed_calibration_intercept_ridge_biology_v1,3.162277660168379,0.31622776601683794,False,False,0.09988204337984528,1.5304249734691966e-07,False,100000000.0,0.31622776601683794,True,True,5.674943965909763e-09,1.18994474690437e-09,False,0.2438909888909889,0.672093023255814,0.5176608014131784,0.16604731468275719,0.2438909888909889,0.672093023255814,0.3185897209580846,0.0903620067567756,0.35535453058857314,0.7162790697674418,0.5213867494661112,0.16679800731680935,0.2438909888909889,0.672093023255814,0.3185897195108496,0.09036200655188575,0.11146354169758424,0.04418604651162783,0.0037259480529328037,0.0007506926340521691,0.0,0.0,-1.4472349985084065e-09,-2.0488984120436982e-10,-0.11146354169758424,-0.04418604651162783,-0.2027970299552616,-0.0764360007649236
NR-Aromatase,HEPG2,standardized,15,3,17042,17042,22181353b48202fea1da232b6451d7cc36a268f95c400af51598592c07557bc7,350,162,42,42,True,1.0,-1.9305128918446162,False,False,unweighted,fixed_chemical_offset_fixed_calibration_intercept_ridge_biology_v1,100000000.0,100000000.0,True,False,5.304563590499426e-09,2.6314923087800146e-09,False,100000000.0,3.162277660168379,True,True,5.744778076979502e-09,9.879465648343633e-10,False,0.3397486664074063,0.745291095890411,0.5009142092753763,0.15851049257431846,0.3397486664074063,0.745291095890411,0.2890852526383111,0.08105823672040434,0.3397486664074063,0.745291095890411,0.500914208275725,0.15851049209496512,0.3397486664074063,0.745291095890411,0.2890852508944666,0.08105823640814025,0.0,0.0,-9.996513616883362e-10,-4.793533348035339e-10,0.0,0.0,-1.7438444577244638e-09,-3.122640895858453e-10,0.0,0.0,-0.21182895738125834,-0.07745225568682487
NR-Aromatase,HEPG2,standardized,15,4,17042,17042,22181353b48202fea1da232b6451d7cc36a268f95c400af51598592c07557bc7,413,99,42,42,True,1.0,-1.9788072897893656,False,False,unweighted,fixed_chemical_offset_fixed_calibration_intercept_ridge_biology_v1,100000000.0,3.162277660168379,True,True,5.355816169834848e-09,2.1997228760728404e-09,False,100000000.0,1.0,True,True,5.735996579168647e-09,8.29112885986083e-10,False,0.3137281732352155,0.7241735537190083,0.47956749795171355,0.14954248318254107,0.3137281732352155,0.7241735537190083,0.32466995157532064,0.09265233918129116,0.3137281732352155,0.7241735537190083,0.47956749684226657,0.14954248269010134,0.3137281732352155,0.7241735537190083,0.3246699502389001,0.09265233903077257,0.0,0.0,-1.1094469787309436e-09,-4.9243972788382e-10,0.0,0.0,-1.3364205297961007e-09,-1.5051859758585806e-10,0.0,0.0,-0.15489754660336646,-0.056890143659328776
NR-Aromatase,HEPG2,standardized,16,0,18042,18042,cea63c193af7d07e7bf25318220666c44ef912882a4c43adbd8db27f16c92033,458,54,42,42,True,1.0,-1.8578600292758884,False,False,unweighted,fixed_chemical_offset_fixed_calibration_intercept_ridge_biology_v1,100000000.0,3.162277660168379,True,True,5.077517349055676e-09,2.7066228841521323e-09,False,100000000.0,1.0,True,True,5.47387178634789e-09,8.968991391591907e-10,False,0.32555555555555554,0.605,0.5233303713943683,0.1702814816580764,0.32555555555555554,0.605,0.24921856056529634,0.06384058393048044,0.32555555555555554,0.605,0.523330369337897,0.17028148071624477,0.32555555555555554,0.605,0.2492185589493056,0.06384058374198895,0.0,0.0,-2.056471326561393e-09,-9.418316404552485e-10,0.0,0.0,-1.615990730119421e-09,-1.8849148630817325e-10,0.0,0.0,-0.2741118103885914,-0.10644089697425582
NR-Aromatase,HEPG2,standardized,16,1,18042,18042,cea63c193af7d07e7bf25318220666c44ef912882a4c43adbd8db27f16c92033,424,88,42,42,True,1.0,-1.92014564869639,False,False,unweighted,fixed_chemical_offset_fixed_calibration_intercept_ridge_biology_v1,100000000.0,3.162277660168379,True,True,4.604202217829518e-09,1.9463614383402605e-09,False,100000000.0,3.162277660168379,True,True,4.9531125380858025e-09,8.306956329404147e-10,False,0.5253870772041609,0.7410256410256411,0.5349632309125544,0.17501098542270144,0.5253870772041609,0.7410256410256411,0.30920143564408353,0.08854866001291505,0.5253870772041609,0.7410256410256411,0.5349632287239042,0.1750109843998304,0.5253870772041609,0.7410256410256411,0.30920143305528475,0.08854865956549224,0.0,0.0,-2.1886501500034683e-09,-1.0228710378701322e-09,0.0,0.0,-2.5887987864514628e-09,-4.4742280713716553e-10,0.0,0.0,-0.22576179566861948,-0.08646232483433816
NR-Aromatase,HEPG2,standardized,16,2,18042,18042,cea63c193af7d07e7bf25318220666c44ef912882a4c43adbd8db27f16c92033,353,159,42,42,True,1.0,-1.7222797431407726,False,False,unweighted,fixed_chemical_offset_fixed_calibration_intercept_ridge_biology_v1,100000000.0,3.162277660168379,True,True,6.584542450495958e-09,2.9771190582228435e-09,False,10.0,1.0,False,False,0.054699080954051356,2.427091973563472e-07,False,0.2344345284289409,0.6940740740740741,0.4953461229934181,0.1558812842676238,0.2344345284289409,0.6940740740740741,0.21591188815286214,0.05268286661591446,0.2344345284289409,0.6940740740740741,0.49534612238269743,0.15588128401990203,0.27961841630387996,0.7103703703703703,0.2123235414390017,0.05205695982468831,0.0,0.0,-6.107206962369105e-10,-2.477217597718351e-10,0.045183887874939044,0.016296296296296253,-0.0035883467138604352,-0.0006259067912261496,0.045183887874939044,0.016296296296296253,-0.2830225809436957,-0.10382432419521373
NR-Aromatase,HEPG2,standardized,16,3,18042,18042,cea63c193af7d07e7bf25318220666c44ef912882a4c43adbd8db27f16c92033,400,112,42,42,True,1.0,-1.908545620442021,False,False,unweighted,fixed_chemical_offset_fixed_calibration_intercept_ridge_biology_v1,100000000.0,1.0,True,True,4.815310263110117e-09,2.0984954990062657e-09,False,100000000.0,1.0,True,True,5.1406204286691305e-09,9.921716993994967e-10,False,0.36801003549665945,0.8333333333333334,0.478526951755328,0.14791319489679552,0.36801003549665945,0.8333333333333334,0.2671435933170477,0.07559345049841372,0.36801003549665945,0.8333333333333334,0.47852695022996367,0.14791319421148522,0.36801003549665945,0.8333333333333334,0.26714359082389233,0.07559345010623142,0.0,0.0,-1.525364334842294e-09,-6.853103085013856e-10,0.0,0.0,-2.493155348837206e-09,-3.921823005237357e-10,0.0,0.0,-0.21138335940607134,-0.0723197441052538
NR-Aromatase,HEPG2,standardized,16,4,18042,18042,cea63c193af7d07e7bf25318220666c44ef912882a4c43adbd8db27f16c92033,413,99,42,42,True,1.0,-2.0507931099415595,False,False,unweighted,fixed_chemical_offset_fixed_calibration_intercept_ridge_biology_v1,3.162277660168379,3.162277660168379,False,False,0.09624193371222718,7.066007668560248e-07,False,3.162277660168379,1.0,False,False,0.11442363411096422,2.339174628822327e-07,False,0.38344530531371446,0.7126050420168067,0.51336549556059,0.16445583866112273,0.38344530531371446,0.7126050420168067,0.392337989903617,0.11468673710295585,0.45921864282149594,0.7285714285714286,0.5004271662726875,0.15874167470485886,0.4622958428383068,0.7294117647058823,0.37935337140854064,0.11181842513648094,0.07577333750778148,0.015966386554621903,-0.012938329287902506,-0.005714163956263868,0.07885053752459237,0.01680672268907557,-0.012984618495076372,-0.0028683119664749124,0.003077200016810888,0.0008403361344536675,-0.12107379486414682,-0.04692324956837793
NR-Aromatase,HEPG2,standardized,17,0,19042,19042,1243e8541883382f1e6115c844b0f4949a1b6eb1f6d1f7d82b04660814523173,465,47,42,42,True,1.0,-1.9003474537316543,False,False,unweighted,fixed_chemical_offset_fixed_calibration_intercept_ridge_biology_v1,100000000.0,3.162277660168379,True,True,5.3048866218513776e-09,2.23028209529047e-09,False,3.162277660168379,1.0,False,False,0.11497431304018443,2.942049885379383e-07,False,0.7359649122807017,0.9190476190476191,0.4526177698723118,0.1375220765319314,0.7359649122807017,0.9190476190476191,0.23754174536004327,0.06752646260122658,0.7359649122807017,0.9190476190476191,0.4526177687226178,0.1375220760016842,0.7766666666666666,0.9428571428571428,0.23329546538301707,0.06787235530074952,0.0,0.0,-1.1496940066635375e-09,-5.302472072532538e-10,0.040701754385964906,0.023809523809523725,-0.004246279977026202,0.00034589269952294,0.040701754385964906,0.023809523809523725,-0.2193223033396007,-0.06964972070093468
NR-Aromatase,HEPG2,standardized,17,1,19042,19042,1243e8541883382f1e6115c844b0f4949a1b6eb1f6d1f7d82b04660814523173,412,100,42,42,True,1.0,-1.8963557487650502,False,False,unweighted,fixed_chemical_offset_fixed_calibration_intercept_ridge_biology_v1,100000000.0,3.162277660168379,True,True,6.019974132560794e-09,3.0336484296844546e-09,False,100000000.0,3.162277660168379,True,True,6.4093160804358066e-09,1.1283781409243687e-09,False,0.4343959144667022,0.7655677655677655,0.4962875062120519,0.15622714435496798,0.4343959144667022,0.7655677655677655,0.2709131062542214,0.07522293062547565,0.4343959144667022,0.7655677655677655,0.49628750678863126,0.15622714466447513,0.4343959144667022,0.7655677655677655,0.27091310615063535,0.07522293072878673,0.0,0.0,5.765793398282426e-10,3.0950714213773267e-10,0.0,0.0,-1.0358602864357636e-10,1.0331108191152794e-10,0.0,0.0,-0.2253744006379959,-0.0810042139356884
NR-Aromatase,HEPG2,standardized,17,2,19042,19042,1243e8541883382f1e6115c844b0f4949a1b6eb1f6d1f7d82b04660814523173,405,107,42,42,True,1.0,-1.7156808614262267,False,False,unweighted,fixed_chemical_offset_fixed_calibration_intercept_ridge_biology_v1,100000000.0,1.0,True,True,6.164169796776075e-09,2.1378507367164623e-09,False,100000000.0,1.0,True,True,6.543481033719282e-09,1.178347981689587e-09,False,0.4589008363201912,0.7,0.5298456324363481,0.17227662250735387,0.4589008363201912,0.7,0.19410942239012066,0.042794884603698555,0.4589008363201912,0.7,0.5298456332753614,0.1722766229433045,0.4589008363201912,0.7,0.19410942283445698,0.04279488473361724,0.0,0.0,8.390133032776248e-10,4.3595063670132106e-10,0.0,0.0,4.4433631773976856e-10,1.2991868691969444e-10,0.0,0.0,-0.3357362104409044,-0.12948173820968728
NR-Aromatase,HEPG2,standardized,17,3,19042,19042,1243e8541883382f1e6115c844b0f4949a1b6eb1f6d1f7d82b04660814523173,356,156,42,42,True,1.0,-1.9396616490511407,False,False,unweighted,fixed_chemical_offset_fixed_calibration_intercept_ridge_biology_v1,100000000.0,10.0,True,True,4.89888181204496e-09,2.360935346529258e-09,False,100000000.0,100000000.0,True,False,5.072989112648739e-09,8.758751536552811e-10,False,0.3168247600491544,0.7891252955082743,0.48794485130591697,0.15248927281040697,0.3168247600491544,0.7891252955082743,0.2842788687992342,0.08053267384307618,0.3168247600491544,0.7891252955082743,0.4879448501957313,0.15248927230363946,0.3168247600491544,0.7891252955082743,0.284278866792956,0.08053267350859626,0.0,0.0,-1.110185665620378e-09,-5.067675168390906e-10,0.0,0.0,-2.006278199129241e-09,-3.34479915986563e-10,0.0,0.0,-0.2036659834027753,-0.0719565987950432
NR-Aromatase,HEPG2,standardized,17,4,19042,19042,1243e8541883382f1e6115c844b0f4949a1b6eb1f6d1f7d82b04660814523173,410,102,42,42,True,1.0,-2.0238844986653723,False,False,unweighted,fixed_chemical_offset_fixed_calibration_intercept_ridge_biology_v1,100000000.0,10.0,True,True,4.118021006537777e-09,2.1129992050766128e-09,False,100000000.0,3.162277660168379,True,True,4.562921096713725e-09,9.153578463781675e-10,False,0.17660310417711544,0.5661192739844425,0.5372566206767957,0.1756913684506898,0.17660310417711544,0.5661192739844425,0.3946577384045564,0.11312352853433853,0.17660310417711544,0.5661192739844425,0.5372566189765348,0.17569136767742805,0.17660310417711544,0.5661192739844425,0.3946577358019789,0.11312352817172466,0.0,0.0,-1.7002609320471151e-09,-7.732617601785563e-10,0.0,0.0,-2.6025775423654807e-09,-3.62613869486772e-10,0.0,0.0,-0.14259888317455588,-0.06256783950570338
NR-Aromatase,HEPG2,standardized,18,0,20042,20042,5c6d612cdd9efee7bf0c22726dde5fea581735afb1a7f445fc794dd4f00696fa,464,48,42,42,True,1.0,-1.8790607368303518,False,False,unweighted,fixed_chemical_offset_fixed_calibration_intercept_ridge_biology_v1,100000000.0,3.162277660168379,True,True,5.022704028659879e-09,2.116651666439484e-09,False,100000000.0,1.0,True,True,5.3960315592610315e-09,9.067856292233056e-10,False,0.35139860139860135,0.6818181818181819,0.5178344426897249,0.1660235199445451,0.35139860139860135,0.6818181818181819,0.26364559171993296,0.07121403153030882,0.35139860139860135,0.6818181818181819,0.5178344407402735,0.16602351903616036,0.35139860139860135,0.6818181818181819,0.2636455900391852,0.0712140312056357,0.0,0.0,-1.9494513781026512e-09,-9.083847285484836e-10,0.0,0.0,-1.6807477631886059e-09,-3.246731217210197e-10,0.0,0.0,-0.2541888507010883,-0.09480948783052466
NR-Aromatase,HEPG2,standardized,18,1,20042,20042,5c6d612cdd9efee7bf0c22726dde5fea581735afb1a7f445fc794dd4f00696fa,404,108,42,42,True,1.0,-1.862089963672073,False,False,unweighted,fixed_chemical_offset_fixed_calibration_intercept_ridge_biology_v1,100000000.0,10.0,True,True,5.131740935016324e-09,3.0045845499093726e-09,False,100000000.0,3.162277660168379,True,True,5.495525907847261e-09,1.4475184106910177e-09,False,0.32751273700089767,0.6745230078563411,0.5112091107092853,0.16350098400948204,0.32751273700089767,0.6745230078563411,0.26519937931223886,0.07040031369441319,0.32751273700089767,0.6745230078563411,0.5112091104087004,0.16350098387484055,0.32751273700089767,0.6745230078563411,0.2651993776632041,0.07040031348322823,0.0,0.0,-3.0058489031148383e-10,-1.34641492399723e-10,0.0,0.0,-1.6490347420905493e-09,-2.1118495840966034e-10,0.0,0.0,-0.2460097327454963,-0.09310067039161232
NR-Aromatase,HEPG2,standardized,18,2,20042,20042,5c6d612cdd9efee7bf0c22726dde5fea581735afb1a7f445fc794dd4f00696fa,416,96,42,42,True,1.0,-2.0489576413484625,False,False,unweighted,fixed_chemical_offset_fixed_calibration_intercept_ridge_biology_v1,10.0,0.31622776601683794,False,False,0.03885799000173618,1.913158684009597e-07,False,31.622776601683796,0.31622776601683794,False,False,0.016065323624422766,1.501570019626225e-07,False,0.4760981828405667,0.8057491289198606,0.500340851631806,0.1587656915414812,0.4760981828405667,0.8057491289198606,0.38063253459966884,0.11526416582371846,0.5046522472643661,0.8240418118466899,0.4926035317932091,0.1552583926362762,0.48965387099947216,0.8196864111498258,0.37477938813461775,0.11410311382252332,0.028554064423799375,0.018292682926829285,-0.007737319838596879,-0.003507298905205014,0.013555688158905455,0.013937282229965153,-0.0058531464650510845,-0.001161052001195137,-0.01499837626489392,-0.004355400696864131,-0.11782414365859134,-0.041155278813752874
NR-Aromatase,HEPG2,standardized,18,3,20042,20042,5c6d612cdd9efee7bf0c22726dde5fea581735afb1a7f445fc794dd4f00696fa,414,98,42,42,True,1.0,-1.8721631244228267,False,False,unweighted,fixed_chemical_offset_fixed_calibration_intercept_ridge_biology_v1,100000000.0,3.162277660168379,True,True,5.097031080212508e-09,2.502668571512101e-09,False,100000000.0,1.0,True,True,5.473652215473922e-09,1.1006714047134825e-09,False,0.09028154502838626,0.49583333333333335,0.532475431342474,0.17384195578382716,0.09028154502838626,0.49583333333333335,0.2919603014469796,0.07706176644140768,0.09028154502838626,0.49583333333333335,0.5324754298784913,0.173841955176188,0.09028154502838626,0.49583333333333335,0.29196029953921926,0.07706176617468248,0.0,0.0,-1.463982712834877e-09,-6.076391612097609e-10,0.0,0.0,-1.9077603385930786e-09,-2.6672519748416335e-10,0.0,0.0,-0.24051513033927202,-0.09678018900150552
NR-Aromatase,HEPG2,standardized,18,4,20042,20042,5c6d612cdd9efee7bf0c22726dde5fea581735afb1a7f445fc794dd4f00696fa,350,162,42,42,True,1.0,-1.7958058739045053,False,False,unweighted,fixed_chemical_offset_fixed_calibration_intercept_ridge_biology_v1,100000000.0,3.162277660168379,True,True,6.644575334556362e-09,4.6383955808193544e-09,False,100000000.0,3.162277660168379,True,True,7.0386760504398544e-09,2.0954723997657076e-09,False,0.4259814369234659,0.8505555555555556,0.48291907009088814,0.15014471293838771,0.4259814369234659,0.8505555555555556,0.22544676230323457,0.05931119941209081,0.4259814369234659,0.8505555555555556,0.48291907046408555,0.1501447131334041,0.4259814369234659,0.8505555555555556,0.22544676261868915,0.05931119943296209,0.0,0.0,3.731974174137065e-10,1.9501639192398557e-10,0.0,0.0,3.15454579125074e-10,2.087128386785153e-11,0.0,0.0,-0.25747230784539643,-0.09083351370044201
NR-Aromatase,HEPG2,standardized,19,0,21042,21042,449db484b4b02b8b6b7a1cddc248d196db8ffc1dd38ea91625c8a79a3bd494ed,462,50,42,42,True,1.0,-1.8307826901495685,False,False,unweighted,fixed_chemical_offset_fixed_calibration_intercept_ridge_biology_v1,10.0,1.0,False,False,0.04106345421136184,1.935056951896108e-07,False,3.162277660168379,1.0,False,False,0.11544470761369634,5.782584860686973e-07,False,0.07248157248157248,0.53125,0.4983392808873216,0.15777248017732523,0.07248157248157248,0.53125,0.19044906206713808,0.04279015558369482,0.07777777777777778,0.5520833333333333,0.49573179895637076,0.15687915403059594,0.07993730407523511,0.6145833333333333,0.19072715463293058,0.04350505724503803,0.005296205296205295,0.02083333333333326,-0.002607481930950839,-0.0008933261467292952,0.007455731593662626,0.08333333333333326,0.00027809256579250374,0.0007149016613432133,0.0021595262974573315,0.0625,-0.3050046443234402,-0.1133740967855579
NR-Aromatase,HEPG2,standardized,19,1,21042,21042,449db484b4b02b8b6b7a1cddc248d196db8ffc1dd38ea91625c8a79a3bd494ed,415,97,42,42,True,1.0,-1.9039620025479025,False,False,unweighted,fixed_chemical_offset_fixed_calibration_intercept_ridge_biology_v1,100000000.0,100000000.0,True,False,5.667032253556026e-09,3.402868159994854e-09,False,100000000.0,100000000.0,True,False,5.913091681996656e-09,1.726169873705885e-09,False,0.5130391086013112,0.8011494252873563,0.5055098802487322,0.1608976062827491,0.5130391086013112,0.8011494252873563,0.27580946317522037,0.07760175108526916,0.5130391086013112,0.8011494252873563,0.5055098824799132,0.16089760732104558,0.5130391086013112,0.8011494252873563,0.27580946251324495,0.0776017510156826,0.0,0.0,2.2311810177200186e-09,1.0382964765742742e-09,0.0,0.0,-6.619754189252092e-10,-6.958655873745556e-11,0.0,0.0,-0.2297004199666683,-0.08329585630536297
NR-Aromatase,HEPG2,standardized,19,2,21042,21042,449db484b4b02b8b6b7a1cddc248d196db8ffc1dd38ea91625c8a79a3bd494ed,419,93,42,42,True,1.0,-1.829519103845682,False,False,unweighted,fixed_chemical_offset_fixed_calibration_intercept_ridge_biology_v1,100000000.0,3.162277660168379,True,True,5.116072355586903e-09,2.0552008289653756e-09,False,100000000.0,3.162277660168379,True,True,5.422857047289865e-09,8.596395401072598e-10,False,0.2994330290255637,0.6513409961685823,0.4878582376389358,0.153177393022927,0.2994330290255637,0.6513409961685823,0.22384902827703837,0.05543915115940555,0.2994330290255637,0.6513409961685823,0.4878582360828469,0.15317739232018993,0.2994330290255637,0.6513409961685823,0.22384902631996784,0.05543915079500176,0.0,0.0,-1.5560889243815268e-09,-7.027370629852925e-10,0.0,0.0,-1.957070533409322e-09,-3.644037918637544e-10,0.0,0.0,-0.26400920976287906,-0.09773824152518817
NR-Aromatase,HEPG2,standardized,19,3,21042,21042,449db484b4b02b8b6b7a1cddc248d196db8ffc1dd38ea91625c8a79a3bd494ed,342,170,42,42,True,1.0,-2.0298699184773747,False,False,unweighted,fixed_chemical_offset_fixed_calibration_intercept_ridge_biology_v1,100.0,3.162277660168379,False,False,0.006069735013083772,1.020947957980356e-07,False,31.622776601683796,0.31622776601683794,False,False,0.019978943905404736,1.774694148720668e-07,False,0.41276307084291025,0.8281631230393866,0.4943739378331929,0.15520153595550715,0.41276307084291025,0.8281631230393866,0.3102421023109028,0.09141616649871685,0.4389930311427881,0.8326943185779017,0.4942207297663677,0.15513930123732522,0.4494896745011834,0.8316486580690136,0.3100534404326198,0.09127851906634567,0.02622996029987784,0.004531195538515109,-0.0001532080668251723,-6.223471818192494e-05,0.03672660365827313,0.003485535029627007,-0.00018866187828303627,-0.00013764743237118515,0.010496643358395286,-0.0010456605088881021,-0.18416728933374793,-0.06386078217097955
NR-Aromatase,HEPG2,standardized,19,4,21042,21042,449db484b4b02b8b6b7a1cddc248d196db8ffc1dd38ea91625c8a79a3bd494ed,410,102,42,42,True,1.0,-1.9070893244344793,False,False,unweighted,fixed_chemical_offset_fixed_calibration_intercept_ridge_biology_v1,100000000.0,10.0,True,True,4.679997289879559e-09,1.9015036628600157e-09,False,100000000.0,1.0,True,True,5.092350169660336e-09,7.777847671475158e-10,False,0.19917655262839223,0.533695652173913,0.540676790471494,0.17748280685604842,0.19917655262839223,0.533695652173913,0.3217589967209399,0.08750036540850864,0.19917655262839223,0.533695652173913,0.5406767896995638,0.17748280655182413,0.19917655262839223,0.533695652173913,0.321758995624299,0.08750036521370694,0.0,0.0,-7.719301864383965e-10,-3.0422428465293194e-10,0.0,0.0,-1.0966408892087998e-09,-1.9480170254659868e-10,0.0,0.0,-0.2189177940752648,-0.0899824413381172
