family,task,analysis_cohort,tox21_protocol,tox21_assay_system,tox21_exposure_h,lincs_cell_line,lincs_exposure_h,cell_context_agreement,exposure_context_agreement,n_labeled_compounds,chem_term_off_auprc,delta_auprc,nb_ci_low,nb_ci_high,nominal_p_value,bh_q_value,positive_delta,nominal_significant_gain,bh_significant_gain,chem_bio_auprc,variant,representation,analysis,n_active_compounds
NR,NR-AR,Primary full 6-h cohort,tox21-ar-mda-kb2-luc-agonist-p1,MDA-kb2 AR-luc,16.0,HA1E,6,No literal assay-cell match specified,Shorter,968,0.4605760418940873,0.0004307218858175,-0.0117500441829605,0.0126114879545956,0.944205028277692,1.0,True,False,False,0.4610067637799049,standardized,unadjusted,primary_6h_20x5,72
NR,NR-AR,Primary full 6-h cohort,tox21-ar-mda-kb2-luc-agonist-p1,MDA-kb2 AR-luc,16.0,HEPG2,6,No literal assay-cell match specified,Shorter,668,0.5368775232288627,0.0,,,,1.0,False,False,False,0.5368775232288627,standardized,unadjusted,primary_6h_20x5,46
NR,NR-AR,Primary full 6-h cohort,tox21-ar-mda-kb2-luc-agonist-p1,MDA-kb2 AR-luc,16.0,HT29,6,No literal assay-cell match specified,Shorter,960,0.45749012004264,0.0,,,,1.0,False,False,False,0.45749012004264,standardized,unadjusted,primary_6h_20x5,72
NR,NR-AR,Primary full 6-h cohort,tox21-ar-mda-kb2-luc-agonist-p1,MDA-kb2 AR-luc,16.0,MCF7,6,No literal assay-cell match specified,Shorter,1259,0.4585578847978264,1.9713805375805e-05,-0.0001833558913325,0.0002227835020841,0.8476466200952134,1.0,True,False,False,0.4585775986032021,standardized,unadjusted,primary_6h_20x5,82
NR,NR-AR,Paired 6/24-h cohort,tox21-ar-mda-kb2-luc-agonist-p1,MDA-kb2 AR-luc,16.0,HA1E,6,No literal assay-cell match specified,Shorter,830,0.4322698892056048,-0.0002381715282623,-0.0030312869533867,0.002554943896862,0.8659876997780238,0.99332933861613,False,False,False,0.4320317176773424,standardized,unadjusted,paired_6h_20x5,59
NR,NR-AR,Paired 6/24-h cohort,tox21-ar-mda-kb2-luc-agonist-p1,MDA-kb2 AR-luc,16.0,HA1E,24,No literal assay-cell match specified,Longer,830,0.4322698892056048,-6.0061154902840005e-05,-0.0020008921997337,0.001880769889928,0.9511614361011572,1.0,False,False,False,0.4322098280507019,standardized,unadjusted,paired_24h_20x5,59
NR,NR-AR,Paired 6/24-h cohort,tox21-ar-mda-kb2-luc-agonist-p1,MDA-kb2 AR-luc,16.0,HT29,6,No literal assay-cell match specified,Shorter,585,0.385077282261887,0.0,,,,1.0,False,False,False,0.385077282261887,standardized,unadjusted,paired_6h_20x5,44
NR,NR-AR,Paired 6/24-h cohort,tox21-ar-mda-kb2-luc-agonist-p1,MDA-kb2 AR-luc,16.0,HT29,24,No literal assay-cell match specified,Longer,585,0.385077282261887,0.0,,,,1.0,False,False,False,0.385077282261887,standardized,unadjusted,paired_24h_20x5,44
NR,NR-AR,Paired 6/24-h cohort,tox21-ar-mda-kb2-luc-agonist-p1,MDA-kb2 AR-luc,16.0,MCF7,6,No literal assay-cell match specified,Shorter,1243,0.4596904812794978,0.0,,,,1.0,False,False,False,0.4596904812794978,standardized,unadjusted,paired_6h_20x5,78
NR,NR-AR,Paired 6/24-h cohort,tox21-ar-mda-kb2-luc-agonist-p1,MDA-kb2 AR-luc,16.0,MCF7,24,No literal assay-cell match specified,Longer,1243,0.4596904812794978,0.0,,,,1.0,False,False,False,0.4596904812794978,standardized,unadjusted,paired_24h_20x5,78
NR,NR-AR-LBD,Primary full 6-h cohort,tox21-ar-bla-agonist-p1,AR-bla,16.0,HA1E,6,No literal assay-cell match specified,Shorter,869,0.553857307831608,0.0,,,,1.0,False,False,False,0.553857307831608,standardized,unadjusted,primary_6h_20x5,49
NR,NR-AR-LBD,Primary full 6-h cohort,tox21-ar-bla-agonist-p1,AR-bla,16.0,HEPG2,6,No literal assay-cell match specified,Shorter,598,0.5544042041277639,-0.000166047438169,-0.0013519580227951,0.001019863146457,0.7817270184969931,1.0,False,False,False,0.5542381566895949,standardized,unadjusted,primary_6h_20x5,37
NR,NR-AR-LBD,Primary full 6-h cohort,tox21-ar-bla-agonist-p1,AR-bla,16.0,HT29,6,No literal assay-cell match specified,Shorter,862,0.5606883996491119,0.0003972757835264,-0.0023010869909217,0.0030956385579746,0.7707961052739083,1.0,True,False,False,0.5610856754326384,standardized,unadjusted,primary_6h_20x5,47
NR,NR-AR-LBD,Primary full 6-h cohort,tox21-ar-bla-agonist-p1,AR-bla,16.0,MCF7,6,No literal assay-cell match specified,Shorter,1145,0.5814481912031496,0.0031211211194038,-0.0084197550111652,0.0146619972499729,0.5927389678198691,1.0,True,False,False,0.5845693123225536,standardized,unadjusted,primary_6h_20x5,53
NR,NR-AR-LBD,Paired 6/24-h cohort,tox21-ar-bla-agonist-p1,AR-bla,16.0,HA1E,6,No literal assay-cell match specified,Shorter,747,0.5027177274640572,0.0,,,,1.0,False,False,False,0.5027177274640572,standardized,unadjusted,paired_6h_20x5,39
NR,NR-AR-LBD,Paired 6/24-h cohort,tox21-ar-bla-agonist-p1,AR-bla,16.0,HA1E,24,No literal assay-cell match specified,Longer,747,0.5027177274640572,-3.961998148879998e-06,-0.0032809479738933,0.0032730239775956,0.9980907104428068,1.0,False,False,False,0.5027137654659084,standardized,unadjusted,paired_24h_20x5,39
NR,NR-AR-LBD,Paired 6/24-h cohort,tox21-ar-bla-agonist-p1,AR-bla,16.0,HT29,6,No literal assay-cell match specified,Shorter,523,0.5098805230800949,2.9826765339693e-05,-0.0002291538808994,0.0002888074115788,0.819711832485384,1.0,True,False,False,0.5099103498454346,standardized,unadjusted,paired_6h_20x5,19
NR,NR-AR-LBD,Paired 6/24-h cohort,tox21-ar-bla-agonist-p1,AR-bla,16.0,HT29,24,No literal assay-cell match specified,Longer,523,0.5098805230800949,0.0,,,,1.0,False,False,False,0.5098805230800949,standardized,unadjusted,paired_24h_20x5,19
NR,NR-AR-LBD,Paired 6/24-h cohort,tox21-ar-bla-agonist-p1,AR-bla,16.0,MCF7,6,No literal assay-cell match specified,Shorter,1129,0.5833554356001741,0.0008878418701385,-0.0053245432608718,0.0071002270011488,0.7773290409143793,1.0,True,False,False,0.5842432774703127,standardized,unadjusted,paired_6h_20x5,51
NR,NR-AR-LBD,Paired 6/24-h cohort,tox21-ar-bla-agonist-p1,AR-bla,16.0,MCF7,24,No literal assay-cell match specified,Longer,1129,0.5833554356001741,0.0024409502421121,-0.0140610539399024,0.0189429544241268,0.7697526947826027,1.0,True,False,False,0.5857963858422862,standardized,unadjusted,paired_24h_20x5,51
NR,NR-AhR,Primary full 6-h cohort,tox21-ahr-p1,HepG2-AhR-luc,24.0,HA1E,6,Different,Shorter,849,0.5260950641790935,-0.0005531054297498,-0.0057235320447344,0.0046173211852348,0.8323396445070572,1.0,False,False,False,0.5255419587493436,standardized,unadjusted,primary_6h_20x5,102
NR,NR-AhR,Primary full 6-h cohort,tox21-ahr-p1,HepG2-AhR-luc,24.0,HEPG2,6,Exact,Shorter,585,0.4767965961319724,0.0052680097763659,-0.0135685249143976,0.0241045444671295,0.5801972250723303,1.0,True,False,False,0.4820646059083383,standardized,unadjusted,primary_6h_20x5,65
NR,NR-AhR,Primary full 6-h cohort,tox21-ahr-p1,HepG2-AhR-luc,24.0,HT29,6,Different,Shorter,841,0.4786615930379755,0.0001078599887337,-0.0010000073115496,0.001215727289017,0.8472139054521463,1.0,True,False,False,0.4787694530267092,standardized,unadjusted,primary_6h_20x5,95
NR,NR-AhR,Primary full 6-h cohort,tox21-ahr-p1,HepG2-AhR-luc,24.0,MCF7,6,Different,Shorter,1111,0.4727375450873674,-0.0004956225335845,-0.0056029653965639,0.0046117203293948,0.8477052676114059,1.0,False,False,False,0.4722419225537828,standardized,unadjusted,primary_6h_20x5,112
NR,NR-AhR,Paired 6/24-h cohort,tox21-ahr-p1,HepG2-AhR-luc,24.0,HA1E,6,Different,Shorter,727,0.5269568402254392,0.0001444272845912,-0.0015158597150645,0.001804714284247,0.8633137214210608,0.99332933861613,True,False,False,0.5271012675100305,standardized,unadjusted,paired_6h_20x5,91
NR,NR-AhR,Paired 6/24-h cohort,tox21-ahr-p1,HepG2-AhR-luc,24.0,HA1E,24,Different,Exact,727,0.5269568402254392,0.0026977527384268,-0.0125101015867621,0.0179056070636158,0.7255981316445295,1.0,True,False,False,0.5296545929638661,standardized,unadjusted,paired_24h_20x5,91
NR,NR-AhR,Paired 6/24-h cohort,tox21-ahr-p1,HepG2-AhR-luc,24.0,HT29,6,Different,Shorter,516,0.5213510870214929,0.0,,,,1.0,False,False,False,0.5213510870214929,standardized,unadjusted,paired_6h_20x5,63
NR,NR-AhR,Paired 6/24-h cohort,tox21-ahr-p1,HepG2-AhR-luc,24.0,HT29,24,Different,Exact,516,0.5213510870214929,0.0,,,,1.0,False,False,False,0.5213510870214929,standardized,unadjusted,paired_24h_20x5,63
NR,NR-AhR,Paired 6/24-h cohort,tox21-ahr-p1,HepG2-AhR-luc,24.0,MCF7,6,Different,Shorter,1099,0.4683066079110018,-0.0003374422393365,-0.0040941753333825,0.0034192908547093,0.8589073701175524,1.0,False,False,False,0.4679691656716652,standardized,unadjusted,paired_6h_20x5,111
NR,NR-AhR,Paired 6/24-h cohort,tox21-ahr-p1,HepG2-AhR-luc,24.0,MCF7,24,Different,Exact,1099,0.4683066079110018,-0.0002968526761102,-0.0079833011560257,0.0073895958038053,0.9390717628980816,1.0,False,False,False,0.4680097552348916,standardized,unadjusted,paired_24h_20x5,111
NR,NR-Aromatase,Primary full 6-h cohort,tox21-aromatase-p1,MCF-7,24.0,HA1E,6,Different,Shorter,759,0.3839848450969522,0.0001081779358019,-0.0612654726061723,0.0614818284777763,0.997216518288426,1.0,True,False,False,0.3840930230327541,standardized,unadjusted,primary_6h_20x5,63
NR,NR-Aromatase,Primary full 6-h cohort,tox21-aromatase-p1,MCF-7,24.0,HEPG2,6,Different,Shorter,512,0.3462324266702402,0.0102137800754071,-0.0303595857641025,0.0507871459149169,0.6185361817695909,1.0,True,False,False,0.3564462067456475,standardized,unadjusted,primary_6h_20x5,47
NR,NR-Aromatase,Primary full 6-h cohort,tox21-aromatase-p1,MCF-7,24.0,HT29,6,Different,Shorter,758,0.3721073280941304,0.0061512485275029,-0.027204266729907,0.0395067637849128,0.7152063817303913,1.0,True,False,False,0.3782585766216332,standardized,unadjusted,primary_6h_20x5,63
NR,NR-Aromatase,Primary full 6-h cohort,tox21-aromatase-p1,MCF-7,24.0,MCF7,6,Exact,Shorter,1021,0.4088901861671656,0.022083937603726,-0.0222327199103448,0.0664005951177968,0.3251824112908632,1.0,True,False,False,0.4309741237708915,standardized,unadjusted,primary_6h_20x5,76
NR,NR-Aromatase,Paired 6/24-h cohort,tox21-aromatase-p1,MCF-7,24.0,HA1E,6,Different,Shorter,655,0.3967723285977129,0.004497322363023,-0.061961959132164,0.0709566038582102,0.8934595796848119,0.99332933861613,True,False,False,0.4012696509607359,standardized,unadjusted,paired_6h_20x5,57
NR,NR-Aromatase,Paired 6/24-h cohort,tox21-aromatase-p1,MCF-7,24.0,HA1E,24,Different,Exact,655,0.3967723285977129,0.0855566966375178,-0.0191249382320992,0.1902383315071348,0.1080465117897075,0.6482790707382453,True,False,False,0.4823290252352308,standardized,unadjusted,paired_24h_20x5,57
NR,NR-Aromatase,Paired 6/24-h cohort,tox21-aromatase-p1,MCF-7,24.0,HT29,6,Different,Shorter,475,0.3705657701687539,0.0,,,,1.0,False,False,False,0.3705657701687539,standardized,unadjusted,paired_6h_20x5,45
NR,NR-Aromatase,Paired 6/24-h cohort,tox21-aromatase-p1,MCF-7,24.0,HT29,24,Different,Exact,475,0.3705657701687539,0.0003298784098958,-0.0030547649162724,0.0037145217360641,0.8470511113185921,1.0,True,False,False,0.3708956485786499,standardized,unadjusted,paired_24h_20x5,45
NR,NR-Aromatase,Paired 6/24-h cohort,tox21-aromatase-p1,MCF-7,24.0,MCF7,6,Exact,Shorter,1012,0.4106422400388259,0.0213118991347393,-0.0274619216652967,0.0700857199347753,0.3880326447945019,1.0,True,False,False,0.4319541391735652,standardized,unadjusted,paired_6h_20x5,76
NR,NR-Aromatase,Paired 6/24-h cohort,tox21-aromatase-p1,MCF-7,24.0,MCF7,24,Exact,Exact,1012,0.4106422400388259,0.1277075548983317,0.0262988450292381,0.2291162647674253,0.0141076161397998,0.0564304645591995,True,True,False,0.5383497949371577,standardized,unadjusted,paired_24h_20x5,76
NR,NR-ER,Primary full 6-h cohort,tox21-er-luc-bg1-4e2-antagonist-p2,BG1,22.0,HA1E,6,No literal assay-cell match specified,Shorter,805,0.4299342961467183,0.0,,,,1.0,False,False,False,0.4299342961467183,standardized,unadjusted,primary_6h_20x5,132
NR,NR-ER,Primary full 6-h cohort,tox21-er-luc-bg1-4e2-antagonist-p2,BG1,22.0,HEPG2,6,No literal assay-cell match specified,Shorter,540,0.4774205001966495,0.0,,,,1.0,False,False,False,0.4774205001966495,standardized,unadjusted,primary_6h_20x5,92
NR,NR-ER,Primary full 6-h cohort,tox21-er-luc-bg1-4e2-antagonist-p2,BG1,22.0,HT29,6,No literal assay-cell match specified,Shorter,799,0.419370133842031,0.0,,,,1.0,False,False,False,0.419370133842031,standardized,unadjusted,primary_6h_20x5,128
NR,NR-ER,Primary full 6-h cohort,tox21-er-luc-bg1-4e2-antagonist-p2,BG1,22.0,MCF7,6,No literal assay-cell match specified,Shorter,1067,0.4022733277093488,-0.000203480002852,-0.0041890626180383,0.0037821026123342,0.9195154182654453,1.0,False,False,False,0.4020698477064968,standardized,unadjusted,primary_6h_20x5,155
NR,NR-ER,Paired 6/24-h cohort,tox21-er-luc-bg1-4e2-antagonist-p2,BG1,22.0,HA1E,6,No literal assay-cell match specified,Shorter,689,0.441239084481152,-0.0001002827132761,-0.0013145374157516,0.0011139719891994,0.870165795648866,0.99332933861613,False,False,False,0.4411388017678759,standardized,unadjusted,paired_6h_20x5,112
NR,NR-ER,Paired 6/24-h cohort,tox21-er-luc-bg1-4e2-antagonist-p2,BG1,22.0,HA1E,24,No literal assay-cell match specified,Longer,689,0.441239084481152,-0.000428520595669,-0.0090993345956727,0.0082422934043346,0.9220812878653832,1.0,False,False,False,0.4408105638854829,standardized,unadjusted,paired_24h_20x5,112
NR,NR-ER,Paired 6/24-h cohort,tox21-er-luc-bg1-4e2-antagonist-p2,BG1,22.0,HT29,6,No literal assay-cell match specified,Shorter,487,0.4093111619897792,0.0,,,,1.0,False,False,False,0.4093111619897792,standardized,unadjusted,paired_6h_20x5,76
NR,NR-ER,Paired 6/24-h cohort,tox21-er-luc-bg1-4e2-antagonist-p2,BG1,22.0,HT29,24,No literal assay-cell match specified,Longer,487,0.4093111619897792,-9.8073604623897e-05,-0.000927877654255,0.0007317304450072,0.8150715660570709,1.0,False,False,False,0.4092130883851554,standardized,unadjusted,paired_24h_20x5,76
NR,NR-ER,Paired 6/24-h cohort,tox21-er-luc-bg1-4e2-antagonist-p2,BG1,22.0,MCF7,6,No literal assay-cell match specified,Shorter,1054,0.4068083831849259,-0.0001054491257916,-0.0010362278736716,0.0008253296220884,0.8226024759216881,1.0,False,False,False,0.4067029340591344,standardized,unadjusted,paired_6h_20x5,154
NR,NR-ER,Paired 6/24-h cohort,tox21-er-luc-bg1-4e2-antagonist-p2,BG1,22.0,MCF7,24,No literal assay-cell match specified,Longer,1054,0.4068083831849259,-0.0002637346023913,-0.0121041884681646,0.0115767192633818,0.9648367910978288,1.0,False,False,False,0.4065446485825346,standardized,unadjusted,paired_24h_20x5,154
NR,NR-ER-LBD,Primary full 6-h cohort,tox21-er-bla-agonist-p2,HEK293,18.0,HA1E,6,No literal assay-cell match specified,Shorter,907,0.3848759735205316,-0.0009724048733879,-0.0109583098790809,0.009013500132305,0.8471836540132325,1.0,False,False,False,0.3839035686471437,standardized,unadjusted,primary_6h_20x5,55
NR,NR-ER-LBD,Primary full 6-h cohort,tox21-er-bla-agonist-p2,HEK293,18.0,HEPG2,6,No literal assay-cell match specified,Shorter,620,0.4038819995063205,0.0,,,,1.0,False,False,False,0.4038819995063205,standardized,unadjusted,primary_6h_20x5,39
NR,NR-ER-LBD,Primary full 6-h cohort,tox21-er-bla-agonist-p2,HEK293,18.0,HT29,6,No literal assay-cell match specified,Shorter,902,0.3973473594505805,0.0003834452652427,-0.0035479283004349,0.0043148188309204,0.8469404536382787,1.0,True,False,False,0.3977308047158233,standardized,unadjusted,primary_6h_20x5,53
NR,NR-ER-LBD,Primary full 6-h cohort,tox21-er-bla-agonist-p2,HEK293,18.0,MCF7,6,No literal assay-cell match specified,Shorter,1194,0.3789690768086072,0.0391300531166913,-0.0556299379903229,0.1338900442237056,0.4145493966833683,1.0,True,False,False,0.4180991299252984,standardized,unadjusted,primary_6h_20x5,61
NR,NR-ER-LBD,Paired 6/24-h cohort,tox21-er-bla-agonist-p2,HEK293,18.0,HA1E,6,No literal assay-cell match specified,Shorter,772,0.4108917516339598,-0.0067292507045551,-0.0582415027792192,0.044783001370109,0.7960143920756136,0.99332933861613,False,False,False,0.4041625009294046,standardized,unadjusted,paired_6h_20x5,40
NR,NR-ER-LBD,Paired 6/24-h cohort,tox21-er-bla-agonist-p2,HEK293,18.0,HA1E,24,No literal assay-cell match specified,Longer,772,0.4108917516339598,-0.0111851144530556,-0.0685966209620366,0.0462263920559253,0.6999025566520198,1.0,False,False,False,0.399706637180904,standardized,unadjusted,paired_24h_20x5,40
NR,NR-ER-LBD,Paired 6/24-h cohort,tox21-er-bla-agonist-p2,HEK293,18.0,HT29,6,No literal assay-cell match specified,Shorter,547,0.3753635759245645,0.0,,,,1.0,False,False,False,0.3753635759245645,standardized,unadjusted,paired_6h_20x5,25
NR,NR-ER-LBD,Paired 6/24-h cohort,tox21-er-bla-agonist-p2,HEK293,18.0,HT29,24,No literal assay-cell match specified,Longer,547,0.3753635759245645,-0.0062492907854695,-0.0356469709161048,0.0231483893451656,0.6740853397946913,1.0,False,False,False,0.3691142851390949,standardized,unadjusted,paired_24h_20x5,25
NR,NR-ER-LBD,Paired 6/24-h cohort,tox21-er-bla-agonist-p2,HEK293,18.0,MCF7,6,No literal assay-cell match specified,Shorter,1178,0.3972889319873574,0.0145337206615852,-0.044784107154438,0.0738515484776085,0.6279269429309365,1.0,True,False,False,0.4118226526489427,standardized,unadjusted,paired_6h_20x5,59
NR,NR-ER-LBD,Paired 6/24-h cohort,tox21-er-bla-agonist-p2,HEK293,18.0,MCF7,24,No literal assay-cell match specified,Longer,1178,0.3972889319873574,0.031941594426584,-0.0299471375365621,0.0938303263897301,0.3082930291307994,0.7557487700305259,True,False,False,0.4292305264139415,standardized,unadjusted,paired_24h_20x5,59
NR,NR-PPAR-gamma,Primary full 6-h cohort,tox21-pparg-bla-agonist-p1,PPARg-bla,17.0,HA1E,6,No literal assay-cell match specified,Shorter,811,0.2354470138584288,-1.7258491053023e-05,-0.0001947587817365,0.0001602417996305,0.8474114108386546,1.0,False,False,False,0.2354297553673758,standardized,unadjusted,primary_6h_20x5,34
NR,NR-PPAR-gamma,Primary full 6-h cohort,tox21-pparg-bla-agonist-p1,PPARg-bla,17.0,HEPG2,6,No literal assay-cell match specified,Shorter,552,0.2997687340918427,-0.0004591159833249,-0.0054234316529061,0.0045051996862561,0.8547756967435854,1.0,False,False,False,0.2993096181085177,standardized,unadjusted,primary_6h_20x5,19
NR,NR-PPAR-gamma,Primary full 6-h cohort,tox21-pparg-bla-agonist-p1,PPARg-bla,17.0,HT29,6,No literal assay-cell match specified,Shorter,803,0.1930836063988792,-0.0006734223241757,-0.012141233541145,0.0107943888927935,0.9074774021497632,1.0,False,False,False,0.1924101840747034,standardized,unadjusted,primary_6h_20x5,29
NR,NR-PPAR-gamma,Primary full 6-h cohort,tox21-pparg-bla-agonist-p1,PPARg-bla,17.0,MCF7,6,No literal assay-cell match specified,Shorter,1073,0.2224564393669107,0.0,,,,1.0,False,False,False,0.2224564393669107,standardized,unadjusted,primary_6h_20x5,34
NR,NR-PPAR-gamma,Paired 6/24-h cohort,tox21-pparg-bla-agonist-p1,PPARg-bla,17.0,HA1E,6,No literal assay-cell match specified,Shorter,696,0.2408584062080124,-3.8776652842882994e-05,-0.0007219093040232,0.0006443559983374,0.9105518937314524,0.99332933861613,False,False,False,0.2408196295551695,standardized,unadjusted,paired_6h_20x5,29
NR,NR-PPAR-gamma,Paired 6/24-h cohort,tox21-pparg-bla-agonist-p1,PPARg-bla,17.0,HA1E,24,No literal assay-cell match specified,Longer,696,0.2408584062080124,0.0,,,,1.0,False,False,False,0.2408584062080124,standardized,unadjusted,paired_24h_20x5,29
NR,NR-PPAR-gamma,Paired 6/24-h cohort,tox21-pparg-bla-agonist-p1,PPARg-bla,17.0,HT29,6,No literal assay-cell match specified,Shorter,483,0.2782846706315504,-0.0055520766158684,-0.0468173607811961,0.0357132075494591,0.7900488542085877,1.0,False,False,False,0.2727325940156819,standardized,unadjusted,paired_6h_20x5,17
NR,NR-PPAR-gamma,Paired 6/24-h cohort,tox21-pparg-bla-agonist-p1,PPARg-bla,17.0,HT29,24,No literal assay-cell match specified,Longer,483,0.2782846706315504,-0.0015498977925199,-0.0118927741300474,0.0087929785450075,0.7668312410008797,1.0,False,False,False,0.2767347728390305,standardized,unadjusted,paired_24h_20x5,17
NR,NR-PPAR-gamma,Paired 6/24-h cohort,tox21-pparg-bla-agonist-p1,PPARg-bla,17.0,MCF7,6,No literal assay-cell match specified,Shorter,1060,0.2118280638207826,0.0,,,,1.0,False,False,False,0.2118280638207826,standardized,unadjusted,paired_6h_20x5,33
NR,NR-PPAR-gamma,Paired 6/24-h cohort,tox21-pparg-bla-agonist-p1,PPARg-bla,17.0,MCF7,24,No literal assay-cell match specified,Longer,1060,0.2118280638207826,0.0,,,,1.0,False,False,False,0.2118280638207826,standardized,unadjusted,paired_24h_20x5,33
SR,SR-ARE,Primary full 6-h cohort,tox21-are-bla-p1,ARE-bla reporter system,16.0,HA1E,6,No literal assay-cell match specified,Shorter,690,0.4740245760756074,0.0046764471718637,-0.0123760518774211,0.0217289462211485,0.5875629903796113,1.0,True,False,False,0.4787010232474711,standardized,unadjusted,primary_6h_20x5,136
SR,SR-ARE,Primary full 6-h cohort,tox21-are-bla-p1,ARE-bla reporter system,16.0,HEPG2,6,No literal assay-cell match specified,Shorter,451,0.4518351653424824,0.1012019854230227,0.0325660867074524,0.169837884138593,0.0042623326886877,0.0511479922642532,True,True,False,0.5530371507655053,standardized,unadjusted,primary_6h_20x5,98
SR,SR-ARE,Primary full 6-h cohort,tox21-are-bla-p1,ARE-bla reporter system,16.0,HT29,6,No literal assay-cell match specified,Shorter,682,0.4509027077175406,0.001143320565919,-0.0149650025837239,0.017251643715562,0.8882874174884303,1.0,True,False,False,0.4520460282834597,standardized,unadjusted,primary_6h_20x5,129
SR,SR-ARE,Primary full 6-h cohort,tox21-are-bla-p1,ARE-bla reporter system,16.0,MCF7,6,No literal assay-cell match specified,Shorter,923,0.4522691323498201,0.0068460414802886,-0.0153035958832403,0.0289956788438177,0.5410946259946955,1.0,True,False,False,0.4591151738301088,standardized,unadjusted,primary_6h_20x5,160
SR,SR-ARE,Paired 6/24-h cohort,tox21-are-bla-p1,ARE-bla reporter system,16.0,HA1E,6,No literal assay-cell match specified,Shorter,584,0.4693430971876147,0.002072503200539,-0.0172714803673229,0.021416486768401,0.8320855568980201,0.99332933861613,True,False,False,0.4714156003881538,standardized,unadjusted,paired_6h_20x5,118
SR,SR-ARE,Paired 6/24-h cohort,tox21-are-bla-p1,ARE-bla reporter system,16.0,HA1E,24,No literal assay-cell match specified,Longer,584,0.4693430971876147,0.0124535828759403,-0.024167405074025,0.0490745708259057,0.5013970111652466,1.0,True,False,False,0.4817966800635551,standardized,unadjusted,paired_24h_20x5,118
SR,SR-ARE,Paired 6/24-h cohort,tox21-are-bla-p1,ARE-bla reporter system,16.0,HT29,6,No literal assay-cell match specified,Shorter,416,0.497614253776103,0.0006439004642114,-0.0170935475292327,0.0183813484576557,0.9427229117967268,1.0,True,False,False,0.4982581542403144,standardized,unadjusted,paired_6h_20x5,80
SR,SR-ARE,Paired 6/24-h cohort,tox21-are-bla-p1,ARE-bla reporter system,16.0,HT29,24,No literal assay-cell match specified,Longer,416,0.497614253776103,-0.0061084461802385,-0.0480215952867544,0.0358047029262774,0.7730476468937117,1.0,False,False,False,0.4915058075958645,standardized,unadjusted,paired_24h_20x5,80
SR,SR-ARE,Paired 6/24-h cohort,tox21-are-bla-p1,ARE-bla reporter system,16.0,MCF7,6,No literal assay-cell match specified,Shorter,913,0.4486725347093145,0.0016997237064933,-0.0230852755902158,0.0264847230032024,0.8920382503107864,1.0,True,False,False,0.4503722584158079,standardized,unadjusted,paired_6h_20x5,159
SR,SR-ARE,Paired 6/24-h cohort,tox21-are-bla-p1,ARE-bla reporter system,16.0,MCF7,24,No literal assay-cell match specified,Longer,913,0.4486725347093145,0.0140572083123156,-0.0203721067128884,0.0484865233375197,0.4198030513699918,0.8396061027399838,True,False,False,0.4627297430216303,standardized,unadjusted,paired_24h_20x5,159
SR,SR-ATAD5,Primary full 6-h cohort,tox21-elg1-luc-agonist-p1,HEK293T,,HA1E,6,No literal assay-cell match specified,Assay duration unavailable,911,0.2949817430590666,-0.0017734062183745,-0.0280887149811034,0.0245419025443543,0.8938972520427654,1.0,False,False,False,0.293208336840692,standardized,unadjusted,primary_6h_20x5,50
SR,SR-ATAD5,Primary full 6-h cohort,tox21-elg1-luc-agonist-p1,HEK293T,,HEPG2,6,No literal assay-cell match specified,Assay duration unavailable,619,0.372217080304358,-0.0042868626322939,-0.0410761418402003,0.0325024165756124,0.8176285002793368,1.0,False,False,False,0.3679302176720641,standardized,unadjusted,primary_6h_20x5,33
SR,SR-ATAD5,Primary full 6-h cohort,tox21-elg1-luc-agonist-p1,HEK293T,,HT29,6,No literal assay-cell match specified,Assay duration unavailable,903,0.3068238291253308,0.0089079750788752,-0.0369910686491333,0.0548070188068838,0.7009953516556193,1.0,True,False,False,0.315731804204206,standardized,unadjusted,primary_6h_20x5,50
SR,SR-ATAD5,Primary full 6-h cohort,tox21-elg1-luc-agonist-p1,HEK293T,,MCF7,6,No literal assay-cell match specified,Assay duration unavailable,1196,0.2535929643238939,0.006737499472826,-0.0238166960224624,0.0372916949681144,0.6626733427010023,1.0,True,False,False,0.2603304637967199,standardized,unadjusted,primary_6h_20x5,57
SR,SR-ATAD5,Paired 6/24-h cohort,tox21-elg1-luc-agonist-p1,HEK293T,,HA1E,6,No literal assay-cell match specified,Assay duration unavailable,778,0.3114972504447716,-0.0015920215264932,-0.0179280571873445,0.014744014134358,0.8470645762756321,0.99332933861613,False,False,False,0.3099052289182783,standardized,unadjusted,paired_6h_20x5,43
SR,SR-ATAD5,Paired 6/24-h cohort,tox21-elg1-luc-agonist-p1,HEK293T,,HA1E,24,No literal assay-cell match specified,Assay duration unavailable,778,0.3114972504447716,0.0250953245637299,-0.0458705239028589,0.0960611730303187,0.4845315787435982,1.0,True,False,False,0.3365925750085015,standardized,unadjusted,paired_24h_20x5,43
SR,SR-ATAD5,Paired 6/24-h cohort,tox21-elg1-luc-agonist-p1,HEK293T,,HT29,6,No literal assay-cell match specified,Assay duration unavailable,544,0.3075818660947388,-0.0011677690184659,-0.0131354395612292,0.0107999015242973,0.8468749241312379,1.0,False,False,False,0.3064140970762729,standardized,unadjusted,paired_6h_20x5,30
SR,SR-ATAD5,Paired 6/24-h cohort,tox21-elg1-luc-agonist-p1,HEK293T,,HT29,24,No literal assay-cell match specified,Assay duration unavailable,544,0.3075818660947388,0.0,,,,1.0,False,False,False,0.3075818660947388,standardized,unadjusted,paired_24h_20x5,30
SR,SR-ATAD5,Paired 6/24-h cohort,tox21-elg1-luc-agonist-p1,HEK293T,,MCF7,6,No literal assay-cell match specified,Assay duration unavailable,1180,0.2573892294323929,0.0007372659755547,-0.0131311694021509,0.0146057013532603,0.9162053345714286,1.0,True,False,False,0.2581264954079476,standardized,unadjusted,paired_6h_20x5,55
SR,SR-ATAD5,Paired 6/24-h cohort,tox21-elg1-luc-agonist-p1,HEK293T,,MCF7,24,No literal assay-cell match specified,Assay duration unavailable,1180,0.2573892294323929,0.0612467709296804,-0.059061342274225,0.1815548841335858,0.3148953208460525,0.7557487700305259,True,False,False,0.3186360003620733,standardized,unadjusted,paired_24h_20x5,55
SR,SR-HSE,Primary full 6-h cohort,tox21-hse-bla-p1,HeLa,5.0,HA1E,6,No literal assay-cell match specified,Longer,814,0.2337104030676936,0.0147073846821949,-0.0346707247123491,0.064085494076739,0.555864918508837,1.0,True,False,False,0.2484177877498885,standardized,unadjusted,primary_6h_20x5,52
SR,SR-HSE,Primary full 6-h cohort,tox21-hse-bla-p1,HeLa,5.0,HEPG2,6,No literal assay-cell match specified,Longer,547,0.2685002852062706,-0.0165082651632756,-0.1156747564255391,0.0826582260989878,0.7418614709231122,1.0,False,False,False,0.251992020042995,standardized,unadjusted,primary_6h_20x5,30
SR,SR-HSE,Primary full 6-h cohort,tox21-hse-bla-p1,HeLa,5.0,HT29,6,No literal assay-cell match specified,Longer,806,0.2538051751964894,-0.0029857809213508,-0.0296810315189705,0.0237094696762687,0.8248266974052029,1.0,False,False,False,0.2508193942751385,standardized,unadjusted,primary_6h_20x5,50
SR,SR-HSE,Primary full 6-h cohort,tox21-hse-bla-p1,HeLa,5.0,MCF7,6,No literal assay-cell match specified,Longer,1077,0.247705088357136,-0.0026385827549768,-0.0354202013222842,0.0301430358123305,0.8734356777136253,1.0,False,False,False,0.2450665056021592,standardized,unadjusted,primary_6h_20x5,64
SR,SR-HSE,Paired 6/24-h cohort,tox21-hse-bla-p1,HeLa,5.0,HA1E,6,No literal assay-cell match specified,Longer,697,0.2311267843943832,0.005492746365904,-0.05302749434214,0.064012987073948,0.8526377677537458,0.99332933861613,True,False,False,0.2366195307602872,standardized,unadjusted,paired_6h_20x5,43
SR,SR-HSE,Paired 6/24-h cohort,tox21-hse-bla-p1,HeLa,5.0,HA1E,24,No literal assay-cell match specified,Longer,697,0.2311267843943832,0.007109615381275,-0.0418554543870128,0.0560746851495629,0.7738696297468033,1.0,True,False,False,0.2382363997756582,standardized,unadjusted,paired_24h_20x5,43
SR,SR-HSE,Paired 6/24-h cohort,tox21-hse-bla-p1,HeLa,5.0,HT29,6,No literal assay-cell match specified,Longer,498,0.2965715396163644,-0.0040181975682419,-0.0368301417553049,0.028793746618821,0.8085158542080817,1.0,False,False,False,0.2925533420481225,standardized,unadjusted,paired_6h_20x5,31
SR,SR-HSE,Paired 6/24-h cohort,tox21-hse-bla-p1,HeLa,5.0,HT29,24,No literal assay-cell match specified,Longer,498,0.2965715396163644,0.0020808816725982,-0.0251999918984847,0.0293617552436812,0.8800087507516842,1.0,True,False,False,0.2986524212889627,standardized,unadjusted,paired_24h_20x5,31
SR,SR-HSE,Paired 6/24-h cohort,tox21-hse-bla-p1,HeLa,5.0,MCF7,6,No literal assay-cell match specified,Longer,1065,0.238631143587719,-0.0001504029100021,-0.0082275822789945,0.0079267764589902,0.9706012242890708,1.0,False,False,False,0.238480740677717,standardized,unadjusted,paired_6h_20x5,62
SR,SR-HSE,Paired 6/24-h cohort,tox21-hse-bla-p1,HeLa,5.0,MCF7,24,No literal assay-cell match specified,Longer,1065,0.238631143587719,0.0151212557380244,-0.0658776716661319,0.0961201831421808,0.7118588179589257,1.0,True,False,False,0.2537523993257435,standardized,unadjusted,paired_24h_20x5,62
SR,SR-MMP,Primary full 6-h cohort,tox21-mitotox-p1,HepG2,1.0,HA1E,6,Different,Longer,723,0.5877024030860306,0.058531473776402,0.0168963927616628,0.1001665547911412,0.0063333994205457,0.0760007930465495,True,True,False,0.6462338768624327,standardized,unadjusted,primary_6h_20x5,129
SR,SR-MMP,Primary full 6-h cohort,tox21-mitotox-p1,HepG2,1.0,HEPG2,6,Exact,Longer,495,0.6155897273647046,0.07044961478963,0.0142849000333594,0.1266143295459006,0.0144826301901066,0.0868957811406399,True,True,False,0.6860393421543346,standardized,unadjusted,primary_6h_20x5,102
SR,SR-MMP,Primary full 6-h cohort,tox21-mitotox-p1,HepG2,1.0,HT29,6,Different,Longer,717,0.5631671131601228,0.0794201637156189,0.0291407089907576,0.1296996184404802,0.0022676825650382,0.0272121907804585,True,True,True,0.6425872768757418,standardized,unadjusted,primary_6h_20x5,121
SR,SR-MMP,Primary full 6-h cohort,tox21-mitotox-p1,HepG2,1.0,MCF7,6,Different,Longer,958,0.5270626901233163,0.1079600070318198,0.0518615788522499,0.1640584352113898,0.0002341611072001,0.0028099332864012,True,True,True,0.6350226971551362,standardized,unadjusted,primary_6h_20x5,143
SR,SR-MMP,Paired 6/24-h cohort,tox21-mitotox-p1,HepG2,1.0,HA1E,6,Different,Longer,613,0.5706945670756347,0.0566568425364491,0.0058588742628138,0.1074548108100844,0.0291895432402216,0.3502745188826602,True,True,False,0.6273514096120839,standardized,unadjusted,paired_6h_20x5,111
SR,SR-MMP,Paired 6/24-h cohort,tox21-mitotox-p1,HepG2,1.0,HA1E,24,Different,Longer,613,0.5706945670756347,0.1106638873959524,0.0299397418299292,0.1913880329619756,0.0077084496581681,0.0925013958980181,True,True,False,0.6813584544715873,standardized,unadjusted,paired_24h_20x5,111
SR,SR-MMP,Paired 6/24-h cohort,tox21-mitotox-p1,HepG2,1.0,HT29,6,Different,Longer,430,0.5466303727087007,0.0332070599699301,-0.0381876193303052,0.1046017392701654,0.3583041452076415,1.0,True,False,False,0.5798374326786309,standardized,unadjusted,paired_6h_20x5,61
SR,SR-MMP,Paired 6/24-h cohort,tox21-mitotox-p1,HepG2,1.0,HT29,24,Different,Longer,430,0.5466303727087007,0.0066929664883291,-0.0203315337667558,0.0337174667434142,0.6242193034490338,1.0,True,False,False,0.5533233391970299,standardized,unadjusted,paired_24h_20x5,61
SR,SR-MMP,Paired 6/24-h cohort,tox21-mitotox-p1,HepG2,1.0,MCF7,6,Different,Longer,947,0.5285651375011651,0.103654011204078,0.04360489169435,0.163703130713806,0.0008959401466975,0.0107512817603703,True,True,True,0.6322191487052433,standardized,unadjusted,paired_6h_20x5,141
SR,SR-MMP,Paired 6/24-h cohort,tox21-mitotox-p1,HepG2,1.0,MCF7,24,Different,Longer,947,0.5285651375011651,0.1307953052111605,0.0523461694075347,0.2092444410147863,0.0013097926111077,0.0078587556666462,True,True,True,0.6593604427123259,standardized,unadjusted,paired_24h_20x5,141
SR,SR-p53,Primary full 6-h cohort,tox21-p53-bla-p1,p53RE-bla reporter system,16.0,HA1E,6,No literal assay-cell match specified,Shorter,884,0.3614453829841328,0.0428890515864393,-0.0197757521798892,0.105553855352768,0.1775386530662339,1.0,True,False,False,0.4043344345705722,standardized,unadjusted,primary_6h_20x5,89
SR,SR-p53,Primary full 6-h cohort,tox21-p53-bla-p1,p53RE-bla reporter system,16.0,HEPG2,6,No literal assay-cell match specified,Shorter,603,0.3440235497951706,0.0505782498909239,-0.0238207528979199,0.1249772526797677,0.1804403824135611,0.7217615296542444,True,False,False,0.3946017996860944,standardized,unadjusted,primary_6h_20x5,64
SR,SR-p53,Primary full 6-h cohort,tox21-p53-bla-p1,p53RE-bla reporter system,16.0,HT29,6,No literal assay-cell match specified,Shorter,877,0.3380347758232166,0.0893307609215028,-0.0067214605781246,0.1853829824211303,0.0679730765981944,0.4078384595891669,True,False,False,0.4273655367447195,standardized,unadjusted,primary_6h_20x5,85
SR,SR-p53,Primary full 6-h cohort,tox21-p53-bla-p1,p53RE-bla reporter system,16.0,MCF7,6,No literal assay-cell match specified,Shorter,1158,0.2950761908088222,0.1014524004971825,0.0090074630391034,0.1938973379552615,0.031815112926932,0.1908906775615921,True,True,False,0.3965285913060047,standardized,unadjusted,primary_6h_20x5,100
SR,SR-p53,Paired 6/24-h cohort,tox21-p53-bla-p1,p53RE-bla reporter system,16.0,HA1E,6,No literal assay-cell match specified,Shorter,757,0.3504103052761853,0.0192404773461007,-0.0346694331966235,0.073150387888825,0.4805048855332926,0.99332933861613,True,False,False,0.369650782622286,standardized,unadjusted,paired_6h_20x5,76
SR,SR-p53,Paired 6/24-h cohort,tox21-p53-bla-p1,p53RE-bla reporter system,16.0,HA1E,24,No literal assay-cell match specified,Longer,757,0.3504103052761853,0.0304756705608736,-0.0273638239069688,0.088315165028716,0.2983447287804843,1.0,True,False,False,0.3808859758370589,standardized,unadjusted,paired_24h_20x5,76
SR,SR-p53,Paired 6/24-h cohort,tox21-p53-bla-p1,p53RE-bla reporter system,16.0,HT29,6,No literal assay-cell match specified,Shorter,533,0.3736725753504066,0.0174696002585969,-0.0367714179849183,0.0717106185021121,0.5242572279878647,1.0,True,False,False,0.3911421756090036,standardized,unadjusted,paired_6h_20x5,57
SR,SR-p53,Paired 6/24-h cohort,tox21-p53-bla-p1,p53RE-bla reporter system,16.0,HT29,24,No literal assay-cell match specified,Longer,533,0.3736725753504066,0.0258080123847594,-0.0293173846647762,0.080933409434295,0.3551748662293308,1.0,True,False,False,0.3994805877351661,standardized,unadjusted,paired_24h_20x5,57
SR,SR-p53,Paired 6/24-h cohort,tox21-p53-bla-p1,p53RE-bla reporter system,16.0,MCF7,6,No literal assay-cell match specified,Shorter,1142,0.2935296250498518,0.0970228573875002,-0.0082504776997056,0.2022961924747061,0.070453812212233,0.4227228732733982,True,False,False,0.3905524824373521,standardized,unadjusted,paired_6h_20x5,98
SR,SR-p53,Paired 6/24-h cohort,tox21-p53-bla-p1,p53RE-bla reporter system,16.0,MCF7,24,No literal assay-cell match specified,Longer,1142,0.2935296250498518,0.2148877765223776,0.1013216795075388,0.3284538735372165,0.0002932245041903,0.0035186940502842,True,True,True,0.5084174015722295,standardized,unadjusted,paired_24h_20x5,98
