variant,task,cell,n_repeats,outer_folds_per_repeat,n_paired_outer_draws,n_unique_compounds,n_test_evaluations,mean_auprc_chem,sd_auprc_chem,mean_auprc_bio,sd_auprc_bio,mean_delta_auprc,sd_delta_auprc,nb_auprc_corrected_se,nb_auprc_ci_low,nb_auprc_ci_high,nb_auprc_t_stat,nb_auprc_df,nb_auprc_p_value,nb_auprc_inference_valid,nb_auprc_variance_degenerate,nb_auprc_correction_factor,nb_auprc_mean_test_train_ratio,mean_auroc_chem,sd_auroc_chem,mean_auroc_bio,sd_auroc_bio,mean_delta_auroc,sd_delta_auroc,nb_auroc_corrected_se,nb_auroc_ci_low,nb_auroc_ci_high,nb_auroc_t_stat,nb_auroc_df,nb_auroc_p_value,nb_auroc_inference_valid,nb_auroc_variance_degenerate,nb_auroc_correction_factor,nb_auroc_mean_test_train_ratio,mean_log_loss_chem,sd_log_loss_chem,mean_log_loss_bio,sd_log_loss_bio,mean_delta_log_loss,sd_delta_log_loss,nb_log_loss_corrected_se,nb_log_loss_ci_low,nb_log_loss_ci_high,nb_log_loss_t_stat,nb_log_loss_df,nb_log_loss_p_value,nb_log_loss_inference_valid,nb_log_loss_variance_degenerate,nb_log_loss_correction_factor,nb_log_loss_mean_test_train_ratio,nb_auprc_q_value,significant_positive_auprc_fdr,nb_auroc_q_value,significant_positive_auroc_fdr,nb_log_loss_q_value,significant_positive_log_loss_fdr,significant_improvement_log_loss_fdr
standardized,NR-AR,HA1E,20,5,100,968,19360,0.46057604189408735,0.21544584531898664,0.46100676377990496,0.21618956482534799,0.00043072188581757105,0.011878175643475894,0.0061388277423577884,-0.01175004418296053,0.012611487954595671,0.07016353999406086,99,0.9442050282776921,True,False,0.2670984749413978,0.2570984749413978,0.720261679330444,0.12203342841021925,0.7196191422586673,0.12182449150733282,-0.0006425370717766099,0.011016254418955467,0.005693373315379418,-0.01193942491541964,0.010654350771866421,-0.11285700694190119,99,0.9103724523232923,True,False,0.2670984749413978,0.2570984749413978,0.20906013468059623,0.041639466970534084,0.2090982695686813,0.041519084762777554,3.813488808511985e-05,0.0007649965949230917,0.00039536225601298497,-0.0007463496022825605,0.0008226193784528003,0.09645556070447803,99,0.9233537577754198,True,False,0.2670984749413978,0.2570984749413978,1.0,False,1.0,False,1.0,False,False
standardized,NR-AR,HEPG2,20,5,100,668,13360,0.5368775232288627,0.24189081441049717,0.5368775232288627,0.24189081441049717,0.0,0.0,0.0,,,,99,,False,True,0.2657936050151701,0.25579360501517007,0.7976937875691057,0.12118966363540841,0.7976937875691057,0.12118966363540841,0.0,0.0,0.0,,,,99,,False,True,0.2657936050151701,0.25579360501517007,0.18326737605341362,0.04789301426000406,0.18326737613421545,0.047893014265954284,8.080180594061127e-11,1.633359024501572e-10,8.420811004298878e-11,,,,99,,False,True,0.2657936050151701,0.25579360501517007,1.0,False,1.0,False,1.0,False,False
standardized,NR-AR,HT29,20,5,100,960,19200,0.45749012004264,0.2053912448373871,0.45749012004264,0.2053912448373871,0.0,0.0,0.0,,,,99,,False,True,0.2668456338651351,0.2568456338651351,0.7121392742948757,0.11754094771839409,0.7121392742948757,0.11754094771839409,0.0,0.0,0.0,,,,99,,False,True,0.2668456338651351,0.2568456338651351,0.21101841480693925,0.03746569988826884,0.2110184147250678,0.03746569984675398,-8.187146446902993e-11,2.7926039266372367e-10,1.4425782998202893e-10,,,,99,,False,True,0.2668456338651351,0.2568456338651351,1.0,False,1.0,False,1.0,False,False
standardized,NR-AR,MCF7,20,5,100,1259,25180,0.4585578847978264,0.20419474265440052,0.45857759860320213,0.20418772731994148,1.9713805375805e-05,0.00019713805375805004,0.0001023424865682709,-0.00018335589133250778,0.0002227835020841178,0.19262581980216265,99,0.8476466200952134,True,False,0.2695075896173618,0.2595075896173618,0.7362722685512094,0.10956562678075492,0.7365028510754812,0.10935572919680639,0.00023058252427184502,0.0023058252427184504,0.001197048892555868,-0.002144622180122204,0.0026057872286658944,0.19262581980216267,99,0.8476466200952134,True,False,0.2695075896173618,0.2595075896173618,0.19122608971725502,0.03595184426329007,0.19121409480800455,0.03594254836474355,-1.1994909250472771e-05,0.00011994799033664183,6.226994411228725e-05,-0.00013555198792757143,0.00011156216942662589,-0.19262758978622416,99,0.8476452375618766,True,False,0.2695075896173618,0.2595075896173618,1.0,False,0.9902296560748227,False,0.9432680171099505,False,False
standardized,NR-AR-LBD,HA1E,20,5,100,869,17380,0.553857307831608,0.2127671631309102,0.553857307831608,0.2127671631309102,0.0,0.0,0.0,,,,99,,False,True,0.2685402073007554,0.2585402073007554,0.825974831957604,0.1224281453158487,0.825974831957604,0.1224281453158487,0.0,0.0,0.0,,,,99,,False,True,0.2685402073007554,0.2585402073007554,0.1396186499978648,0.04322836803124817,0.1396186499521689,0.04322836803876027,-4.56958743760838e-11,2.5187724578457553e-10,1.3052496807872831e-10,,,,99,,False,True,0.2685402073007554,0.2585402073007554,1.0,False,1.0,False,1.0,False,False
standardized,NR-AR-LBD,HEPG2,20,5,100,598,11960,0.5544042041277639,0.2572452581160938,0.5542381566895949,0.25726466254087565,-0.0001660474381690474,0.0011583389474655815,0.0005976718340826565,-0.0013519580227951391,0.0010198631464570444,-0.27782376330968855,99,0.7817270184969931,True,False,0.266228325901189,0.256228325901189,0.8176311134117804,0.13946878101239127,0.8172072717460408,0.14015370176340325,-0.0004238416657398161,0.005091416577828066,0.0026270344192495182,-0.005636447892611478,0.004788764561131846,-0.16133845169067013,99,0.8721556346437369,True,False,0.266228325901189,0.256228325901189,0.14588965377516266,0.046903923669710065,0.14598957219840525,0.04697858115478044,9.991842324260935e-05,0.0007700950256569409,0.0003973483818439856,-0.0006885069716667718,0.0008883438181519904,0.25146301786587166,99,0.8019773878772045,True,False,0.266228325901189,0.256228325901189,1.0,False,1.0,False,1.0,False,False
standardized,NR-AR-LBD,HT29,20,5,100,862,17240,0.5606883996491119,0.21706727624394537,0.5610856754326384,0.21690248018876554,0.00039727578352644505,0.002632635129456478,0.001359913175016756,-0.0023010869909217964,0.0030956385579746864,0.29213319704881163,99,0.7707961052739083,True,False,0.2668339088833951,0.2568339088833951,0.8348215871205419,0.1225431160108374,0.8346530744623141,0.12285370976314824,-0.00016851265822784699,0.0018864965119689218,0.0009744880452838702,-0.002102108356722663,0.001765083040266969,-0.17292429501149903,99,0.8630639850202282,True,False,0.2668339088833951,0.2568339088833951,0.13124555353706252,0.04366129350739884,0.1312456877184321,0.04365153776968474,1.341813696001653e-07,0.00022640729834797193,0.00011695288287326125,-0.0002319257113553343,0.00023219407409453462,0.0011473113471309135,99,0.9990868869082541,True,False,0.2668339088833951,0.2568339088833951,1.0,False,1.0,False,1.0,False,False
standardized,NR-AR-LBD,MCF7,20,5,100,1145,22900,0.5814481912031496,0.2187120835464936,0.5845693123225536,0.21904052637769456,0.0031211211194038667,0.0112226272994783,0.005816337836340988,-0.008419755011165257,0.01466199724997299,0.5366127634304233,99,0.5927389678198691,True,False,0.2686025724202408,0.2586025724202408,0.8339291142984898,0.1212408758009275,0.8359895974518426,0.1225012131516085,0.0020604831533527494,0.008632399460379404,0.004473903504052772,-0.006816712018802856,0.010937678325508354,0.4605560114307832,99,0.6461272409688932,True,False,0.2686025724202408,0.2586025724202408,0.11365092616452861,0.036434534410694,0.1128679878446684,0.035999924908950494,-0.0007829383198602115,0.0037188896154156546,0.0019273845421493394,-0.004607287400468732,0.003041410760748309,-0.4062180134469228,99,0.685459154534579,True,False,0.2686025724202408,0.2586025724202408,1.0,False,0.9902296560748227,False,0.9432680171099505,False,False
standardized,NR-AhR,HA1E,20,5,100,849,16980,0.5260950641790935,0.11887579548865418,0.5255419587493436,0.12033647236057037,-0.0005531054297498159,0.005017052029880699,0.0026057768587519356,-0.005723532044734452,0.004617321185234821,-0.21226124097776033,99,0.8323396445070572,True,False,0.2697598030743203,0.2597598030743203,0.8183783099187042,0.05116789054800733,0.8180766900178368,0.051323919660709996,-0.000301619900867377,0.0022078448479665898,0.0011467194237335485,-0.002576960020063752,0.0019737202183289977,-0.26302850952445483,99,0.7930752339895533,True,False,0.2697598030743203,0.2597598030743203,0.29098409158249855,0.05163413567795783,0.2910333224311905,0.05155544568000522,4.923084869195228e-05,0.00044140185973489093,0.00022925709054976597,-0.0004056649566304544,0.000504126654014359,0.21474078980019812,99,0.8304111424807328,True,False,0.2697598030743203,0.2597598030743203,1.0,False,1.0,False,1.0,False,False
standardized,NR-AhR,HEPG2,20,5,100,585,11700,0.4767965961319724,0.15621872156963504,0.4820646059083383,0.15376437136256346,0.005268009776365979,0.018325431922666505,0.009493183029426991,-0.013568524914397605,0.024104544467129563,0.5549255460509073,99,0.5801972250723303,True,False,0.2683584465719551,0.2583584465719551,0.7817274239015526,0.07267062394420343,0.7838046821291786,0.07028527448283745,0.002077258227625918,0.00783876740765234,0.004060742144577109,-0.005980135171349703,0.01013465162660154,0.5115464498035116,99,0.6101075777395972,True,False,0.2683584465719551,0.2583584465719551,0.284157932552807,0.05730840980801811,0.28298801989942834,0.056926819751711266,-0.0011699126533787241,0.0034535591525125604,0.0017890584667312967,-0.004719792790307095,0.0023799674835496476,-0.6539264507750916,99,0.514675309024105,True,False,0.2683584465719551,0.2583584465719551,1.0,False,1.0,False,1.0,False,False
standardized,NR-AhR,HT29,20,5,100,841,16820,0.4786615930379755,0.12240746740812969,0.4787694530267092,0.12231387541010211,0.00010785998873370201,0.0010785998873370198,0.0005583398022282739,-0.0010000073115496444,0.0012157272890170484,0.1931798311767215,99,0.8472139054521463,True,False,0.267963989860489,0.257963989860489,0.804727946887287,0.05543327187771145,0.8047464997629826,0.05540770484168201,1.8552875695733e-05,0.00018552875695733003,9.603940319608614e-05,-0.0001720101361387183,0.00020911588753018428,0.1931798311767214,99,0.8472139054521464,True,False,0.267963989860489,0.257963989860489,0.2828839095496065,0.048041871174748535,0.2828938720119373,0.04804988033261045,9.962462330671154e-06,9.962530612142328e-05,5.1571277143464195e-05,-9.236613998834278e-05,0.00011229106464968509,0.19317850715538717,99,0.8472149395330213,True,False,0.267963989860489,0.257963989860489,1.0,False,1.0,False,1.0,False,False
standardized,NR-AhR,MCF7,20,5,100,1111,22220,0.4727375450873674,0.1216850840117494,0.47224192255378283,0.1216933115009421,-0.0004956225335845068,0.004951711136052057,0.0025739840893386563,-0.005602965396563908,0.004611720329394895,-0.19255073706063544,99,0.8477052676114059,True,False,0.27020981043118836,0.26020981043118835,0.8129329963416879,0.04833436525429218,0.8129408459182877,0.04832954060693414,7.84957659977e-06,5.678242025328397e-05,2.9516472643560415e-05,-5.0717508768324876e-05,6.641666196786488e-05,0.26593884352514374,99,0.7908393552213357,True,False,0.27020981043118836,0.26020981043118835,0.2634563244636294,0.04290105000549937,0.2634624235716223,0.04289544504841922,6.0991079929152885e-06,6.86609540292407e-05,3.569113754300802e-05,-6.471985213854916e-05,7.691806812437975e-05,0.17088578321623485,99,0.8646623490174545,True,False,0.27020981043118836,0.26020981043118835,1.0,False,0.9902296560748227,False,0.9432680171099505,False,False
standardized,NR-Aromatase,HA1E,20,5,100,759,15180,0.38398484509695224,0.1479658966232113,0.3840930230327541,0.13426787586081593,0.00010817793580198964,0.059489181448758144,0.030930917355236506,-0.06126547260617239,0.061481828477776376,0.0034974047022137693,99,0.9972165182884261,True,False,0.2703395675471746,0.2603395675471746,0.7476790793441569,0.08045615327170648,0.7558286243081781,0.07994038928158483,0.008149544964021135,0.02434280769484717,0.012656845407299703,-0.016964382245767753,0.033263472173810024,0.6438843725878939,99,0.521139322043906,True,False,0.2703395675471746,0.2603395675471746,0.2562890269820713,0.05271105300935621,0.25446637243751696,0.051980183315884096,-0.0018226545445542406,0.006538659251588539,0.0033997228403478,-0.008568442234803592,0.004923133145695112,-0.5361185691148219,99,0.5930791651703045,True,False,0.2703395675471746,0.2603395675471746,1.0,False,1.0,False,1.0,False,False
standardized,NR-Aromatase,HEPG2,20,5,100,512,10240,0.34623242667024023,0.1288878057183471,0.3564462067456475,0.13338637458921196,0.010213780075407197,0.03938864511535028,0.020448049195759644,-0.030359585764102578,0.05078714591491697,0.49949899756331034,99,0.6185361817695909,True,False,0.2695018049439395,0.2595018049439395,0.7172167001569957,0.09087330932580377,0.7245100890104912,0.09146983289819098,0.007293388853495541,0.03001054001186556,0.015579540671095333,-0.023619799842810776,0.03820657754980186,0.4681388885249319,99,0.6407142900178917,True,False,0.2695018049439395,0.2595018049439395,0.2820617179441596,0.06236393557587248,0.2801783401173529,0.06206393354553682,-0.0018833778268066497,0.006834736344609337,0.003548155175313532,-0.008923687472247022,0.0051569318186337225,-0.5308048080620447,99,0.5967428180196016,True,False,0.2695018049439395,0.2595018049439395,1.0,False,1.0,False,1.0,False,False
standardized,NR-Aromatase,HT29,20,5,100,758,15160,0.3721073280941304,0.14255650589267094,0.3782585766216332,0.14276123413775008,0.006151248527502926,0.03240561216689283,0.016810417445556232,-0.02720426672990704,0.03950676378491289,0.36591884451560625,99,0.7152063817303913,True,False,0.2691017588859214,0.2591017588859214,0.7343394001166835,0.09092335031957274,0.739245875276249,0.09191203290705888,0.004906475159565543,0.016815060324541296,0.008722815726238219,-0.012401483669322852,0.022214433988453935,0.5624875399817139,99,0.5750553814152153,True,False,0.2691017588859214,0.2591017588859214,0.2572690497765226,0.053237612903641665,0.25583502840338485,0.05295067445820242,-0.001434021373137786,0.004256759671843415,0.0022081948855205958,-0.005815559097222527,0.0029475163509469554,-0.6494088825858804,99,0.5175779915647083,True,False,0.2691017588859214,0.2591017588859214,1.0,False,1.0,False,1.0,False,False
standardized,NR-Aromatase,MCF7,20,5,100,1021,20420,0.4088901861671656,0.12246224297533312,0.43097412377089156,0.12465671657711608,0.022083937603726005,0.04279082058040887,0.022334582657594512,-0.022232719910344874,0.06640059511779689,0.9887777149136351,99,0.3251824112908632,True,False,0.27242970097653735,0.26242970097653734,0.767198879001169,0.06288888560805277,0.7796542818263896,0.059438904657584085,0.012455402825220608,0.026964767135360845,0.014074205922174681,-0.015470875144582286,0.0403816807950235,0.8849808574703628,99,0.37831134499704167,True,False,0.27242970097653735,0.26242970097653734,0.2355003483135757,0.042731029001580975,0.23128816853923845,0.04283994868414378,-0.004212179774337255,0.00779715184499448,0.0040697077086569115,-0.012287362797539857,0.003863003248865348,-1.0350079356749091,99,0.30318681707848716,True,False,0.27242970097653735,0.26242970097653734,1.0,False,0.9902296560748227,False,0.885521981061957,False,False
standardized,NR-ER,HA1E,20,5,100,805,16100,0.4299342961467183,0.10899701806802282,0.4299342961467183,0.10899701806802282,0.0,0.0,0.0,,,,99,,False,True,0.26873404775750076,0.25873404775750075,0.685905082970616,0.06184587073842191,0.685905082970616,0.06184587073842191,0.0,0.0,0.0,,,,99,,False,True,0.26873404775750076,0.25873404775750075,0.41280445509567704,0.04930388693978413,0.41280445489168754,0.049303886873896134,-2.039895713457085e-10,1.022953891079462e-09,5.302948451338592e-10,,,,99,,False,True,0.26873404775750076,0.25873404775750075,1.0,False,1.0,False,1.0,False,False
standardized,NR-ER,HEPG2,20,5,100,540,10800,0.4774205001966495,0.12508519032021456,0.4774205001966495,0.12508519032021456,0.0,0.0,0.0,,,,99,,False,True,0.26762361834947307,0.25762361834947306,0.7241852479980383,0.0685393944013016,0.7241852479980383,0.0685393944013016,0.0,0.0,0.0,,,,99,,False,True,0.26762361834947307,0.25762361834947306,0.4164852696850406,0.06039200292056885,0.41648521667802113,0.06039193604825282,-5.3007019498174655e-08,5.298301408184989e-07,2.740935903799877e-07,-5.968681678300235e-07,4.90854128833674e-07,-0.19339021910249252,99,0.8470495926642556,True,False,0.26762361834947307,0.25762361834947306,1.0,False,1.0,False,1.0,False,False
standardized,NR-ER,HT29,20,5,100,799,15980,0.41937013384203103,0.10742052358568954,0.41937013384203103,0.10742052358568954,0.0,0.0,0.0,,,,99,,False,True,0.26858082494134755,0.25858082494134754,0.6731866133123156,0.0588172796385568,0.6731866133123156,0.0588172796385568,0.0,0.0,0.0,,,,99,,False,True,0.26858082494134755,0.25858082494134754,0.41402084896659935,0.051065997792402826,0.41402084824268237,0.05106599744633812,-7.239170440875852e-10,9.50012870424993e-10,4.923421192401111e-10,,,,99,,False,True,0.26858082494134755,0.25858082494134754,1.0,False,1.0,False,1.0,False,False
standardized,NR-ER,MCF7,20,5,100,1067,21340,0.40227332770934887,0.10062531593122163,0.40206984770649684,0.10067778689137633,-0.000203480002852068,0.003848112541829431,0.0020086425590487345,-0.004189062618038347,0.003782102612334211,-0.10130224610417163,99,0.9195154182654451,True,False,0.2724644156729272,0.26246441567292716,0.6638703501797526,0.06893052479720357,0.664096988122468,0.06884745123147068,0.00022663794271539202,0.0016874882309659866,0.0008808372005151156,-0.0015211341620661528,0.0019744100474969367,0.2572983322943827,99,0.7974825061818689,True,False,0.2724644156729272,0.26246441567292716,0.3833400064602578,0.03315984774991256,0.38334899988578663,0.033157629264616725,8.993425528840205e-06,6.932962954443011e-05,3.6188766048879644e-05,-6.281293751952868e-05,8.079978857720909e-05,0.24851429077998724,99,0.8042513047583814,True,False,0.2724644156729272,0.26246441567292716,1.0,False,0.9902296560748227,False,0.9432680171099505,False,False
standardized,NR-ER-LBD,HA1E,20,5,100,907,18140,0.38487597352053166,0.17828793529162806,0.3839035686471437,0.17927365738468076,-0.000972404873387915,0.00972404873387915,0.00503266792378742,-0.010958309879080922,0.009013500132305091,-0.19321856480769253,99,0.8471836540132325,True,False,0.2678565656285556,0.2578565656285556,0.7666036947015509,0.11610485000833894,0.7662373943352505,0.1164775927362771,-0.000366300366300366,0.0036630036630036595,0.0018957824609914637,-0.004127944061772477,0.0033953433291717444,-0.19321856480769253,99,0.8471836540132325,True,False,0.2678565656285556,0.2578565656285556,0.20193585296568345,0.04138226425563786,0.20210612948156256,0.041697776025160324,0.0001702765158790401,0.0017027642689860924,0.0008812632837226733,-0.0015783410304256941,0.0019188940621837742,0.19321866577687222,99,0.8471835751553686,True,False,0.2678565656285556,0.2578565656285556,1.0,False,1.0,False,1.0,False,False
standardized,NR-ER-LBD,HEPG2,20,5,100,620,12400,0.4038819995063205,0.206906643529976,0.4038819995063205,0.206906643529976,0.0,0.0,0.0,,,,99,,False,True,0.26572684578114797,0.25572684578114796,0.7783728358646763,0.11681143807870364,0.7783728358646763,0.11681143807870364,0.0,0.0,0.0,,,,99,,False,True,0.26572684578114797,0.25572684578114796,0.20794564430254134,0.04635663159537501,0.20794564439694646,0.04635663163239565,9.440520809533837e-11,2.3628861837713577e-10,1.2180371070329317e-10,,,,99,,False,True,0.26572684578114797,0.25572684578114796,1.0,False,1.0,False,1.0,False,False
standardized,NR-ER-LBD,HT29,20,5,100,902,18040,0.3973473594505805,0.16744088092206952,0.39773080471582334,0.1675328087559582,0.00038344526524276596,0.0038344526524276596,0.001981322436888028,-0.0035479283004349518,0.004314818830920483,0.193529966704978,99,0.8469404536382787,True,False,0.26699526298538073,0.2569952629853807,0.7695610972196417,0.10175297878109756,0.7695279339543356,0.10176113437459658,-3.3163265306122e-05,0.00033163265306122,0.00017135984607839528,-0.0003731783767027926,0.00030685184609054855,-0.19352996670497805,99,0.8469404536382787,True,False,0.26699526298538073,0.2569952629853807,0.20078549777280416,0.04421099731485624,0.20078052900093893,0.0442110135862882,-4.9687718651575385e-06,4.968342620237257e-05,2.5672213481083906e-05,-5.590801303707396e-05,4.5970469306758875e-05,-0.1935466869196412,99,0.8469273958110348,True,False,0.26699526298538073,0.2569952629853807,1.0,False,1.0,False,1.0,False,False
standardized,NR-ER-LBD,MCF7,20,5,100,1194,23880,0.3789690768086072,0.1648317777863008,0.41809912992529846,0.1716705477429314,0.03913005311669134,0.09204440943642773,0.047756870051414664,-0.055629937990322974,0.13389004422370565,0.8193596664639923,99,0.4145493966833683,True,False,0.2692011310509071,0.2592011310509071,0.7817026213561238,0.09961079538517706,0.7967872931233295,0.09287277088058629,0.015084671767205866,0.049280768247351475,0.02556912755084961,-0.03565002455447762,0.06581936808888934,0.5899564518659001,99,0.5565639912753403,True,False,0.2692011310509071,0.2592011310509071,0.1760195038422969,0.038570879594768875,0.17075139515087615,0.03852647970458452,-0.0052681086914207285,0.008810341367111856,0.004571210031700688,-0.014338381125227777,0.00380216374238632,-1.1524538699572209,99,0.2519098392805896,True,False,0.2692011310509071,0.2592011310509071,1.0,False,0.9902296560748227,False,0.885521981061957,False,False
standardized,NR-PPAR-gamma,HA1E,20,5,100,811,16220,0.2354470138584288,0.15933528446013848,0.2354297553673758,0.15934244846088544,-1.7258491053023e-05,0.00017258491053022995,8.945609024689148e-05,-0.00019475878173659563,0.0001602417996305496,-0.1929269545023819,99,0.8474114108386546,True,False,0.2686669113551219,0.2586669113551219,0.7060890414091295,0.127559558562157,0.7055350845745972,0.12781674760654593,-0.000553956834532374,0.00553956834532374,0.002871329389722653,-0.006251297282985143,0.005143383613920395,-0.1929269545023818,99,0.8474114108386546,True,False,0.2686669113551219,0.2586669113551219,0.16491606046310037,0.043436139904369446,0.16490750504949453,0.04341619465446603,-8.555413605806954e-06,0.00010322043622538629,5.350234055766011e-05,-0.00011471566468570666,9.760483747409276e-05,-0.1599072772636308,99,0.8732799230215448,True,False,0.2686669113551219,0.2586669113551219,1.0,False,1.0,False,1.0,False,False
standardized,NR-PPAR-gamma,HEPG2,20,5,100,552,11040,0.2997687340918427,0.22399964731623853,0.29930961810851775,0.22407644609066438,-0.00045911598332497197,0.004828572168342049,0.0025019016523402608,-0.0054234316529061,0.004505199686256156,-0.18350680687049317,99,0.8547756967435854,True,False,0.2684744827204268,0.2584744827204268,0.6919069380243417,0.15798155185394291,0.6903390435852488,0.15774237705074828,-0.0015678944390930091,0.023187667334658758,0.012014579299208987,-0.02540742634982879,0.022271637471642774,-0.13049932087062224,99,0.8964361968407615,True,False,0.2684744827204268,0.2584744827204268,0.147161994158658,0.05003370074559069,0.14731318385254213,0.050245902829179116,0.00015118969388416622,0.0013599254868431167,0.0007046389085576583,-0.001246966773168516,0.0015493461609368483,0.21456336294803804,99,0.8305491042775096,True,False,0.2684744827204268,0.2584744827204268,1.0,False,1.0,False,1.0,False,False
standardized,NR-PPAR-gamma,HT29,20,5,100,803,16060,0.1930836063988792,0.12669383607282383,0.19241018407470342,0.1261624536087347,-0.000673422324175764,0.011144415535169266,0.005779514789574705,-0.012141233541145031,0.010794388892793503,-0.11651883396691143,99,0.9074774021497631,True,False,0.26894790449820716,0.25894790449820715,0.6827625941281221,0.13626651754252347,0.6792566699740371,0.1369937788625891,-0.003505924154085055,0.026300774066566533,0.013639630738398825,-0.03056991067753489,0.023558062369364783,-0.25703952118110057,99,0.7976817224765568,True,False,0.26894790449820716,0.25894790449820715,0.15353595196724354,0.04375368503490322,0.15360793997356179,0.0438374216576772,7.198800631826707e-05,0.001272498610493437,0.0006599201650235646,-0.001237436771763897,0.0013814127844004314,0.10908593210770653,99,0.9133551369237796,True,False,0.26894790449820716,0.25894790449820715,1.0,False,1.0,False,1.0,False,False
standardized,NR-PPAR-gamma,MCF7,20,5,100,1073,21460,0.2224564393669107,0.1776692551149154,0.2224564393669107,0.1776692551149154,0.0,0.0,0.0,,,,99,,False,True,0.27311906064040864,0.26311906064040863,0.7190353944209796,0.12842159911201745,0.7190353944209796,0.12842159911201745,0.0,0.0,0.0,,,,99,,False,True,0.27311906064040864,0.26311906064040863,0.1346712713615079,0.035436279960576744,0.13467127125791717,0.035436279948700605,-1.0359072794008384e-10,1.218085090543736e-10,6.365809418825461e-11,,,,99,,False,True,0.27311906064040864,0.26311906064040863,1.0,False,1.0,False,1.0,False,False
standardized,SR-ARE,HA1E,20,5,100,690,13800,0.47402457607560744,0.1049283361407824,0.4787010232474711,0.10364263469835208,0.004676447171863722,0.01649976405453158,0.00859406983511512,-0.012376051877421131,0.021728946221148574,0.544148146522605,99,0.5875629903796113,True,False,0.2712953119390802,0.2612953119390802,0.7521276108938479,0.058474416836062505,0.7546428015491712,0.05787927883329909,0.002515190655323155,0.008443652306442711,0.004397962137226429,-0.006211320369454881,0.011241701680101192,0.5718991152819151,99,0.5686866150033844,True,False,0.2712953119390802,0.2612953119390802,0.4490503589046975,0.060495502428011085,0.4470559840431617,0.05968622736895081,-0.001994374861535753,0.004925947250532679,0.0025657296998464864,-0.007085339224960435,0.0030965895018889296,-0.7773129264766593,99,0.4388276733372586,True,False,0.2712953119390802,0.2612953119390802,1.0,False,1.0,False,1.0,False,False
standardized,SR-ARE,HEPG2,20,5,100,451,9020,0.4518351653424824,0.125296077646013,0.5530371507655053,0.13153030498408025,0.10120198542302272,0.06667393061340761,0.03459092447697493,0.03256608670745245,0.169837884138593,2.9256802746161563,99,0.004262332688687774,True,False,0.2691610542962479,0.2591610542962479,0.7052855846594884,0.06989556748053118,0.7595846124802855,0.06794589956729855,0.05429902782079706,0.03942624785906187,0.02045462671176395,0.013712610762532725,0.09488544487906139,2.65460859227357,99,0.009252924174774614,True,False,0.2691610542962479,0.2591610542962479,0.4911612172464869,0.06818299550184702,0.4573000446054514,0.0680800956246588,-0.03386117264103548,0.02329989124077563,0.01208815455780743,-0.057846693827093926,-0.009875651454977027,-2.8011862753000134,99,0.006124166564874657,True,False,0.2691610542962479,0.2591610542962479,0.05114799226425329,False,0.10166081560128643,False,0.03674499938924794,False,True
standardized,SR-ARE,HT29,20,5,100,682,13640,0.45090270771754065,0.09917189666234875,0.45204602828345974,0.09781515414073275,0.0011433205659190828,0.015588732740574505,0.008118226758114919,-0.014965002583723918,0.017251643715562082,0.14083378057606338,99,0.8882874174884303,True,False,0.27120689896035843,0.2612068989603584,0.7400795017603456,0.05087393857316925,0.7404615216977709,0.05183294405347648,0.00038201993742500995,0.013042099259755536,0.006792002977699144,-0.013094787505623082,0.013858827380473102,0.05624554916706218,99,0.9552595559028176,True,False,0.27120689896035843,0.2612068989603584,0.4409807986900612,0.05589022736001841,0.44015163079293596,0.055556645348175955,-0.0008291678971253516,0.005226085266424836,0.002721616051550619,-0.006229444602110219,0.004571108807859515,-0.3046601289160313,99,0.7612645438548958,True,False,0.27120689896035843,0.2612068989603584,1.0,False,1.0,False,1.0,False,False
standardized,SR-ARE,MCF7,20,5,100,923,18460,0.45226913234982014,0.10691557800336976,0.4591151738301088,0.109048744710646,0.006846041480288682,0.02128595741979992,0.011162911065086793,-0.015303595883240376,0.02899567884381774,0.6132846029473812,99,0.5410946259946955,True,False,0.27502270630709574,0.26502270630709573,0.7574700320851996,0.05481394198229668,0.76179850741666,0.054411784566991125,0.0043284753314603375,0.010427807472061887,0.005468614125207083,-0.006522441517035381,0.015179392179956057,0.7915122976968921,99,0.43053741968417214,True,False,0.27502270630709574,0.26502270630709573,0.4161204117521659,0.05142555616846067,0.41328478115950795,0.05168971272380559,-0.002835630592657873,0.005991078773770679,0.0031418779158752987,-0.009069798012908411,0.003398536827592666,-0.9025273000997214,99,0.3689674921091487,True,False,0.27502270630709574,0.26502270630709573,1.0,False,0.9902296560748227,False,0.885521981061957,False,False
standardized,SR-ATAD5,HA1E,20,5,100,911,18220,0.2949817430590666,0.10876010332931399,0.29320833684069203,0.11521936202392173,-0.0017734062183745846,0.025651251179311756,0.013262314255868173,-0.028088714981103474,0.024541902544354306,-0.13371770447905848,99,0.8938972520427654,True,False,0.2673138877721062,0.2573138877721062,0.8474501260374171,0.06518939324242776,0.8446517326540897,0.06627614303456003,-0.0027983933833275756,0.01649381723126382,0.008527700495806517,-0.01971920126449586,0.014122414497840711,-0.32815333801927976,99,0.7434887551975917,True,False,0.2673138877721062,0.2573138877721062,0.1884216600359206,0.04558300296152135,0.18819584766601472,0.045194579486156,-0.00022581236990593952,0.0029995580301289226,0.0015508436974944481,-0.003303022723614827,0.0028513979838029483,-0.14560614346291845,99,0.8845283701999385,True,False,0.2673138877721062,0.2573138877721062,1.0,False,1.0,False,1.0,False,False
standardized,SR-ATAD5,HEPG2,20,5,100,619,12380,0.37221708030435807,0.1516972442355956,0.36793021767206413,0.15232357797717874,-0.004286862632293931,0.03592516862775015,0.01854095600782665,-0.04107614184020032,0.03250241657561245,-0.23121044192566598,99,0.8176285002793368,True,False,0.2663585341976172,0.25635853419761717,0.8672252372093654,0.07130964321816408,0.8650046151823794,0.077550314101638,-0.002220622026986118,0.021131573459294423,0.010905991227061136,-0.0238604746927258,0.019419230638753567,-0.203614873765538,99,0.8390724166327628,True,False,0.2663585341976172,0.25635853419761717,0.1780988831446338,0.045689484632393654,0.17780578774205083,0.04517350174115577,-0.00029309540258299087,0.003320064041896343,0.0017134828783077116,-0.0036930171758410416,0.0031068263706750597,-0.1710524256142325,99,0.8645316662247623,True,False,0.2663585341976172,0.25635853419761717,1.0,False,1.0,False,1.0,False,False
standardized,SR-ATAD5,HT29,20,5,100,903,18060,0.3068238291253308,0.12955055332287974,0.31573180420420605,0.12743255543795337,0.008907975078875231,0.04474782904677384,0.023132069148542274,-0.03699106864913337,0.05480701880688383,0.3850920132424293,99,0.7009953516556193,True,False,0.2672298840529518,0.2572298840529518,0.8507090579414581,0.06700863786333679,0.8479577302309133,0.07410697143819575,-0.002751327710544823,0.0325492376354515,0.016826094846491384,-0.03613795033264591,0.03063529491155627,-0.16351552369375455,99,0.870445894550369,True,False,0.2672298840529518,0.2572298840529518,0.18943055843803236,0.03981724915406098,0.18904743200999616,0.04020129611326499,-0.0003831264280362577,0.005539015841273052,0.0028633544952822005,-0.006064642955753788,0.005298390099681273,-0.13380335151219142,99,0.8938297010651882,True,False,0.2672298840529518,0.2572298840529518,1.0,False,1.0,False,1.0,False,False
standardized,SR-ATAD5,MCF7,20,5,100,1196,23920,0.25359296432389394,0.1006442123336433,0.2603304637967199,0.10188705565650612,0.0067374994728260276,0.02962119884178143,0.015398616301537393,-0.023816696022462405,0.03729169496811446,0.4375392789125707,99,0.6626733427010023,True,False,0.27024528903218437,0.26024528903218436,0.8292673242172255,0.06454416861772616,0.8302831580434231,0.06577503928971966,0.0010158338261975462,0.016813111521123594,0.008740316505473673,-0.01632685034551445,0.01835851799790954,0.11622391769924745,99,0.9077105180685876,True,False,0.27024528903218437,0.26024528903218436,0.16930582818040185,0.037694721084356744,0.16859427023765078,0.03712238015604459,-0.0007115579427510281,0.0033875225141135764,0.0017610077055381307,-0.004205779283817198,0.0027826633983151416,-0.40406293539390814,99,0.6870379788685763,True,False,0.27024528903218437,0.26024528903218436,1.0,False,0.9902296560748227,False,0.9432680171099505,False,False
standardized,SR-HSE,HA1E,20,5,100,814,16280,0.23371040306769364,0.09357535324311674,0.24841778774988854,0.08996470081643362,0.014707384682194919,0.04801545604714206,0.0248854387404562,-0.03467072471234915,0.064085494076739,0.591003632107364,99,0.555864918508837,True,False,0.2686139032367394,0.2586139032367394,0.7580178161401016,0.0754755379189984,0.7626102136709234,0.07514673592100166,0.0045923975308219695,0.04476623166977135,0.023201431529993218,-0.041444276210258604,0.05062907127190254,0.19793595601569813,99,0.8435010364653333,True,False,0.2686139032367394,0.2586139032367394,0.23174549868128527,0.04904849748671047,0.22888654903326622,0.049182804558294636,-0.0028589496480190503,0.005435869417911965,0.002817301063802333,-0.008449086176319086,0.0027311868802809844,-1.0147831499983557,99,0.3126828833139532,True,False,0.2686139032367394,0.2586139032367394,1.0,False,1.0,False,1.0,False,False
standardized,SR-HSE,HEPG2,20,5,100,547,10940,0.2685002852062706,0.16972013293492386,0.25199202004299504,0.14932430885895448,-0.016508265163275627,0.09647350146851998,0.0499776454317977,-0.11567475642553911,0.08265822609898786,-0.33031298334779957,99,0.7418614709231122,True,False,0.26837094811835666,0.25837094811835665,0.7421598049407468,0.12683135338645946,0.7547502819839904,0.11763966115167437,0.012590477043243554,0.048948655682338804,0.02535762173878738,-0.03772454586080344,0.06290549994729056,0.4965164782778103,99,0.620630754736149,True,False,0.26837094811835666,0.25837094811835665,0.21161158857053158,0.05989107524501271,0.21108727711196607,0.05945238438175232,-0.0005243114585655074,0.0038728629573641553,0.002006318509671261,-0.00450528265558086,0.0034566597384498455,-0.2613301208348104,99,0.7943808293939507,True,False,0.26837094811835666,0.25837094811835665,1.0,False,1.0,False,1.0,False,False
standardized,SR-HSE,HT29,20,5,100,806,16120,0.25380517519648943,0.12721665947650854,0.25081939427513855,0.12571010514934264,-0.002985780921350889,0.025914543087196738,0.013453796258177376,-0.029681031518970523,0.023709469676268746,-0.22192850731897298,99,0.8248266974052029,True,False,0.2695271884999238,0.2595271884999238,0.7534363259894277,0.07792410903524627,0.752935139924681,0.0779163000061382,-0.0005011860647466021,0.007700953329069813,0.003998027545167326,-0.008434140092466257,0.007431767962973052,-0.12535833209864153,99,0.9004940859262085,True,False,0.2695271884999238,0.2595271884999238,0.22931970655006664,0.054149163508503566,0.229244400916894,0.05413863742185582,-7.530563317269022e-05,0.0006217062208604251,0.0003227650512591916,-0.000715741519235747,0.0005651302528903667,-0.23331408676033258,99,0.8159992551037432,True,False,0.2695271884999238,0.2595271884999238,1.0,False,1.0,False,1.0,False,False
standardized,SR-HSE,MCF7,20,5,100,1077,21540,0.24770508835713603,0.11011616311995814,0.24506650560215923,0.10552625272224493,-0.00263858275497684,0.0316685116603313,0.016521186628499572,-0.035420201322284274,0.030143035812330597,-0.1597090338792736,99,0.8734356777136253,True,False,0.27216179969104026,0.26216179969104025,0.7724076858313924,0.07700738888785458,0.770137352893054,0.07414851195682386,-0.002270332938338463,0.028992360675316204,0.015125061974973151,-0.03228173730169959,0.02774107142502266,-0.15010404202608188,99,0.8809879226266872,True,False,0.27216179969104026,0.26216179969104025,0.22174087665440595,0.045737741195008,0.22116614665955,0.04569691025397119,-0.0005747299948559583,0.0025336605952458427,0.0013217886585988666,-0.0031974454575597524,0.0020479854678478356,-0.4348123212565527,99,0.6646450039268255,True,False,0.27216179969104026,0.26216179969104025,1.0,False,0.9902296560748227,False,0.9432680171099505,False,False
standardized,SR-MMP,HA1E,20,5,100,723,14460,0.5877024030860306,0.0953908491323498,0.6462338768624327,0.09321687790365163,0.05853147377640203,0.04026785910186429,0.020983129381634553,0.01689639276166284,0.10016655479114121,2.7894539804740277,99,0.006333399420545795,True,False,0.27153351169942647,0.26153351169942646,0.8245899083154089,0.046452992418943295,0.8529366550995094,0.0406380562010971,0.02834674678410046,0.025055808633960546,0.013056300634158361,0.0024402137418098775,0.05425327982639104,2.171116273926681,99,0.0323121602587197,True,False,0.27153351169942647,0.26153351169942646,0.3693696022326893,0.05443870826158363,0.3449225009264731,0.05208320075965762,-0.02444710130621612,0.016551319774194002,0.008624706950031029,-0.04156039103826244,-0.0073338115741698046,-2.8345428369746717,99,0.005563343438742039,True,False,0.27153351169942647,0.26153351169942646,0.07600079304654954,False,0.3877459231046364,False,0.06676012126490447,False,False
standardized,SR-MMP,HEPG2,20,5,100,495,9900,0.6155897273647046,0.11707882960381079,0.6860393421543346,0.11653329341781153,0.07044961478963001,0.05442810005790102,0.028305732754458232,0.014284900033359423,0.1266143295459006,2.488881506822465,99,0.014482630190106663,True,False,0.27045963339253226,0.26045963339253225,0.8157185304249641,0.056221541266445255,0.8561301665824408,0.05594000551228739,0.04041163615747636,0.031990894486722446,0.01663709938347897,0.00740002153684273,0.07342325077810999,2.429007318283262,99,0.016943469266881072,True,False,0.27045963339253226,0.26045963339253225,0.4049437771100126,0.05264615402672979,0.36660842492093637,0.05435608442389318,-0.038335352189076195,0.025878548061735458,0.013458328781082494,-0.06503959629547726,-0.011631108082675125,-2.848448184960508,99,0.005343766936697678,True,False,0.27045963339253226,0.26045963339253225,0.08689578114063998,False,0.10166081560128643,False,0.03674499938924794,False,True
standardized,SR-MMP,HT29,20,5,100,717,14340,0.5631671131601228,0.10542513807461698,0.6425872768757418,0.11096146223696694,0.07942016371561894,0.04866110116514861,0.02533969618928603,0.02914070899075763,0.12969961844048025,3.1342192551305676,99,0.0022676825650382133,True,False,0.27116831485694,0.26116831485694,0.8258021099250726,0.04574360987033739,0.8696567805458056,0.03870265452931833,0.04385467062073303,0.031371164453151995,0.016336164971875712,0.011440175160894885,0.07626916608057119,2.684514431400092,99,0.008516302983566357,True,False,0.27116831485694,0.26116831485694,0.3627087755874249,0.047726984903158916,0.329295173617659,0.042523264652715546,-0.03341360196976597,0.020591732650001044,0.010722902623825872,-0.054690167125338196,-0.012137036814193744,-3.116096745625783,99,0.00239832548477096,True,False,0.27116831485694,0.26116831485694,0.02721219078045856,True,0.10219563580279628,False,0.02877990581725152,False,True
standardized,SR-MMP,MCF7,20,5,100,958,19160,0.5270626901233163,0.08441164456501918,0.6350226971551362,0.09081731803937432,0.10796000703181989,0.05395353662027875,0.02827232583458979,0.051861578852249964,0.16405843521138982,3.818575368133886,99,0.00023416110720010438,True,False,0.27458906570395386,0.26458906570395385,0.8329293820572252,0.03481443976367884,0.8750678039498543,0.037573051605673355,0.042138421892629195,0.02457992615523593,0.012880187746391254,0.016581335027625252,0.06769550875763314,3.27156891827415,99,0.0014727369920663916,True,False,0.27458906570395386,0.26458906570395385,0.3407478181480322,0.05002947614765182,0.30460317510068335,0.047533061311912386,-0.03614464304734886,0.018703025505413837,0.009800618537820913,-0.055591196485363356,-0.016698089609334364,-3.687996110435834,99,0.00036936861623163334,True,False,0.27458906570395386,0.26458906570395385,0.0028099332864012527,True,0.0176728439047967,True,0.0044324233947796,False,True
standardized,SR-p53,HA1E,20,5,100,884,17680,0.3614453829841328,0.09522627770299961,0.4043344345705722,0.10820106984809162,0.04288905158643938,0.06098437045502071,0.0315816290747249,-0.019775752179889236,0.105553855352768,1.3580379747023223,99,0.17753865306623393,True,False,0.2681834460896019,0.25818344608960186,0.7791542235246817,0.05570468557130443,0.7987502498694026,0.057897718323100325,0.019596026344720706,0.026098960566285093,0.013515720268822244,-0.007222094924525881,0.046414147613967296,1.4498691860266133,99,0.1502556722557792,True,False,0.2681834460896019,0.25818344608960186,0.29580206747996085,0.04777220692355719,0.28583155633140117,0.04514716882204049,-0.009970511148559702,0.01299146125550901,0.006727814150557768,-0.023319954032696412,0.003378931735577009,-1.4819837357922705,99,0.14152073888184705,True,False,0.2681834460896019,0.25818344608960186,1.0,False,0.9015340335346753,False,0.8491244332910823,False,False
standardized,SR-p53,HEPG2,20,5,100,603,12060,0.3440235497951706,0.11550507351814128,0.3946017996860944,0.11932972473604875,0.0505782498909239,0.07256806329793164,0.037495397230769126,-0.023820752897919913,0.12497725267976773,1.348918897421864,99,0.1804403824135611,True,False,0.266971469718678,0.256971469718678,0.7668417118553178,0.06283906047840586,0.795689555262531,0.0648211426386532,0.02884784340721304,0.03698802122984126,0.019111444976822867,-0.009073409683624356,0.06676909649805043,1.5094538085528253,99,0.1343678905283219,True,False,0.266971469718678,0.256971469718678,0.3137315390883561,0.07260273090506099,0.3023660797789511,0.07183982639917515,-0.011365459309404953,0.01656476597979668,0.008558895638391798,-0.02834816512129569,0.005617246502485783,-1.327911893027884,99,0.1872607741632478,True,False,0.266971469718678,0.256971469718678,0.7217615296542444,False,0.5374715621132876,False,0.7490430966529912,False,False
standardized,SR-p53,HT29,20,5,100,877,17540,0.33803477582321667,0.11426939577558286,0.4273655367447195,0.15986874150842825,0.08933076092150284,0.09357414248252251,0.048408124639089986,-0.006721460578124644,0.18538298242113033,1.8453671070200366,99,0.06797307659819449,True,False,0.2676238440368418,0.2576238440368418,0.7717349119518451,0.07364524448815737,0.8019622048824973,0.07782581362023644,0.030227292930651836,0.03314682500382712,0.017147639226029406,-0.003797343499990939,0.06425192936129462,1.762767021874828,99,0.08102575648033097,True,False,0.2676238440368418,0.2576238440368418,0.2910923780567512,0.0530935873198574,0.27325691830715804,0.048754502148078326,-0.017835459749593108,0.018973419332961663,0.009815400104481602,-0.037311343022745594,0.0016404235235593818,-1.8170894267926618,99,0.07222873683065875,True,False,0.2676238440368418,0.2576238440368418,0.4078384595891669,False,0.48615453888198584,False,0.4333724209839525,False,False
standardized,SR-p53,MCF7,20,5,100,1158,23160,0.2950761908088222,0.09117137647691494,0.39652859130600476,0.1270337760252632,0.10145240049718252,0.08946576204828786,0.046590135916230985,0.009007463039103478,0.19389733795526154,2.1775510738924186,99,0.031815112926932024,True,False,0.27119034513791457,0.26119034513791456,0.7566959657039738,0.060870795259546744,0.79968918366481,0.06700492043008086,0.04299321796083602,0.03868421421558026,0.02014516790393751,0.003020834314854573,0.08296560160681747,2.1341702469718657,99,0.035298706645823304,True,False,0.27119034513791457,0.26119034513791456,0.2730450919684176,0.046748286699815504,0.2562164806138289,0.04425913986688071,-0.016828611354588657,0.013909820926706895,0.007243669899060681,-0.031201623959438048,-0.0024555987497392653,-2.3232162134791507,99,0.02221346870961122,True,False,0.27119034513791457,0.26119034513791456,0.19089067756159214,False,0.21179223987493984,False,0.13328081225766733,False,False
