family,variant,task,cell,n_outer_folds,lambda_mode,lambda_log10_q1,lambda_log10_median,lambda_log10_q3,lambda_geometric_median,lambda_minimum,lambda_maximum,n_unique_lambda,one_se_stronger_n,one_se_stronger_pct,lower_boundary_n,lower_boundary_pct,upper_boundary_n,upper_boundary_pct,saturated_no_bio_signal_n,saturated_no_bio_signal_pct,all_final_fits_successful,lambda_selected_display
NR,residualized,NR-AR,HA1E,100,100000000.0,8.0,8.0,8.0,100000000.0,0.3162277660168379,100000000.0,4,92,92.0,0,0.0,96,96.0,88,88.0,True,"1e+8 [1e+8, 1e+8]"
NR,residualized,NR-AR,HEPG2,100,100000000.0,8.0,8.0,8.0,100000000.0,100000000.0,100000000.0,1,26,26.0,0,0.0,100,100.0,26,26.0,True,"1e+8 [1e+8, 1e+8]"
NR,residualized,NR-AR,HT29,100,100000000.0,8.0,8.0,8.0,100000000.0,100000000.0,100000000.0,1,62,62.0,0,0.0,100,100.0,62,62.0,True,"1e+8 [1e+8, 1e+8]"
NR,residualized,NR-AR,MCF7,100,100000000.0,8.0,8.0,8.0,100000000.0,3.162277660168379,100000000.0,2,82,82.0,0,0.0,99,99.0,81,81.0,True,"1e+8 [1e+8, 1e+8]"
NR,residualized,NR-AR-LBD,HA1E,100,100000000.0,8.0,8.0,8.0,100000000.0,10.0,100000000.0,2,72,72.0,0,0.0,98,98.0,70,70.0,True,"1e+8 [1e+8, 1e+8]"
NR,residualized,NR-AR-LBD,HEPG2,100,100000000.0,8.0,8.0,8.0,100000000.0,1.0,100000000.0,3,74,74.0,0,0.0,98,98.0,72,72.0,True,"1e+8 [1e+8, 1e+8]"
NR,residualized,NR-AR-LBD,HT29,100,100000000.0,8.0,8.0,8.0,100000000.0,1.0,100000000.0,3,97,97.0,0,0.0,98,98.0,95,95.0,True,"1e+8 [1e+8, 1e+8]"
NR,residualized,NR-AR-LBD,MCF7,100,100000000.0,8.0,8.0,8.0,100000000.0,0.0999999999999999,100000000.0,6,97,97.0,0,0.0,87,87.0,85,85.0,True,"1e+8 [1e+8, 1e+8]"
NR,residualized,NR-AhR,HA1E,100,100000000.0,8.0,8.0,8.0,100000000.0,1.0,100000000.0,4,88,88.0,0,0.0,95,95.0,83,83.0,True,"1e+8 [1e+8, 1e+8]"
NR,residualized,NR-AhR,HEPG2,100,100000000.0,8.0,8.0,8.0,100000000.0,0.3162277660168379,100000000.0,6,95,95.0,0,0.0,88,88.0,86,86.0,True,"1e+8 [1e+8, 1e+8]"
NR,residualized,NR-AhR,HT29,100,100000000.0,8.0,8.0,8.0,100000000.0,3.162277660168379,100000000.0,3,66,66.0,0,0.0,98,98.0,64,64.0,True,"1e+8 [1e+8, 1e+8]"
NR,residualized,NR-AhR,MCF7,100,100000000.0,8.0,8.0,8.0,100000000.0,0.3162277660168379,100000000.0,3,90,90.0,0,0.0,97,97.0,88,88.0,True,"1e+8 [1e+8, 1e+8]"
NR,residualized,NR-Aromatase,HA1E,100,100000000.0,6.5,8.0,8.0,100000000.0,0.3162277660168379,100000000.0,7,98,98.0,0,0.0,75,75.0,74,74.0,True,"1e+8 [3.16e+06, 1e+8]"
NR,residualized,NR-Aromatase,HEPG2,100,100000000.0,1.875,8.0,8.0,100000000.0,0.3162277660168379,100000000.0,7,96,96.0,0,0.0,74,74.0,71,71.0,True,"1e+8 [75, 1e+8]"
NR,residualized,NR-Aromatase,HT29,100,100000000.0,8.0,8.0,8.0,100000000.0,0.3162277660168379,100000000.0,5,94,94.0,0,0.0,86,86.0,81,81.0,True,"1e+8 [1e+8, 1e+8]"
NR,residualized,NR-Aromatase,MCF7,100,100000000.0,1.25,8.0,8.0,100000000.0,0.0999999999999999,100000000.0,6,98,98.0,0,0.0,74,74.0,75,75.0,True,"1e+8 [17.8, 1e+8]"
NR,residualized,NR-ER,HA1E,100,100000000.0,8.0,8.0,8.0,100000000.0,100000000.0,100000000.0,1,74,74.0,0,0.0,100,100.0,74,74.0,True,"1e+8 [1e+8, 1e+8]"
NR,residualized,NR-ER,HEPG2,100,100000000.0,8.0,8.0,8.0,100000000.0,100000000.0,100000000.0,1,48,48.0,0,0.0,100,100.0,48,48.0,True,"1e+8 [1e+8, 1e+8]"
NR,residualized,NR-ER,HT29,100,100000000.0,8.0,8.0,8.0,100000000.0,100.0,100000000.0,2,93,93.0,0,0.0,99,99.0,92,92.0,True,"1e+8 [1e+8, 1e+8]"
NR,residualized,NR-ER,MCF7,100,100000000.0,8.0,8.0,8.0,100000000.0,1.0,100000000.0,2,92,92.0,0,0.0,99,99.0,91,91.0,True,"1e+8 [1e+8, 1e+8]"
NR,residualized,NR-ER-LBD,HA1E,100,100000000.0,8.0,8.0,8.0,100000000.0,1.0,100000000.0,2,30,30.0,0,0.0,99,99.0,29,28.999999999999996,True,"1e+8 [1e+8, 1e+8]"
NR,residualized,NR-ER-LBD,HEPG2,100,100000000.0,8.0,8.0,8.0,100000000.0,100000000.0,100000000.0,1,42,42.0,0,0.0,100,100.0,42,42.0,True,"1e+8 [1e+8, 1e+8]"
NR,residualized,NR-ER-LBD,HT29,100,100000000.0,8.0,8.0,8.0,100000000.0,100000000.0,100000000.0,1,99,99.0,0,0.0,100,100.0,99,99.0,True,"1e+8 [1e+8, 1e+8]"
NR,residualized,NR-ER-LBD,MCF7,100,100000000.0,8.0,8.0,8.0,100000000.0,0.0999999999999999,100000000.0,4,97,97.0,0,0.0,90,90.0,88,88.0,True,"1e+8 [1e+8, 1e+8]"
NR,residualized,NR-PPAR-gamma,HA1E,100,100000000.0,8.0,8.0,8.0,100000000.0,100000000.0,100000000.0,1,71,71.0,0,0.0,100,100.0,71,71.0,True,"1e+8 [1e+8, 1e+8]"
NR,residualized,NR-PPAR-gamma,HEPG2,100,100000000.0,8.0,8.0,8.0,100000000.0,100000000.0,100000000.0,1,63,63.0,0,0.0,100,100.0,63,63.0,True,"1e+8 [1e+8, 1e+8]"
NR,residualized,NR-PPAR-gamma,HT29,100,100000000.0,8.0,8.0,8.0,100000000.0,0.0999999999999999,100000000.0,4,71,71.0,0,0.0,96,96.0,67,67.0,True,"1e+8 [1e+8, 1e+8]"
NR,residualized,NR-PPAR-gamma,MCF7,100,100000000.0,8.0,8.0,8.0,100000000.0,100000000.0,100000000.0,1,76,76.0,0,0.0,100,100.0,76,76.0,True,"1e+8 [1e+8, 1e+8]"
SR,residualized,SR-ARE,HA1E,100,100000000.0,1.375,8.0,8.0,100000000.0,1.0,100000000.0,6,98,98.0,0,0.0,72,72.0,72,72.0,True,"1e+8 [23.7, 1e+8]"
SR,residualized,SR-ARE,HEPG2,100,3.162277660168379,0.0,0.49999999999999994,1.0,3.162277660168379,0.3162277660168379,100000000.0,8,91,91.0,0,0.0,10,10.0,11,11.0,True,"3.16 [1e+0, 1e+1]"
SR,residualized,SR-ARE,HT29,100,100000000.0,8.0,8.0,8.0,100000000.0,0.3162277660168379,100000000.0,7,93,93.0,0,0.0,80,80.0,77,77.0,True,"1e+8 [1e+8, 1e+8]"
SR,residualized,SR-ARE,MCF7,100,100000000.0,1.0,8.0,8.0,100000000.0,0.0999999999999999,100000000.0,6,97,97.0,0,0.0,74,74.0,74,74.0,True,"1e+8 [1e+1, 1e+8]"
SR,residualized,SR-ATAD5,HA1E,100,100000000.0,8.0,8.0,8.0,100000000.0,0.3162277660168379,100000000.0,4,89,89.0,0,0.0,93,93.0,83,83.0,True,"1e+8 [1e+8, 1e+8]"
SR,residualized,SR-ATAD5,HEPG2,100,100000000.0,8.0,8.0,8.0,100000000.0,0.3162277660168379,100000000.0,5,97,97.0,0,0.0,90,90.0,89,89.0,True,"1e+8 [1e+8, 1e+8]"
SR,residualized,SR-ATAD5,HT29,100,100000000.0,8.0,8.0,8.0,100000000.0,0.0999999999999999,100000000.0,6,87,87.0,0,0.0,84,84.0,74,74.0,True,"1e+8 [1e+8, 1e+8]"
SR,residualized,SR-ATAD5,MCF7,100,100000000.0,8.0,8.0,8.0,100000000.0,0.0999999999999999,100000000.0,4,89,89.0,0,0.0,92,92.0,83,83.0,True,"1e+8 [1e+8, 1e+8]"
SR,residualized,SR-HSE,HA1E,100,100000000.0,6.625,8.0,8.0,100000000.0,0.0999999999999999,100000000.0,6,96,96.0,0,0.0,75,75.0,74,74.0,True,"1e+8 [4.22e+06, 1e+8]"
SR,residualized,SR-HSE,HEPG2,100,100000000.0,8.0,8.0,8.0,100000000.0,0.3162277660168379,100000000.0,7,99,99.0,0,0.0,81,81.0,82,82.0,True,"1e+8 [1e+8, 1e+8]"
SR,residualized,SR-HSE,HT29,100,100000000.0,8.0,8.0,8.0,100000000.0,0.3162277660168379,100000000.0,4,94,94.0,0,0.0,91,91.0,85,85.0,True,"1e+8 [1e+8, 1e+8]"
SR,residualized,SR-HSE,MCF7,100,100000000.0,8.0,8.0,8.0,100000000.0,0.3162277660168379,100000000.0,4,99,99.0,0,0.0,85,85.0,84,84.0,True,"1e+8 [1e+8, 1e+8]"
SR,residualized,SR-MMP,HA1E,100,1.0,0.0,0.49999999999999994,1.0,3.162277660168379,0.3162277660168379,100000000.0,7,87,87.0,0,0.0,11,11.0,11,11.0,True,"3.16 [1e+0, 1e+1]"
SR,residualized,SR-MMP,HEPG2,100,1.0,0.0,0.0,0.49999999999999994,1.0,0.3162277660168379,100000000.0,6,87,87.0,0,0.0,10,10.0,10,10.0,True,"1e+0 [1e+0, 3.16]"
SR,residualized,SR-MMP,HT29,100,1.0,-0.5000000000000001,0.0,0.49999999999999994,1.0,0.0999999999999999,100000000.0,8,93,93.0,0,0.0,5,5.0,5,5.0,True,"1e+0 [0.316, 3.16]"
SR,residualized,SR-MMP,MCF7,100,0.3162277660168379,-0.5000000000000001,-0.5000000000000001,0.0,0.31622776601683783,0.0999999999999999,100000000.0,6,84,84.0,0,0.0,12,12.0,12,12.0,True,"0.316 [0.316, 1e+0]"
SR,residualized,SR-p53,HA1E,100,100000000.0,0.49999999999999994,8.0,8.0,100000000.0,0.3162277660168379,100000000.0,8,96,96.0,0,0.0,59,59.0,60,60.0,True,"1e+8 [3.16, 1e+8]"
SR,residualized,SR-p53,HEPG2,100,100000000.0,0.49999999999999994,8.0,8.0,100000000.0,0.3162277660168379,100000000.0,7,95,95.0,0,0.0,60,60.0,60,60.0,True,"1e+8 [3.16, 1e+8]"
SR,residualized,SR-p53,HT29,100,1.0,0.0,0.24999999999999997,3.875,1.7782794100389228,0.0999999999999999,100000000.0,8,97,97.0,0,0.0,25,25.0,26,26.0,True,"1.78 [1e+0, 7.5e+03]"
SR,residualized,SR-p53,MCF7,100,100000000.0,0.0,0.49999999999999994,8.0,3.162277660168379,0.0999999999999999,100000000.0,8,98,98.0,0,0.0,36,36.0,37,37.0,True,"3.16 [1e+0, 1e+8]"
NR,standardized,NR-AR,HA1E,100,100000000.0,8.0,8.0,8.0,100000000.0,1.0,100000000.0,4,91,91.0,0,0.0,96,96.0,88,88.0,True,"1e+8 [1e+8, 1e+8]"
NR,standardized,NR-AR,HEPG2,100,100000000.0,8.0,8.0,8.0,100000000.0,100000000.0,100000000.0,1,30,30.0,0,0.0,100,100.0,30,30.0,True,"1e+8 [1e+8, 1e+8]"
NR,standardized,NR-AR,HT29,100,100000000.0,8.0,8.0,8.0,100000000.0,100000000.0,100000000.0,1,63,63.0,0,0.0,100,100.0,63,63.0,True,"1e+8 [1e+8, 1e+8]"
NR,standardized,NR-AR,MCF7,100,100000000.0,8.0,8.0,8.0,100000000.0,3.162277660168379,100000000.0,2,87,87.0,0,0.0,99,99.0,86,86.0,True,"1e+8 [1e+8, 1e+8]"
NR,standardized,NR-AR-LBD,HA1E,100,100000000.0,8.0,8.0,8.0,100000000.0,100000000.0,100000000.0,1,72,72.0,0,0.0,100,100.0,72,72.0,True,"1e+8 [1e+8, 1e+8]"
NR,standardized,NR-AR-LBD,HEPG2,100,100000000.0,8.0,8.0,8.0,100000000.0,10.0,100000000.0,2,84,84.0,0,0.0,99,99.0,83,83.0,True,"1e+8 [1e+8, 1e+8]"
NR,standardized,NR-AR-LBD,HT29,100,100000000.0,8.0,8.0,8.0,100000000.0,3.162277660168379,100000000.0,3,100,100.0,0,0.0,98,98.0,98,98.0,True,"1e+8 [1e+8, 1e+8]"
NR,standardized,NR-AR-LBD,MCF7,100,100000000.0,8.0,8.0,8.0,100000000.0,0.3162277660168379,100000000.0,7,97,97.0,0,0.0,77,77.0,77,77.0,True,"1e+8 [1e+8, 1e+8]"
NR,standardized,NR-AhR,HA1E,100,100000000.0,8.0,8.0,8.0,100000000.0,3.162277660168379,100000000.0,3,90,90.0,0,0.0,95,95.0,85,85.0,True,"1e+8 [1e+8, 1e+8]"
NR,standardized,NR-AhR,HEPG2,100,100000000.0,8.0,8.0,8.0,100000000.0,1.0,100000000.0,5,96,96.0,0,0.0,89,89.0,87,87.0,True,"1e+8 [1e+8, 1e+8]"
NR,standardized,NR-AhR,HT29,100,100000000.0,8.0,8.0,8.0,100000000.0,10.0,100000000.0,3,65,65.0,0,0.0,98,98.0,63,63.0,True,"1e+8 [1e+8, 1e+8]"
NR,standardized,NR-AhR,MCF7,100,100000000.0,8.0,8.0,8.0,100000000.0,1.0,100000000.0,3,95,95.0,0,0.0,97,97.0,93,93.0,True,"1e+8 [1e+8, 1e+8]"
NR,standardized,NR-Aromatase,HA1E,100,100000000.0,8.0,8.0,8.0,100000000.0,3.162277660168379,100000000.0,6,99,99.0,0,0.0,76,76.0,77,77.0,True,"1e+8 [1e+8, 1e+8]"
NR,standardized,NR-Aromatase,HEPG2,100,100000000.0,8.0,8.0,8.0,100000000.0,1.0,100000000.0,6,96,96.0,0,0.0,77,77.0,74,74.0,True,"1e+8 [1e+8, 1e+8]"
NR,standardized,NR-Aromatase,HT29,100,100000000.0,8.0,8.0,8.0,100000000.0,1.0,100000000.0,5,95,95.0,0,0.0,85,85.0,81,81.0,True,"1e+8 [1e+8, 1e+8]"
NR,standardized,NR-Aromatase,MCF7,100,100000000.0,1.0,8.0,8.0,100000000.0,1.0,100000000.0,7,99,99.0,0,0.0,65,65.0,66,66.0,True,"1e+8 [1e+1, 1e+8]"
NR,standardized,NR-ER,HA1E,100,100000000.0,8.0,8.0,8.0,100000000.0,100.0,100000000.0,2,70,70.0,0,0.0,99,99.0,69,69.0,True,"1e+8 [1e+8, 1e+8]"
NR,standardized,NR-ER,HEPG2,100,100000000.0,8.0,8.0,8.0,100000000.0,31.6227766016838,100000000.0,2,55,55.00000000000001,0,0.0,99,99.0,54,54.0,True,"1e+8 [1e+8, 1e+8]"
NR,standardized,NR-ER,HT29,100,100000000.0,8.0,8.0,8.0,100000000.0,100000000.0,100000000.0,1,83,83.0,0,0.0,100,100.0,83,83.0,True,"1e+8 [1e+8, 1e+8]"
NR,standardized,NR-ER,MCF7,100,100000000.0,8.0,8.0,8.0,100000000.0,3.162277660168379,100000000.0,3,92,92.0,0,0.0,97,97.0,89,89.0,True,"1e+8 [1e+8, 1e+8]"
NR,standardized,NR-ER-LBD,HA1E,100,100000000.0,8.0,8.0,8.0,100000000.0,10.0,100000000.0,2,36,36.0,0,0.0,99,99.0,35,35.0,True,"1e+8 [1e+8, 1e+8]"
NR,standardized,NR-ER-LBD,HEPG2,100,100000000.0,8.0,8.0,8.0,100000000.0,100000000.0,100000000.0,1,33,33.0,0,0.0,100,100.0,33,33.0,True,"1e+8 [1e+8, 1e+8]"
NR,standardized,NR-ER-LBD,HT29,100,100000000.0,8.0,8.0,8.0,100000000.0,100000000.0,100000000.0,1,98,98.0,0,0.0,100,100.0,98,98.0,True,"1e+8 [1e+8, 1e+8]"
NR,standardized,NR-ER-LBD,MCF7,100,100000000.0,0.0,8.0,8.0,100000000.0,0.3162277660168379,100000000.0,5,98,98.0,0,0.0,60,60.0,60,60.0,True,"1e+8 [1e+0, 1e+8]"
NR,standardized,NR-PPAR-gamma,HA1E,100,100000000.0,8.0,8.0,8.0,100000000.0,100000000.0,100000000.0,1,77,77.0,0,0.0,100,100.0,77,77.0,True,"1e+8 [1e+8, 1e+8]"
NR,standardized,NR-PPAR-gamma,HEPG2,100,100000000.0,8.0,8.0,8.0,100000000.0,100000000.0,100000000.0,1,58,57.99999999999999,0,0.0,100,100.0,58,57.99999999999999,True,"1e+8 [1e+8, 1e+8]"
NR,standardized,NR-PPAR-gamma,HT29,100,100000000.0,8.0,8.0,8.0,100000000.0,0.3162277660168379,100000000.0,4,64,64.0,0,0.0,97,97.0,61,61.0,True,"1e+8 [1e+8, 1e+8]"
NR,standardized,NR-PPAR-gamma,MCF7,100,100000000.0,8.0,8.0,8.0,100000000.0,100000000.0,100000000.0,1,87,87.0,0,0.0,100,100.0,87,87.0,True,"1e+8 [1e+8, 1e+8]"
SR,standardized,SR-ARE,HA1E,100,100000000.0,6.625,8.0,8.0,100000000.0,3.162277660168379,100000000.0,6,99,99.0,0,0.0,75,75.0,75,75.0,True,"1e+8 [4.22e+06, 1e+8]"
SR,standardized,SR-ARE,HEPG2,100,10.0,0.49999999999999994,1.0,1.5,10.0,1.0,100000000.0,6,92,92.0,0,0.0,10,10.0,10,10.0,True,"1e+1 [3.16, 31.6]"
SR,standardized,SR-ARE,HT29,100,100000000.0,8.0,8.0,8.0,100000000.0,1.0,100000000.0,6,93,93.0,0,0.0,76,76.0,72,72.0,True,"1e+8 [1e+8, 1e+8]"
SR,standardized,SR-ARE,MCF7,100,100000000.0,1.0,8.0,8.0,100000000.0,0.3162277660168379,100000000.0,8,93,93.0,0,0.0,67,67.0,68,68.0,True,"1e+8 [1e+1, 1e+8]"
SR,standardized,SR-ATAD5,HA1E,100,100000000.0,8.0,8.0,8.0,100000000.0,1.0,100000000.0,4,91,91.0,0,0.0,92,92.0,83,83.0,True,"1e+8 [1e+8, 1e+8]"
SR,standardized,SR-ATAD5,HEPG2,100,100000000.0,8.0,8.0,8.0,100000000.0,1.0,100000000.0,7,98,98.0,0,0.0,83,83.0,82,82.0,True,"1e+8 [1e+8, 1e+8]"
SR,standardized,SR-ATAD5,HT29,100,100000000.0,8.0,8.0,8.0,100000000.0,0.3162277660168379,100000000.0,6,87,87.0,0,0.0,83,83.0,74,74.0,True,"1e+8 [1e+8, 1e+8]"
SR,standardized,SR-ATAD5,MCF7,100,100000000.0,8.0,8.0,8.0,100000000.0,0.3162277660168379,100000000.0,5,90,90.0,0,0.0,86,86.0,77,77.0,True,"1e+8 [1e+8, 1e+8]"
SR,standardized,SR-HSE,HA1E,100,100000000.0,8.0,8.0,8.0,100000000.0,0.3162277660168379,100000000.0,6,97,97.0,0,0.0,76,76.0,74,74.0,True,"1e+8 [1e+8, 1e+8]"
SR,standardized,SR-HSE,HEPG2,100,100000000.0,8.0,8.0,8.0,100000000.0,1.0,100000000.0,6,100,100.0,0,0.0,80,80.0,80,80.0,True,"1e+8 [1e+8, 1e+8]"
SR,standardized,SR-HSE,HT29,100,100000000.0,8.0,8.0,8.0,100000000.0,1.0,100000000.0,4,89,89.0,0,0.0,94,94.0,83,83.0,True,"1e+8 [1e+8, 1e+8]"
SR,standardized,SR-HSE,MCF7,100,100000000.0,8.0,8.0,8.0,100000000.0,1.0,100000000.0,5,96,96.0,0,0.0,90,90.0,86,86.0,True,"1e+8 [1e+8, 1e+8]"
SR,standardized,SR-MMP,HA1E,100,3.162277660168379,0.49999999999999994,0.49999999999999994,1.0,3.162277660168379,1.0,100000000.0,8,87,87.0,0,0.0,6,6.0,6,6.0,True,"3.16 [3.16, 1e+1]"
SR,standardized,SR-MMP,HEPG2,100,3.162277660168379,0.49999999999999994,1.0,1.0,10.0,1.0,100000000.0,7,91,91.0,0,0.0,10,10.0,12,12.0,True,"1e+1 [3.16, 1e+1]"
SR,standardized,SR-MMP,HT29,100,3.162277660168379,0.49999999999999994,0.49999999999999994,1.0,3.162277660168379,0.3162277660168379,100000000.0,8,90,90.0,0,0.0,6,6.0,6,6.0,True,"3.16 [3.16, 1e+1]"
SR,standardized,SR-MMP,MCF7,100,1.0,0.0,0.49999999999999994,0.49999999999999994,3.162277660168379,0.3162277660168379,100000000.0,7,91,91.0,0,0.0,5,5.0,5,5.0,True,"3.16 [1e+0, 3.16]"
SR,standardized,SR-p53,HA1E,100,100000000.0,1.0,8.0,8.0,100000000.0,1.0,100000000.0,7,95,95.0,0,0.0,51,51.0,51,51.0,True,"1e+8 [1e+1, 1e+8]"
SR,standardized,SR-p53,HEPG2,100,100000000.0,1.0,5.75,8.0,562341.3251903491,1.0,100000000.0,8,96,96.0,0,0.0,50,50.0,51,51.0,True,"5.62e+05 [1e+1, 1e+8]"
SR,standardized,SR-p53,HT29,100,3.162277660168379,0.49999999999999994,1.0,2.0,10.0,0.3162277660168379,100000000.0,8,97,97.0,0,0.0,23,23.0,24,24.0,True,"1e+1 [3.16, 1e+2]"
SR,standardized,SR-p53,MCF7,100,3.162277660168379,0.49999999999999994,0.75,2.0,5.623413251903491,0.3162277660168379,100000000.0,8,94,94.0,0,0.0,23,23.0,24,24.0,True,"5.62 [3.16, 1e+2]"
